,sha1,project
0,0000b245ec6ef0930251d1efab26a5229976c38b,ngageoint_opensphere
1,00052f288aaa70859ca3bdfcdd1f2c7285059233,ngageoint_opensphere
2,00085e0d5e7b3792665f22699ec86d8d84cbbb6c,ngageoint_opensphere
3,000aeca66ee0660ada436aee95047c8c17f2dfb7,ngageoint_opensphere
4,00116a2b09671ab1f38fd5d78e8837335fbf591f,ngageoint_opensphere
5,001552ecebecebaa9545da3fbe138ac1d16e27ce,ngageoint_opensphere
6,0016ff0aeb104b84a725237fc9a96b03e40bdc6c,ngageoint_opensphere
7,001ff8a20f89ba6937a6eba944466c3d06464a05,ngageoint_opensphere
8,0030efe26c3dff08afaa7859cce041c2a6ea8976,ngageoint_opensphere
9,00319ed272ea0b7364d9485e83e01096d09e4102,ngageoint_opensphere
10,0034445c7671d0ddd58250185d5f7973518dc1b5,ngageoint_opensphere
11,00353f96fdfbb6fad738065002355c36afcd8551,ngageoint_opensphere
12,003b8feaae29b65913de0a4c0635009c10efb67a,ngageoint_opensphere
13,003d42377f6230586dc807d9edd14c92cbb15ba0,ngageoint_opensphere
14,00401e0b38c931e2b471316df4ff09f315b5f0de,ngageoint_opensphere
15,0041e227e4f5373fe70c7ddf9bf9ca0b5caeb4de,ngageoint_opensphere
16,0044d863e4caa6f2a904150e5b6b8ce72ace8a14,ngageoint_opensphere
17,0045ceddd0c5d6c0ef4582d18ab4c2054f1732df,ngageoint_opensphere
18,004732b757494c92b6dc8a52d1639b4aeab72649,ngageoint_opensphere
19,004776ad2f4881f007edc74484f21ea175082a07,ngageoint_opensphere
20,004778622947dff3e5f38e4220a276cf7c8424a9,ngageoint_opensphere
21,004d103d37ec8a0d13867fd0d220dbf017d4a2f1,ngageoint_opensphere
22,005197739dc24d6fe21ab789b9037d96f9a1cfcd,ngageoint_opensphere
23,0059df588acb4427d61ea10c61d0e40a65499099,ngageoint_opensphere
24,0062edb585c082ada5710ba67919d1dc8e84bee0,ngageoint_opensphere
25,00631e49b537cafc7284d479a138844cc999127d,ngageoint_opensphere
26,00648cde7ad89432f5ee6d2c72f459e5262ea6ab,ngageoint_opensphere
27,0065dd812e78fa35ff5330a0f492fc025a83fe40,ngageoint_opensphere
28,006b53deea373b6ac8570908b1f02b7145d495f5,ngageoint_opensphere
29,006e2946a2cd601e95f68ec29ee25fde4eee3a93,ngageoint_opensphere
30,006efcf21f1ff5d45cafd5dea720101ebbfcc3e0,ngageoint_opensphere
31,00710c1adf1362287d4be4bae0670c215e46a6f2,ngageoint_opensphere
32,0077ae9cf7e2f5a519382980d3320b8892bbf1b0,ngageoint_opensphere
33,0077e61bb4413e7f476d22e95c5e88b9d50be154,ngageoint_opensphere
34,007c316b14145a6b5af3df13dedb7f5c6d6abf34,ngageoint_opensphere
35,007cbf168e1b216b6f87e5a55f03f85dc5c0e07e,ngageoint_opensphere
36,007d4145dc7083e50e453ce9a76ba4b6e2e2e604,ngageoint_opensphere
37,008848f6253d9d65d27ef49510db6e340aa05987,ngageoint_opensphere
38,008d0f7f186df646b5e0ed7669c14100e8395f0c,ngageoint_opensphere
39,00918da17deee2e5c124f8766dcab54715fcf037,ngageoint_opensphere
40,0097a9fa5b2762fe3c0669e3eb5c6dec3c1a7544,ngageoint_opensphere
41,0098631858cb572127d541ebaed5241ecd06bc04,ngageoint_opensphere
42,009c4b7038625b8e1b40ff4e9ea3269bd21fd0d6,ngageoint_opensphere
43,009c8c18d4b0d8d9bd5a958f87e6b9fa36313874,ngageoint_opensphere
44,00a5361904b3ac384292641eb4ce899fdaca93e0,ngageoint_opensphere
45,00ab6038442fa4170c2ad6227808d28d1832b56a,ngageoint_opensphere
46,00ad001826b4db6381705b12c28df5674e2d331b,ngageoint_opensphere
47,00ae435708e2be1353fd2bfaed4b91cc08a98490,ngageoint_opensphere
48,00b1639c1dff4e24ce3e124f8ace65bf2577496d,ngageoint_opensphere
49,00bfe3cc40ca36d03e659c613ddfc2f2c3ce6a65,ngageoint_opensphere
50,00c3ee5cfeb9fa8166c78829d2e24968cb18c452,ngageoint_opensphere
51,00c7b1f39b44b3350a762b94dc5bdaa119d73e81,ngageoint_opensphere
52,00c99d3a025945df2f95dd92daa8a3cafbcecdf4,ngageoint_opensphere
53,00cb006e123355975159a18cb1ed511acfa0ca4b,ngageoint_opensphere
54,00cf151d5f46772405896940e8e2781582468987,ngageoint_opensphere
55,00d698048e74513e2342a2b372792281118ff2b7,ngageoint_opensphere
56,00d6a2f312a055905eae82f1f8fc3055323e3323,ngageoint_opensphere
57,00df86ae9d93f456b4b249948d3eaeeefa845a40,ngageoint_opensphere
58,00e297ecad480c4ec411e68a48c389684905b74e,ngageoint_opensphere
59,00edf96aebb27713c359207a6201434a92578f43,ngageoint_opensphere
60,00ee3c2ffaa983ac60d843c3e3a03cd3c65ed125,ngageoint_opensphere
61,00f2d249689548d448895587660a16e17d2f7304,ngageoint_opensphere
62,01022f7033ec986d7b746464752cce9d1c276442,ngageoint_opensphere
63,0107e5c9574c21ea8184ee31852691728514769b,ngageoint_opensphere
64,011321bd01c03df679d9e9dd39c7bafe1a91f100,ngageoint_opensphere
65,0116c676be86014a9c97af04851e7270e24bf3d0,ngageoint_opensphere
66,0117acf8e5318669532c0ba34304534436a3bbfb,ngageoint_opensphere
67,011f8fece34ebd6278de988e014ef9eab49b10f3,ngageoint_opensphere
68,01207a364f4fc481091b5006a9500906abfe1382,ngageoint_opensphere
69,012f53e257ff8148b616ae1ed2b925bfdc6ce77d,ngageoint_opensphere
70,012f632a173407c13307ec35f778963204063211,ngageoint_opensphere
71,0133e32c411e9839767b8dfbdfefcec24860d738,ngageoint_opensphere
72,0135000bad9f815ce6b9b5edcd14bfa2b666b049,ngageoint_opensphere
73,01362bfa0f4c3fcc5fc9a44b8d6a74e46cf73a33,ngageoint_opensphere
74,013800b933dfdf659050ba1fab8f5f89fbbbead2,ngageoint_opensphere
75,013dc5b2f3e2afd843929a387d1b779959a69b7a,ngageoint_opensphere
76,013f556d1a901d24620dc10f7cea19d207a94f60,ngageoint_opensphere
77,014acfe9b32f787686407f29866d18ca56481fc5,ngageoint_opensphere
78,014bed722f4465e9489f1a7a9022548251418c8a,ngageoint_opensphere
79,014f7e37cb34dd5673d2952159a287c327d1b83b,ngageoint_opensphere
80,01578b34d1cc80321612cb99881b5bd1f2f35e74,ngageoint_opensphere
81,01596f75a4a4050edc043cc2841ef9e7af4fc1de,ngageoint_opensphere
82,015e78d802d280bd8ba3d772404dd95082cc2ee4,ngageoint_opensphere
83,016501d05cac9b355bdd0edcd06c97676c45b657,ngageoint_opensphere
84,0165405881458cd7a26c3e8db5813cfec7718dfc,ngageoint_opensphere
85,0170d5a53268ad0c268ce50e83963f8868ce1dfc,ngageoint_opensphere
86,017eb836d928440f670a69bf8cad7a792876222e,ngageoint_opensphere
87,01827654fa9dc8d3bfa9773d4f289098bf4a2287,ngageoint_opensphere
88,0185e63540623e86725a5314a43ec497bb476ebb,ngageoint_opensphere
89,0185fd9afb555836c715b4b621126c0d73ead350,ngageoint_opensphere
90,018e544c1b5f3685470b894f50fcbb9e15ac8a31,ngageoint_opensphere
91,01907cd35251fc4d1b8d01f7ac4336568f3dd8a3,ngageoint_opensphere
92,019093827c314d1adf747216b31210ed4a8a37e6,ngageoint_opensphere
93,01951ddf5a01646e2d3ff55a528b350d493266b6,ngageoint_opensphere
94,019a390358b0a78c6dc380749531fe475fbef2fc,ngageoint_opensphere
95,019e4ae2d3fa59eeda5f130ee1cc0d5569a83c14,ngageoint_opensphere
96,01a16e161e804f06eb0448bf07a925ef0192d4df,ngageoint_opensphere
97,01a76111e05249d3f32368937a621e4b6b3ba7f4,ngageoint_opensphere
98,01a8e4c1b10b97865a87cdf06ecee5595e9bda1c,ngageoint_opensphere
99,01a9cf975346ae25d67653a45bf8539a99d58273,ngageoint_opensphere
100,01a9e2acc57c26bcdc39be84fd54f09ebc8bd8d7,ngageoint_opensphere
101,01aa1de3fd7eea41f6f2e2465cbef9e38ce8e59b,ngageoint_opensphere
102,01abe73930afd064ac7a139e9dc243ce62e3f231,ngageoint_opensphere
103,01ae103992945581d385b50f2969dd44cf4c6aed,ngageoint_opensphere
104,01ae4a946444c4e4e5c4cf7e70f33cf3b49e9595,ngageoint_opensphere
105,01b327c0a63f50225bb00cbf12da036961a13041,ngageoint_opensphere
106,01bab19ef8ed45c1621b87afbbfdb6db9c72eabd,ngageoint_opensphere
107,01bad7deb0c31567a81fa6cd46f21e5ea0253108,ngageoint_opensphere
108,01bb826868e92deac8d552a2b68a0bf45b8b2c56,ngageoint_opensphere
109,01bfc8c2d7b19b4986fe47dc00f2dc9d272a64df,ngageoint_opensphere
110,01c0c287356da67e31ec9af63d2f69e6287a6627,ngageoint_opensphere
111,01c0ed36e1827560fc4a31fcf653cb79048696a1,ngageoint_opensphere
112,01c3ac9d363a90780ca41324dd71451e754d3ca9,ngageoint_opensphere
113,01c78ed1f765fc3de8a3504ff79a6af5f86a949e,ngageoint_opensphere
114,01ccaab0ba5408fcc42f5eb76ee644d70b22dd35,ngageoint_opensphere
115,01d2740c4cb42f88426b4b1fc1b138a9d760f408,ngageoint_opensphere
116,01d91b7b6236ed99d00af474d008574a2980fd4d,ngageoint_opensphere
117,01daa13f075544405d768808cd649e6cfeb6b09f,ngageoint_opensphere
118,01dd0bad4f16ab698bcd89b33cb33b12d8342900,ngageoint_opensphere
119,01de0e0a58ecdaedb59523e7dd3eac5e60fa01a2,ngageoint_opensphere
120,01e68ebd8c7221e79a235b615aed6c87f7b461ec,ngageoint_opensphere
121,01e77f88b5a3445cb687305b17743a06e1c74ec3,ngageoint_opensphere
122,01e84d33f887d4d09321995efc3a1fe43bf69a7e,ngageoint_opensphere
123,01eabdb551e2bdb051e3b86f5547c9377b0341ff,ngageoint_opensphere
124,01f45b91a2410ae68e570b0bcfc06abbc58fc6da,ngageoint_opensphere
125,01facd59919dc11323e75fe490f7b05ec03532e1,ngageoint_opensphere
126,01feb6600f38f14e3a8c31897fbae113b89649d4,ngageoint_opensphere
127,01ff5fe9891abd81f808667752aca12404174c68,ngageoint_opensphere
128,01ff70021a365dd286c66a2722e7c1ef99fb642c,ngageoint_opensphere
129,020043dd667b80aaf7f9e4a4b370f489d1bda802,ngageoint_opensphere
130,02009c06162368068892def462cad1c90d67c11e,ngageoint_opensphere
131,02086d245230ebc2b2945a685f447f38f554bbae,ngageoint_opensphere
132,021c2134a1ff7c661ac338ae2871f3720f499dd3,ngageoint_opensphere
133,02260465bbdb094cb2935e07b046e34717643030,ngageoint_opensphere
134,02331de87c6ca23e21a92bcf68fde7a63948776e,ngageoint_opensphere
135,02333697d6a11d32390cb4c08d6db20759e66cb9,ngageoint_opensphere
136,023373cbe3fc820f502db8faf0ebd0bc94a5d640,ngageoint_opensphere
137,023a879d91545624df47c33ab3f2bae1bd2a1ade,ngageoint_opensphere
138,023e397a457ecf6028fd2c4a0f7f7f307abba2c2,ngageoint_opensphere
139,023f0528f0ad3031622b38665198965351435dc2,ngageoint_opensphere
140,0240dc2721513ef6ad76110ec454570b7a841f6a,ngageoint_opensphere
141,02428e9e10e4f7ec217cc3ba1b1646d55dd065e8,ngageoint_opensphere
142,024434f38f1692a1eb6b0c128549686d7e527bae,ngageoint_opensphere
143,02457ef4045cf39bf8a83255a15e8bf6c019e302,ngageoint_opensphere
144,02499b677619ce5ead77ec2973a253146d2910a7,ngageoint_opensphere
145,024ea09bd3b7aa35f23a3c805b869d31f9c64bdb,ngageoint_opensphere
146,0250406e6d1ef3c23e9ece9424d52607fb20cef2,ngageoint_opensphere
147,0252a45c1f0c190a9861016d836b1c0fb5019df5,ngageoint_opensphere
148,0254f38cce8ab724f126084fcd318792e2ab2612,ngageoint_opensphere
149,02555e03e543e6c4923bca4b7fba1c2d50eea5ae,ngageoint_opensphere
150,025ab828c34642c8796baf64e2f31ce2cdaeb9dc,ngageoint_opensphere
151,025dfd8dc5ef1f1c5d3d5d572c7ed485a2a1be88,ngageoint_opensphere
152,026226beec220c7d6388206c26991fc666200689,ngageoint_opensphere
153,02632892a3fa1f8a52747dfeda711ead13e3a699,ngageoint_opensphere
154,026b2494ca194d248db5dd1ec6b41e860052dfcd,ngageoint_opensphere
155,026cd299ea38adfe575ca429a612c0bb5629ddb1,ngageoint_opensphere
156,026ebbb7f37173977445ab6b3dfb633b933bca55,ngageoint_opensphere
157,026fadba85cb40fa170436ce0a6ae0831c18a6f7,ngageoint_opensphere
158,02702b6b6ef9dfe70a719db2095d020d8d239bd6,ngageoint_opensphere
159,0274066937de2c92a695cd376dd3b9a4f9bf66ff,ngageoint_opensphere
160,027dbd3794a49981fcb233eee6c36cf0eb021c3f,ngageoint_opensphere
161,0280c47af3f7d59a1d1c218b5ba98e8939ac1137,ngageoint_opensphere
162,0285d135176a6b55772fb70bc19a5d594e543460,ngageoint_opensphere
163,028d1a9cd563a8cb305363145198503fa98083cc,ngageoint_opensphere
164,028e889aa9d572566fd67db9875c219a343f5dbb,ngageoint_opensphere
165,028eb51a546c6847527e88c25b477ac4c1175c81,ngageoint_opensphere
166,0290a68d14b28931e38a82e7bae363d74481875b,ngageoint_opensphere
167,0299d7bf34b69f9989e4584ab960b82a7f2da87e,ngageoint_opensphere
168,02a51cccde7cfe27c282dd21deaeb9ff16c001eb,ngageoint_opensphere
169,02a9745548ce00ef9250334d4f1ae0f8ae4e863d,ngageoint_opensphere
170,02afc3e4194049bb2994d1c871f22423c39bbf71,ngageoint_opensphere
171,02b1f23c92651cd52a39a502eed827d077d8cab9,ngageoint_opensphere
172,02b7e99e88b45918981a3c94207f337fc5e08cb1,ngageoint_opensphere
173,02b9e58e0b6cc96260217b99e414b5aa8f43dc91,ngageoint_opensphere
174,02baa068ade1d61491f58a65d8e9d2fe20756940,ngageoint_opensphere
175,02bd4a15f0d5f22893d0d275928a80b820ce14f8,ngageoint_opensphere
176,02c1453d618b06f6052591bfcd7abdcee27818d5,ngageoint_opensphere
177,02c4da3bc9ec7e879f4ec67213765d5f62d5612c,ngageoint_opensphere
178,02cb6836fb379d6359fdd419b5140d77c38fdbc2,ngageoint_opensphere
179,02d26828caa1b7ce3538040340084566c8f6e59a,ngageoint_opensphere
180,02d43a67c4a11bb360a8c4b5690afb2248d5c5d8,ngageoint_opensphere
181,02d7d6d1a068c68fc538c95e880deaec11c2426e,ngageoint_opensphere
182,02e0a381856b58cfb16baa7073d184a738a8b79e,ngageoint_opensphere
183,02e2cf252e59a864dceec06032010afa700e89aa,ngageoint_opensphere
184,02e9a3051d4bbd708bb33cd400ecfba090e8ace5,ngageoint_opensphere
185,02ea6331574e8ad855337ca83aa703af2d26f4a9,ngageoint_opensphere
186,02effc5290dac8cb3f39a1c9f067bf4dc40a4b4b,ngageoint_opensphere
187,02fbfd0bb738ec51e65a1f75a727c7cdcb9bce82,ngageoint_opensphere
188,0304fe196ece9a34aaab4bc975a16a18b0040847,ngageoint_opensphere
189,0308a251b8bf6805e26a2600f34865b64eb4f620,ngageoint_opensphere
190,030ba758e87af71469cb9e23355b8590417d3821,ngageoint_opensphere
191,030c8f5bb2d2deb7d02f659cbec62e9e5c48b671,ngageoint_opensphere
192,032023efd170d2ee8d7bd6bbfc39968342e354ca,ngageoint_opensphere
193,03209dfdf2e4bc2fb9663715b717be8c4b1c911b,ngageoint_opensphere
194,0321ecdfdc6426127ea97c547f7505a54fd25b07,ngageoint_opensphere
195,0322eef4a5bdd9cd4822eb49e8850e45bb8cb835,ngageoint_opensphere
196,0328bc7210079f277dfd84f82e32a0a7aab29758,ngageoint_opensphere
197,032a60e4fddcb38c745f679f921bfc20f06ec7d6,ngageoint_opensphere
198,032e0124181ef760d2eb6e24a014b77535541b79,ngageoint_opensphere
199,0335b0a17953ba5af0e47a0cfd186d5db7008175,ngageoint_opensphere
200,034034b37e00b4803cf2bbbab41870899a28d248,ngageoint_opensphere
201,034631d55b38048754e43bf00de880555ca90064,ngageoint_opensphere
202,03465ebc46350c505aec192ded91864aa7403a97,ngageoint_opensphere
203,034bd9e621fc714526662e5b48e10c818bd1eb91,ngageoint_opensphere
204,034ea642721e098309c73896eae1bfe52c0e6291,ngageoint_opensphere
205,03501fcd256121cf6680bb602cb3648893552c1e,ngageoint_opensphere
206,03508599995cca230a86bdc61b3347da1ff0e044,ngageoint_opensphere
207,0350b5802997fa0b6088004e0c28baffca9474f7,ngageoint_opensphere
208,035437b9422d6f04a242cd744b98db312931c110,ngageoint_opensphere
209,0358d877c74c2ea2c624c35def7f3a657cda7092,ngageoint_opensphere
210,035b4993454843de737148a0dd95f081c30522df,ngageoint_opensphere
211,035bcebf6c1a2f19230976a8e0f0f752e33d2c57,ngageoint_opensphere
212,036e9eacfbc7275faa978ca55a43915a56c9f2f4,ngageoint_opensphere
213,036f274c28357937d75b4dfec3b9d4dbce961691,ngageoint_opensphere
214,0375230adc700ddc7b6e543c28e00273319a6676,ngageoint_opensphere
215,037689a49e90fa95c05f62066ae44f2ca7c4c32c,ngageoint_opensphere
216,037c976942d3ee37ef07f0807324e416da2c1b9e,ngageoint_opensphere
217,0381186367aab60dd811c7784a87c80511e64017,ngageoint_opensphere
218,038941eff545c62f02a3457c717d14ab5ec820a9,ngageoint_opensphere
219,0389ab4e47b1edac05ade440d1bd53980252d329,ngageoint_opensphere
220,0390ffd56731e8a1e5c08479f16a980936c8c332,ngageoint_opensphere
221,03925f87ee2a33fd808915f61f4ec4b14f93fe0a,ngageoint_opensphere
222,03937560629cd00d1e951c5e5a704f6abeadb6f0,ngageoint_opensphere
223,0395260392cc2c0a83f3dbb55c75c5a362ef92ba,ngageoint_opensphere
224,03994b26dc174a8ca6d3123afab735039d2b9820,ngageoint_opensphere
225,039f7379fe5615249d280a3aae94e038ec4b7c0d,ngageoint_opensphere
226,03a4f87deac1646bd0b7b40a40477e03f4fc8df0,ngageoint_opensphere
227,03a757b233ce667c051431fb96ae104149a578e4,ngageoint_opensphere
228,03ab393e005a12e1070701143514eedd40328850,ngageoint_opensphere
229,03c1a6f99576d262e6819cc66062b74640ff175e,ngageoint_opensphere
230,03c284fb5577b28dd19c2dfbda0800f69738e414,ngageoint_opensphere
231,03c41736338c7015c3508c0a841db762620887a0,ngageoint_opensphere
232,03c51973c5092020a38689432797c5df9f16860c,ngageoint_opensphere
233,03c7f622b5cc2fcdb1113a62d39d0f847ae05ddb,ngageoint_opensphere
234,03ccf6194523daa0147ac3e8c2c3a945750dfd78,ngageoint_opensphere
235,03d05b5385c77dbc05a46b31a145a9c4c63f4470,ngageoint_opensphere
236,03d6d58cb6976a3e55bd62df9d1bb2b13011b44d,ngageoint_opensphere
237,03d6f5bec18040de23ad609d219f570a0f13e495,ngageoint_opensphere
238,03d78a115e26ee3322605214975262a34a3180b1,ngageoint_opensphere
239,03d79559d96c15c29ffad35ebde7fd23fdb42580,ngageoint_opensphere
240,03e6348e19d923bd617c642234075a01f6c8a0a8,ngageoint_opensphere
241,03ee66abb722cc2ce1d1231014844a4ab3c6743d,ngageoint_opensphere
242,03f58c7af8479cf8ebd63454f55d4d27835e25e7,ngageoint_opensphere
243,03f5ae41e42bcef9a96bcb9ca70e675bf7080e6d,ngageoint_opensphere
244,03f9d6d4d6f0c7408c9a8651f1561f2426c88816,ngageoint_opensphere
245,03fd7deb5f684c58fea37e1c189308b2d7ac1681,ngageoint_opensphere
246,03fe48e2eb136eef313c5f7efcf4518dcb03e250,ngageoint_opensphere
247,04060baa59a06f1aa540af6f6410755845d2ee5a,ngageoint_opensphere
248,0407badaec3691cc742ed56b55271f1b6441f31f,ngageoint_opensphere
249,0408cda082020ae2c9776628f31eb637e40e222a,ngageoint_opensphere
250,04092788216f22bbf3403312a6d930f6f5579088,ngageoint_opensphere
251,040fa9bf315c7c92af3d5803e5b64723efe66172,ngageoint_opensphere
252,0411bfb72e22fe3360d633afb79646f2ef84c666,ngageoint_opensphere
253,04145a18bbef8e8763cf79d61443d93434ff8415,ngageoint_opensphere
254,04205984a2cdffcf73f8803e8c655edcc5812e4c,ngageoint_opensphere
255,0428b4197edf7b7e62eb4cdced4d0d94b52cd8a8,ngageoint_opensphere
256,042c1c663d0c8107c1637931676c3c02da32b6bd,ngageoint_opensphere
257,042dece566fc035a02f225a98852b86b17a29708,ngageoint_opensphere
258,04302cc6886f4cc68c3aacb484f8c30655a8cd8f,ngageoint_opensphere
259,0430e2c79617cbe4be4dde926ab57dab26c5ff9f,ngageoint_opensphere
260,043bdf9b75b75e409b8057dbf2f4bd5e592b0d2f,ngageoint_opensphere
261,043e1aaa9195bf1ed87f703af87457b99731371b,ngageoint_opensphere
262,0443b188f344c411b204b8ab7791190c373d1203,ngageoint_opensphere
263,04460855dcc1e47d4fb64be7041ccb4a4226823b,ngageoint_opensphere
264,04499b1a0f2478c104aa38535dece09da6140d0d,ngageoint_opensphere
265,044abaa7f458b77f7a0cfc3f3193b7049bb214e8,ngageoint_opensphere
266,044e0e8bea9a1e68b09b9f10b62ad4feb4314b87,ngageoint_opensphere
267,0452efd9ea349b7eebbaae16de61ff21a88cb3ee,ngageoint_opensphere
268,0452f08b32018e4f44fea4edcc49fa2db11ff00a,ngageoint_opensphere
269,04570b11fe1e49bf3feed5dd1ea9023ebfd8e488,ngageoint_opensphere
270,045aeacaa1cd0357609d9db6c22aebbbc973e774,ngageoint_opensphere
271,0460e95f8de6a44dad0ab4f785586ac0dee92735,ngageoint_opensphere
272,0463f23666776c5902fb07b173a59e4827fd4fb3,ngageoint_opensphere
273,04662114f7c94f911bb10056feac21e3caa8105f,ngageoint_opensphere
274,047166af0a5ce6978d74e2b8a24774b0f0bf5ed8,ngageoint_opensphere
275,0477c3e5c5ce8039833079f963c4497dcb87a7a5,ngageoint_opensphere
276,047a5cd63be48c484617c837af96c7c159335eaf,ngageoint_opensphere
277,0480005179f327f7a0cca0f60d2cee10877d93ef,ngageoint_opensphere
278,0483e83a067b7e1583c358e794ae47273030cb4e,ngageoint_opensphere
279,0486a037991fc60e7733c5969be22148d324aaa6,ngageoint_opensphere
280,04889ec21c11ba61928afcf464c63926d9fcd3d1,ngageoint_opensphere
281,0488f242c2ad482d20757c60df124f0dfb271c73,ngageoint_opensphere
282,048a577573e97c5857b8610f226631b380572092,ngageoint_opensphere
283,048f368b363b9976b1af06aca5117f0a4cc0e701,ngageoint_opensphere
284,04a11dde832ae8d896143d3d3558c32f003b5d9a,ngageoint_opensphere
285,04a43ce384a4f811dceb24bb17594138dfdb7570,ngageoint_opensphere
286,04a56f5be68daebfb7f2caa5ccfe6a9ce2f95b11,ngageoint_opensphere
287,04ac974a28daef0b8687e5a5e75e9b572c7109d5,ngageoint_opensphere
288,04aeb3409d4cc53fe1758568a1f8fa0415c6fc51,ngageoint_opensphere
289,04afbc3468a200297f823ce8cbabaafb840f8b12,ngageoint_opensphere
290,04b2315001ae80b57d25e0bec1f9a2a68029ac99,ngageoint_opensphere
291,04b35dcedbbbc14cea69b70acb577a4d203aa6a2,ngageoint_opensphere
292,04b5ece62a8957c424a63b40e4d4627838ccd749,ngageoint_opensphere
293,04b74cd55a049964d0162226aff6183ab47faedb,ngageoint_opensphere
294,04b8e32e0044df50d8c36c0d98117bd7873a8dad,ngageoint_opensphere
295,04b96d4e7661eecaa166270e8603064a8b3ebaf0,ngageoint_opensphere
296,04c02cc3e4da312862f98ee9342a7507ef595c5f,ngageoint_opensphere
297,04c6a85cf669ed44f9e1b195ccebbc29cc8f53fd,ngageoint_opensphere
298,04c8d4edcf7c7e18472fe56eecd4cc38d3e3ade4,ngageoint_opensphere
299,04cf9f6cd0f70e7026e4ed967c390843e9f89cff,ngageoint_opensphere
300,04d55ae91f7dd2f0f1952cadd238793f3f3984d2,ngageoint_opensphere
301,04d726389cae80c883bfe9179978ad7941a67024,ngageoint_opensphere
302,04da16d8e16fffccccbd3e724c28ca39f24886a0,ngageoint_opensphere
303,04db685611faf6e758f9eec731f40507998f8c4d,ngageoint_opensphere
304,04e12058446d8a7c4e5c0afd06e9363b41f3acb3,ngageoint_opensphere
305,04e3df9073ed0d7d8d2c75f242cfbb6e71b4f912,ngageoint_opensphere
306,04ec8d448a54200fc58a2ceb9af86e102f15766d,ngageoint_opensphere
307,04f7afdb29f2a9b4f3115fdb2177df716d837b75,ngageoint_opensphere
308,04fd8a02838ba98d8e3dc0548a22f8b4f0ec17d4,ngageoint_opensphere
309,04fd967603ce88aefef05f9f1ee1d065ed9be4aa,ngageoint_opensphere
310,050290013b2adc8ae06f079a4c4a2bb1ac41cd0b,ngageoint_opensphere
311,05075ca9514cb13fb8ffad30192826566b12dc7f,ngageoint_opensphere
312,050f91aed6daafc1f0a1f24f79cd09e4c703a638,ngageoint_opensphere
313,05117cae46807c9946d5e22ab8174abd1e4b4ea1,ngageoint_opensphere
314,0511db95106e8b72f6e7e97db6f5de17a52c1174,ngageoint_opensphere
315,05178e0412fb1cd40f656a4113822482f6cf2fa7,ngageoint_opensphere
316,05183bac8779a399e2276e7beecebf9a9ff34624,ngageoint_opensphere
317,0520c17de1f15f9e6e0d6756b974c3fbed3ddf03,ngageoint_opensphere
318,052225b14a46a4227719593bb7b0a0aa03ef3280,ngageoint_opensphere
319,0522647af91e6ffa85673835ece2b2f380ae4712,ngageoint_opensphere
320,05257556374b8f0550cdf2f6d614d96ce8af4094,ngageoint_opensphere
321,05283c84ab60e98edafcd6f8ea5fae31517c50a7,ngageoint_opensphere
322,0536337deef8673d507bf790f23f60d472b95899,ngageoint_opensphere
323,053a7584e247cb8d9cd3d397571c18ec7d06204f,ngageoint_opensphere
324,0545c315dd1ba5f0ec25cf6076e2ad2972c3eea1,ngageoint_opensphere
325,05465dd41aa0a5166d7f95a2722557952d7ab032,ngageoint_opensphere
326,054c99d3b9ba48c54f594ca11cd340cb06a0a63b,ngageoint_opensphere
327,055379a864c311f0288ed49b350e45618180381c,ngageoint_opensphere
328,055b50be50b520de179bbbe6b5eb215bb1c69fac,ngageoint_opensphere
329,055f0c938c25d2b2e21a4957e1e91fcc25ce7717,ngageoint_opensphere
330,055f6f5d234bb5f920ed98a6b3f0c2b46a8f1da7,ngageoint_opensphere
331,056ffdbfaf6642e5dc2dda965d4e36a0b3af7b2d,ngageoint_opensphere
332,0575197d8cfd72365353ec7b1bcebb3a52ee275a,ngageoint_opensphere
333,0576fc81ac2dba7a55e7b8caed917c293af2f0fe,ngageoint_opensphere
334,0577a6fdffe7d0583cbb2fd6f22cdff95e633a62,ngageoint_opensphere
335,05789464bd72880f1a7ffc2546cde8f9ca2b9f87,ngageoint_opensphere
336,057cf22bcb086cb2e4aa7f83e6958fae12daa03e,ngageoint_opensphere
337,057d23bb6d75368da8d6df1e7a3f4c6bb3f66ef3,ngageoint_opensphere
338,05823eda850411954571104923a0129a67386722,ngageoint_opensphere
339,058882c6008c6c9517aef2c5be86afbc2bc8d820,ngageoint_opensphere
340,058c7d6f0b4fa0c3175f3c341e2786d7fcd72b3b,ngageoint_opensphere
341,059283c3c93b9375dcea4bb6006aab82ddb7dbfb,ngageoint_opensphere
342,059bcffa37096cef59b58eaaf166581e6cae03ef,ngageoint_opensphere
343,05a81e76d13f67e88b8428ae0a40bf86144a62b6,ngageoint_opensphere
344,05abf866ef397213fad2515c710576f2d174204d,ngageoint_opensphere
345,05b28524f33c152ffeae16e70ec023f648846677,ngageoint_opensphere
346,05bbe379c804db4a579d1c3b8345d5db84a4f3ed,ngageoint_opensphere
347,05c1be38b4882c4ddd7fdb65d81c03765edf4064,ngageoint_opensphere
348,05c2ee36d87507bfadb883b1da99423b067f264f,ngageoint_opensphere
349,05c3ffdaea084d8388edb24506e789a8dc503bcb,ngageoint_opensphere
350,05c41f4d54e4b75f61e59980cfdd7daffa3f7b86,ngageoint_opensphere
351,05c703b04153af8592094cd2252804fadb1dd922,ngageoint_opensphere
352,05c789219add5f7cababcb50b40bbca2a39a9bdd,ngageoint_opensphere
353,05cb28b54ab9c4355ae56188a66240dc10fdc60a,ngageoint_opensphere
354,05cf63a6effaeb1ccbc8148223800006aaba800b,ngageoint_opensphere
355,05d36411eff503f8d6f042b06fcc6656fc988c43,ngageoint_opensphere
356,05d54037ddd933eb866a8da18aab861134eec901,ngageoint_opensphere
357,05d710bd663a83bb49b62f922829e41a530897a7,ngageoint_opensphere
358,05d8453a17070afb415365eeca415dc009a3187f,ngageoint_opensphere
359,05de977fce3b2bd7207e03f2d11e03286d326f0d,ngageoint_opensphere
360,05df009cfd9e73dd4cbda29958350645d58cf59f,ngageoint_opensphere
361,05df78daf7509667b739267b827a50e80c13deed,ngageoint_opensphere
362,05e72d162787089b4d8a981ffaa748de9a6889db,ngageoint_opensphere
363,05e795abd28a4001f8fec7f12a0e59c12801fe40,ngageoint_opensphere
364,05e8f1c1b78fc7c6b37a4566ea36f481fbef3444,ngageoint_opensphere
365,05eff4312b98936003a12834df92947928c7751e,ngageoint_opensphere
366,05f1f68b0ee3bc0a3831b8a60a9bd61463fcf36e,ngageoint_opensphere
367,05f7a9fc88e7ee76f6dae4155218681b8b0925ca,ngageoint_opensphere
368,05f83859d4dd7a037f3a5a20180f1d000508658a,ngageoint_opensphere
369,05fc2131bee2fb020887cc4cc3156e8b631c533c,ngageoint_opensphere
370,05fc3a79e87a43270491a866ff522138d9979222,ngageoint_opensphere
371,05ff2a6c31a7d8b9a5d08aa1fd6e3e1c1ec48653,ngageoint_opensphere
372,05ff69a93831b9cba866ca2d15779cb7e77022b4,ngageoint_opensphere
373,0600519eed5a5c5fff907e648713c456fce7cbc1,ngageoint_opensphere
374,06080df187d4766768f803d5d4640688f913c98b,ngageoint_opensphere
375,0608243de3b58b26d4f926f587e56485c4b66a40,ngageoint_opensphere
376,0609879587ccd051fe898c92c7487f73deaf48af,ngageoint_opensphere
377,060a08546c9289e21699f731ce7113bbe4e06a00,ngageoint_opensphere
378,0612e2568ad07850550c514ccafde80d3c4ad77d,ngageoint_opensphere
379,0614c58712390c0c304f8e09e115e8863de36a95,ngageoint_opensphere
380,0614f91a71ccaf11d19d28500b71baab92339154,ngageoint_opensphere
381,0615e75a535221f2d16c719ccf3d0dfe7d6b6237,ngageoint_opensphere
382,061757df6f5e5ae30ceeb9fd7ccbb60d195c2909,ngageoint_opensphere
383,0619fcbfade2ca7edb7ec36997e7450841880e46,ngageoint_opensphere
384,061a1867ef1b9b030e9b6e897717fb8a7f8f091c,ngageoint_opensphere
385,06218c1ff7febce74edb14a5f049bd758d1d737c,ngageoint_opensphere
386,062b92d68b03ab07816fe11d43d63aa1af28f052,ngageoint_opensphere
387,062c3becb217a8d126db70649828efe259eec42e,ngageoint_opensphere
388,064066228a9a4f8b60074d79529de0362b68e7ce,ngageoint_opensphere
389,0642d913f5915ab83be3d388d1d3acc07d316655,ngageoint_opensphere
390,0645e82c118c83a17cb59e109c5f204bbfa706f0,ngageoint_opensphere
391,06479995a958581ada35354a8f67f3fd9414b9d7,ngageoint_opensphere
392,0648676d41fc01c7a6805ee8ebfe5b91f730740a,ngageoint_opensphere
393,064e84ed2d885cc27be74fc92e170d62afe0d5a6,ngageoint_opensphere
394,065bd3d0754ad6cf35ef0798de6a741537c5875c,ngageoint_opensphere
395,065d310b6aa8ccbed5c5efe171c8c797e7a7ce56,ngageoint_opensphere
396,066350329ceb3a74a23b4a0e366412dc43b5a330,ngageoint_opensphere
397,066e989e9846e8c671941ea6dad320a124cd1a75,ngageoint_opensphere
398,06716c7060a93e69e91de62bb47b199050f1b5a5,ngageoint_opensphere
399,06754c5d8a5a931ee2e258270e0f6a353e6b2ea8,ngageoint_opensphere
400,06758e5160b3a35f7e2aaf9dff9452f3ad78fdc5,ngageoint_opensphere
401,067601c3b896e48114037f03367597c786a681bc,ngageoint_opensphere
402,067cd8b048c4b0309f220079881b8f13e094aaf0,ngageoint_opensphere
403,067d82c6698c1bef884b014f5306efacd4676e87,ngageoint_opensphere
404,067e0a07f5ed7edc7b62c44123dc304b14fc412f,ngageoint_opensphere
405,0685fac0596202d158223c202a6d2231b225f6cc,ngageoint_opensphere
406,0688137202d4e54d95c477ea841ac14e9ca174c2,ngageoint_opensphere
407,068e6d2a1e3ec03ebacb89ca04ca3e78597797c3,ngageoint_opensphere
408,0692b003c2794369d0cbab1ab6c94e46d77161d7,ngageoint_opensphere
409,06944b9e41d1f216589bbf00ed6aeff9152c3ad4,ngageoint_opensphere
410,069548b74a16b6dfbf212ae097192353a226f96d,ngageoint_opensphere
411,0697cd5f899a1610d2c647cfdc86d8c655c1b53d,ngageoint_opensphere
412,069aa28eacd8a8987138eef2ff20cd9ece8d7e54,ngageoint_opensphere
413,069c0d53919bdd7982b8053ef3ae10fff29df31c,ngageoint_opensphere
414,069cb081af50857d6fe7005deae47b0840adade5,ngageoint_opensphere
415,06a134f6e5e096f4324e02abbe12d306fe5f43aa,ngageoint_opensphere
416,06a4998d2704b92ab73e4cb2dbc2e1b1d8217d18,ngageoint_opensphere
417,06a518f4b3e3a0c3c3368efaac83334051c88bfe,ngageoint_opensphere
418,06a6d295a4f59e3ccfafa84c5af09ec32cda00ea,ngageoint_opensphere
419,06a9cc900e62405cbe6f1cd408ec9dc378f4baaa,ngageoint_opensphere
420,06ad09a2e73120f8f227138ff830409b05314c1a,ngageoint_opensphere
421,06add985b22df38c85d20d36b4e37dbcfceef443,ngageoint_opensphere
422,06b2e0bc4becc6e5a91b996665c5b435f9439fbb,ngageoint_opensphere
423,06c4029e959c6dfc6f5d147c115d13723e2fe34d,ngageoint_opensphere
424,06c466301341976d1aeea45bd24a204bb83bcbc3,ngageoint_opensphere
425,06c609bbac95a24189c4bab8d89d4e997e4bccae,ngageoint_opensphere
426,06c87582a08670ae76718fadf647f89670efde56,ngageoint_opensphere
427,06ced0112940deaa1c2c1680a4c39957055021b4,ngageoint_opensphere
428,06cf2b008ad9b0fc24c2a9fc1b01c942742938d8,ngageoint_opensphere
429,06cfa206c39db70592b7d5b871db403488a39831,ngageoint_opensphere
430,06d2f4e125254215bfe731dbf78a7a22e3e5e00c,ngageoint_opensphere
431,06dac2ddfaaee551242c162416f38544652872c8,ngageoint_opensphere
432,06e1af4569d9ff2cc66885704d255de67036432b,ngageoint_opensphere
433,06e20b10fafeaa2e6f07c859c7c28997667ad06d,ngageoint_opensphere
434,06e7d6d6726f3092c65d3083d21c1af111ff394e,ngageoint_opensphere
435,06e8c70f2ec54dda29577fb66d663fa9ff36cb9f,ngageoint_opensphere
436,06ec9210979c415f46cc5c21375dc321e645fc66,ngageoint_opensphere
437,06ed46ed2dfaa249f1a010ae5186474cd3a041a8,ngageoint_opensphere
438,06eea704be4d00d6ea61d4adad80234d58c623ec,ngageoint_opensphere
439,06f2dabaa0a59fec1d13d01f955b001888e22fee,ngageoint_opensphere
440,06f79260aa2a69474c92150ade04ff4adfc4bb7a,ngageoint_opensphere
441,06fc4a08898ea4f112f613bae04d2646444bc6d6,ngageoint_opensphere
442,07000b1b359fd1e02065ea24e2b3330118b54179,ngageoint_opensphere
443,0700b57608d9840979af190f5f9cf3ccef023b2d,ngageoint_opensphere
444,0704100faa300238734f3dfdae30cd7c114ecb3c,ngageoint_opensphere
445,07053c24e0c34606e679b43f73c13ac2bd67c8e0,ngageoint_opensphere
446,0707152fcabe95fab56688005fed0acf12a80c59,ngageoint_opensphere
447,0709287f588d57fd7e03211ad2df5b7e6e4a9fc2,ngageoint_opensphere
448,070ce76cb451cdd44ea34b2f6850b0456d6d189a,ngageoint_opensphere
449,07124834e76cdaa40a6494afb049b8c6179dbabc,ngageoint_opensphere
450,07166365ab6deadefc54a8908abd115a58dccebd,ngageoint_opensphere
451,0717b72942c6b6ffead67ed04feee6efa386684b,ngageoint_opensphere
452,071b7ce30c2488072f5014d36b033a998a262922,ngageoint_opensphere
453,071b8100cc23161034ded5bb52e446c74a41f505,ngageoint_opensphere
454,071f7ca4dc08f8d47bc77e9c93c03d29915bd1db,ngageoint_opensphere
455,0720907485d0d842a7aac234d4a2a86749fc812b,ngageoint_opensphere
456,0727a11074a2ad6e142593507bce5d0db697de00,ngageoint_opensphere
457,072fb5f8fd4d109cba200cd8214d1c399c3df765,ngageoint_opensphere
458,073a1dd7c008eaaf0a90e67ac74b1a22dda867a0,ngageoint_opensphere
459,073c2ae079cbc69c54cf71f6d7133fc4a0707fb6,ngageoint_opensphere
460,073d928c75198c1278b9647891258b4b306509ed,ngageoint_opensphere
461,0750dcc8df13d4f82f53db90a7c320d74dc5ed10,ngageoint_opensphere
462,07526677900fa554f10e93e2669835ba57535452,ngageoint_opensphere
463,0754cb59250a24282ea1fa0952c9df14ca5e9dd9,ngageoint_opensphere
464,075b4b24f2529c4086428ec7ec0e3394b91ea2c1,ngageoint_opensphere
465,0765830ca314b2990015c381a6eed479e6997e92,ngageoint_opensphere
466,076f2ae1739a09eeb3c72bec64350c1f2353a986,ngageoint_opensphere
467,0777306c7dbc8532f694124025cd6603d4e941cc,ngageoint_opensphere
468,077d5208369448f4bf40fbaec3c24f081fae0239,ngageoint_opensphere
469,07812d9c67a899b2e7c801ecb2f560a3cd17a12b,ngageoint_opensphere
470,078df3d60e39a330a1a61c76e4adedd39e2b30be,ngageoint_opensphere
471,078fb9b905a2c3e919d9a5f9c5cd0a0db57d17cb,ngageoint_opensphere
472,07918b3090e9d944f80ddedcde796f300fd6e2e9,ngageoint_opensphere
473,079c36517fe29d9c5ed39247f9571170cab8d0f6,ngageoint_opensphere
474,07a25daa21080fd3e630e2232c256b58a18ffb30,ngageoint_opensphere
475,07a55a37283b4d7632018b3eb8c5b4d8cccc64cf,ngageoint_opensphere
476,07a5d065974f04843a351c97ab2b9d57434d95a5,ngageoint_opensphere
477,07a7ea965e0ad9f17cae451e994b475f9cdff973,ngageoint_opensphere
478,07ac0b82b092f6fa1a8203efb32cb12515bcaef7,ngageoint_opensphere
479,07b03f24ee850fbeb3e4247121866c4a837355db,ngageoint_opensphere
480,07b3879b2993caa57616eae17e93dc9a3d811e92,ngageoint_opensphere
481,07b3ebed3fc256a0c45556d185751d6b1b5b37bf,ngageoint_opensphere
482,07b61d5769ecad65cfdf42462207b8be78fa1e7f,ngageoint_opensphere
483,07b6908fa7aacf6ee78ae6cf132c4b5e8f264e48,ngageoint_opensphere
484,07c29d73e5efdadbe7f089b5771375656469868a,ngageoint_opensphere
485,07ca9868a2f06dd38aef8a3f22b43747da0ae980,ngageoint_opensphere
486,07d01cb9f08a24a8383245eaefed78aa467f6a0a,ngageoint_opensphere
487,07d078616ba8003e4dadf6c3112aa2acba6f59fe,ngageoint_opensphere
488,07d1213991c80fdb1ac8976d8295eb28b58887c3,ngageoint_opensphere
489,07d185231dc17764be92c2a6ab3111120f361b11,ngageoint_opensphere
490,07d2bd30dd63d5aabdc92aa0cdab434c724d40aa,ngageoint_opensphere
491,07d783de76e49200d5484c2ffabdac65f9e94a8c,ngageoint_opensphere
492,07df07e0f9fd0a00a257fe946624a8e6524b889b,ngageoint_opensphere
493,07e03dd601db07cbc2b137291556b2e55e328759,ngageoint_opensphere
494,07e405f81d2fb8b5faeb88fe2eb8a8bccfa38094,ngageoint_opensphere
495,07e427cda564ff4fccd97bc9fa93a80ac16c27f3,ngageoint_opensphere
496,07e64eae2371831c6cc47985e0995faa9ddf92e4,ngageoint_opensphere
497,07e67a72b8db1369d8d29847a47c9f5f7f635fef,ngageoint_opensphere
498,07ef2de9a4a97705d46e450b5f820505590ccdc4,ngageoint_opensphere
499,07f21507dd7d9517634ab0717ccfcbff9f576ac7,ngageoint_opensphere
500,07f88c45a9c69536111e0ad6ba40ec5027526219,ngageoint_opensphere
501,07fb8030bc4dda81baf2e2fed269546fedfbae3f,ngageoint_opensphere
502,080270b9738c213d5c829c6b600f34a785a0d4b3,ngageoint_opensphere
503,0803ee01bec3af86214d46c9058e6419d46c8b83,ngageoint_opensphere
504,080a0b94fde8648444bd4e67364f2f6af35487dc,ngageoint_opensphere
505,080fda7252dc6b2936b01f8151b266effc7d948d,ngageoint_opensphere
506,0810a52475afc476d7a94f6e556a0f13a54d61a3,ngageoint_opensphere
507,081416de997213c6c1c76fd8f1528c6edf0f4cc0,ngageoint_opensphere
508,082cba92f23a73b6ddef8aebdb9faa5ac360db01,ngageoint_opensphere
509,0831399274c9b51a98ffd330ebfa629322be84c4,ngageoint_opensphere
510,08335a86cd007cf51e76e8936467c132484a8ddc,ngageoint_opensphere
511,08390a51e73e15943da0b1e43b8f47b82fa4169d,ngageoint_opensphere
512,08396cfe1aea63398fb61624a12c426d012ce5be,ngageoint_opensphere
513,083b5794c0da5d3d9275989c011945e4565fb39d,ngageoint_opensphere
514,08403a00151a0698269510cf4092d8a9d28a4071,ngageoint_opensphere
515,0843cde4e4a9f359bdb91e605e2bc93fe457c8f0,ngageoint_opensphere
516,084e693bf6fbbf9be3163770a25cbbd73a364c03,ngageoint_opensphere
517,0856e1eaf7b9a8ce07719da24d263a0ba591eab1,ngageoint_opensphere
518,085a9ac1985886e42bac38722c72f32eb15d125d,ngageoint_opensphere
519,085daa2f2e8bbba42b1a3c038de5ebfe7c836383,ngageoint_opensphere
520,0861c7f96cec0b1152ad959c93784762422b7b90,ngageoint_opensphere
521,086a40f96f09cee96e3fd1128fe82319f3e8eb6c,ngageoint_opensphere
522,086cb4e3934defdb3258ec227214ad5231740c0b,ngageoint_opensphere
523,08702b7868a91ffa8829e3aa9edf58a758e2e255,ngageoint_opensphere
524,087171accc59c43a1767d6bf75ec97a733c7889a,ngageoint_opensphere
525,087423f092918a3b28137b31bb7278b4e4cc66aa,ngageoint_opensphere
526,087aad93ba52df0bca76b00b1867d40b9b21f2b6,ngageoint_opensphere
527,087b85b0aa4555836f6076ebc741e0fb6f31812c,ngageoint_opensphere
528,087e6f6dcc2437a3dd1c57e467dc1af47a2ee54a,ngageoint_opensphere
529,0880163e67444c25cb24bb91d7e191eb33e5ebd6,ngageoint_opensphere
530,0884c340f9258a2957bf815259a07bd1ec171211,ngageoint_opensphere
531,088ab7e03bae7428ceef2772e3e58d928be83dc2,ngageoint_opensphere
532,08918852538e4820f17e4941fc26c2625646913a,ngageoint_opensphere
533,0896205d1e5ce76604f78239cfa5da48d500fd5c,ngageoint_opensphere
534,089c762fe786fc2b7d707e8ef8c072cf95a95247,ngageoint_opensphere
535,089ea72c3f9f54428e1f68a9bbf2e47793af3ccd,ngageoint_opensphere
536,08a468cbdf953403d3d5b5d5f36c4441d89c7da0,ngageoint_opensphere
537,08aa78abfb6ba66ac8973a517251d941288a67bf,ngageoint_opensphere
538,08b2b11548e4a9e43bede65c5f3ebfc4f8fa3335,ngageoint_opensphere
539,08b2b7869e6cda67c67f3f52b27512fcd2cc771b,ngageoint_opensphere
540,08b7c6571f8e5f2fba6ae41dc774458731cf141b,ngageoint_opensphere
541,08b913221f78a09d7f013e900fe660c563fbfbf2,ngageoint_opensphere
542,08b98d16cd7a9af9f4ca2b0437029a29506f9b25,ngageoint_opensphere
543,08cb59b087b6903b0579b99130aa8df7fe4c1f74,ngageoint_opensphere
544,08d52cccf3a67798c2be50dc015e5d10d4bda06b,ngageoint_opensphere
545,08dcfa6e833d6c4d9e3114d1f49f2a74a5a4adc0,ngageoint_opensphere
546,08dfa7a649c649c71974c1aee75d58ce9297a965,ngageoint_opensphere
547,08e6936b06d462f5756ba637ffbbf4b1b6f9455b,ngageoint_opensphere
548,08e7e206c79b51b723bb92127b2ab6e5dbf23aff,ngageoint_opensphere
549,08eb8952e87bd2ae9b41d53251e0c6bae2ea0bff,ngageoint_opensphere
550,08ec65b09ff57bef8b1b52d0d59c0cd1088c42bf,ngageoint_opensphere
551,08ecab3299eca91783e56379969b5539ec900dd1,ngageoint_opensphere
552,08ef360565be3ed061f21514514a563fe79471d4,ngageoint_opensphere
553,08f3e784e9d96e455b191ea7f688b88a579e07d3,ngageoint_opensphere
554,08f87edb3716f79ce004fc84e5d71f68bd1c99ad,ngageoint_opensphere
555,08fadfc3773b7443e0fc7748a9542a812d79873d,ngageoint_opensphere
556,08ffb63267bbdce4f4bdb7a30a877873e7235c0f,ngageoint_opensphere
557,090209bf5741a9757a76dae4c784718cda9c05d6,ngageoint_opensphere
558,09070d5d6872a162aa9c965275db22d3e07a00cd,ngageoint_opensphere
559,09091e3b1c30115c83b38249b94d064209f50a60,ngageoint_opensphere
560,09112ec3fef7b617465abd7edcef922da5b80425,ngageoint_opensphere
561,091807041207acf1055bf9a7f44060cf2f2cb700,ngageoint_opensphere
562,0919269003bfce73a8da27f36f064094cf68d09b,ngageoint_opensphere
563,091a778cd9add5e5dbf9bee1865fc139f0d6942a,ngageoint_opensphere
564,092148c7afcd628ab1ace1638e35b2ae725f3c09,ngageoint_opensphere
565,0925c732b9b39d0d7bb7ceb6c9ba5a450688fbc5,ngageoint_opensphere
566,0929ed2a7fa117722cf8c9fd32ac019bb37d23db,ngageoint_opensphere
567,092d28b03ecb66bc16fb091acb4cd7e62564be19,ngageoint_opensphere
568,093a881126dba3ecc8ae930349d208ecf1347d08,ngageoint_opensphere
569,093a8e024da85a7d85ffeb679dfd0985594edc79,ngageoint_opensphere
570,094a725850bb578f828d24340d5f2702dc864942,ngageoint_opensphere
571,0956a88dd2213da5646da811889de5cebbcf9562,ngageoint_opensphere
572,095873d3496d6f7830cdf7576928f2c3adec40b8,ngageoint_opensphere
573,09659bdc8ae4baa700cd2dd31abe38b35cf03b82,ngageoint_opensphere
574,096a50f562e1a339f087afd8d1f9be7927ac681a,ngageoint_opensphere
575,0972b7af9bdf2b5cf7207f1023b7e9b920dd3b69,ngageoint_opensphere
576,09756721dc4ab4569bec89fd7ea380943a3b0083,ngageoint_opensphere
577,098116196bf7af7b7af8d1cb2405892371cd7652,ngageoint_opensphere
578,09816ea91be77714a21fa507886fdca8875d337d,ngageoint_opensphere
579,0986c19aa4159fceff3747b94f56d81f8c3e6950,ngageoint_opensphere
580,09874652cade7ee01a1183f31daf9ed5c9499c83,ngageoint_opensphere
581,0987e17a00b484b2cdbcadc5e3d2282fe80f4025,ngageoint_opensphere
582,098e0345070958312240fa1550cbdc55cc7d1380,ngageoint_opensphere
583,09965d8618d46090374f478a2dff278d643dbbea,ngageoint_opensphere
584,09986f72d830fa2371294460b486c8de53d2d567,ngageoint_opensphere
585,09a2269e0adba09cc26626f940b401b27f439567,ngageoint_opensphere
586,09a505440dbf9396ea46219c9768529636fdee3e,ngageoint_opensphere
587,09a9548f3b639b502dfac4059b1655dd733c309c,ngageoint_opensphere
588,09aae0eceff7a8f408fc0be99dd2b2134eb0b179,ngageoint_opensphere
589,09ab3c3cb81f36c85a9d24af88bbe6a655ac2514,ngageoint_opensphere
590,09af2aa71f42bb260bc319ba73e79d2d77c6e7c7,ngageoint_opensphere
591,09b18a1df60bd707bab21c422154f797b8fcbe0f,ngageoint_opensphere
592,09c2e270cc8a445c7d0d9a5de9d3f8cf2b9a685b,ngageoint_opensphere
593,09c64d0c7dc7d495bce202338d496ee6ebe9bbc4,ngageoint_opensphere
594,09c76a493132e26fd8e0cbb881cc42507fcc5e6d,ngageoint_opensphere
595,09ce9002ba04ef09ad70ec8cce5c29e728eba258,ngageoint_opensphere
596,09d226da6d16805a19d969f4edf0bbfbec74c7de,ngageoint_opensphere
597,09da95e2fc905c6a9650dc0779fb076c6e3ddfed,ngageoint_opensphere
598,09dcc841514868dfaec3ae11dad94df3296bafbd,ngageoint_opensphere
599,09def2b74a5b2b96e499c65e21303ada913cb517,ngageoint_opensphere
600,09dfe64d2c8dfcd96f8867ea948bfa84f03233e5,ngageoint_opensphere
601,09e51f153d1ac1778dc65f1a2f86524ca594f0c2,ngageoint_opensphere
602,09e9c117429a904dcd019737dd8417c2b81f28ab,ngageoint_opensphere
603,09eeb6f75b6580667420bfefacbddd4ee013409e,ngageoint_opensphere
604,09ef8c881908381f07a37e3ccd104b152f10ce32,ngageoint_opensphere
605,09f3ef83668e580f8bc94a5d75be468f30d39b8f,ngageoint_opensphere
606,09f6a1421742df02390eb34efd6511277a5e00f9,ngageoint_opensphere
607,09fce68fc243dd474df774630c8cc6d239a8cbf5,ngageoint_opensphere
608,09fd6e570228ec97ec9dc831ec39730e633e36f4,ngageoint_opensphere
609,0a07689fdda9fb6eb0ddca637a5eb5e79734da62,ngageoint_opensphere
610,0a0fadb726e8474a80e92063a14f89d99c265776,ngageoint_opensphere
611,0a1222c9dcf52d6f8d95d686ca04a7a44f9f9376,ngageoint_opensphere
612,0a137967547c0cd55789e460c4f9e4f1ac071de9,ngageoint_opensphere
613,0a1775a6179c0c93e5752e56c0dbcb9874145671,ngageoint_opensphere
614,0a1b1f40574a13f106ffddd9863add2d5104200b,ngageoint_opensphere
615,0a2237187f2aa60a90352cd57b77a4333e8723a0,ngageoint_opensphere
616,0a22cd81e11a8628f622e6e7939f009c9866d9f7,ngageoint_opensphere
617,0a34b8f48f342d903af8abc4b757daeac37b130b,ngageoint_opensphere
618,0a34ebabf78a199eacfa6b6debcdefc740bc8b16,ngageoint_opensphere
619,0a371395cb44f9ecdf20cec6631ae9a5dc06d52c,ngageoint_opensphere
620,0a37b78f62add88f155e39d767aac0f6bc1565b3,ngageoint_opensphere
621,0a3817c20b7953a25e7fc124d0a2804f8d6688cf,ngageoint_opensphere
622,0a4337e3466bdb62360823fdc17bb0fa7a1357e6,ngageoint_opensphere
623,0a4446580c569e64268f67d8e97780fb08569003,ngageoint_opensphere
624,0a455717bb39cf549eaed2208bdc486fa7c7cb1b,ngageoint_opensphere
625,0a4841f8c6810f151b036cc0e240fbce13ca10a0,ngageoint_opensphere
626,0a4897fd9cb81c2b208b60abd1d222fc48fe4d44,ngageoint_opensphere
627,0a54ca567dc69042e57645dcbfafd05b1a463357,ngageoint_opensphere
628,0a5f64fd33cbc6b36fa5560828773ac6bdc0fe97,ngageoint_opensphere
629,0a62239b0cb2d9e10c51127d023d434dc277ef5a,ngageoint_opensphere
630,0a673a5a774d2e25189008e45d76e463e2e22229,ngageoint_opensphere
631,0a6a2c9069f7d4a78d65dfc52b22303fbbdd8ad9,ngageoint_opensphere
632,0a6aa1a7f65e0495c761b2ee8958ee2f82211a81,ngageoint_opensphere
633,0a6ba4ffeca7889b626cf64f1704208ce0f4f014,ngageoint_opensphere
634,0a71a4f44c0a0be09be283d75e392079551f8374,ngageoint_opensphere
635,0a7302dc8c445ded61aa2b97f9d931b6a0d06342,ngageoint_opensphere
636,0a783a09becc05d5e1ee3057fb9252654c162993,ngageoint_opensphere
637,0a7d8a2f42f1bceacc8c9c2ee73efcf0f15e4934,ngageoint_opensphere
638,0a80c0a44443ad2704fecacd88b7fd343d68e781,ngageoint_opensphere
639,0a8466c848844a0278dcba3bacad66bdc72fcd86,ngageoint_opensphere
640,0a937bfb7de96dd6855e945e00a37c126d20ad78,ngageoint_opensphere
641,0a9a8d2ba84927132887420c18319b4097676bda,ngageoint_opensphere
642,0aa26cb3746b218474c6474a21d54f166b0f85ec,ngageoint_opensphere
643,0aa35bb5092f5858cf21a522571c61496e7ea9a8,ngageoint_opensphere
644,0aa4cf303a966b78cde533b89d0c5497209541bb,ngageoint_opensphere
645,0aa6a410c6b294a57815d1f90acf9bb10c52bdbd,ngageoint_opensphere
646,0aa880053749f41a8d181a255e45a8f90b2c2441,ngageoint_opensphere
647,0aaffc936e6dc5360167ce779bf5ef13dc679dcf,ngageoint_opensphere
648,0ab533c94d06bc49808752e375fa54042beb25c8,ngageoint_opensphere
649,0abad5545f8f0d124020939908eb478678e0abf4,ngageoint_opensphere
650,0ac09d5a9c3893df7037343e41ea85cc1e282725,ngageoint_opensphere
651,0ac2686585ba03e46331166602a696451d442301,ngageoint_opensphere
652,0ac62d6ec1e8acde4ccde3c75658727f7b674648,ngageoint_opensphere
653,0ac8a3fd152d86e8cc272e6493ba742eb1b79215,ngageoint_opensphere
654,0acd76e321dfdb1d607c40d2bd0683f5e47b43f9,ngageoint_opensphere
655,0ad17eed171cfa2b05ce1eb50fd9f044fa867977,ngageoint_opensphere
656,0add2cf28b9402fc61a5081a3e1f643589f8b963,ngageoint_opensphere
657,0adee6882f3d14887d7aae084fd0275d3e4bde69,ngageoint_opensphere
658,0ae6f86daf7486175d46166922ab27b3252bf225,ngageoint_opensphere
659,0aed695dd386e42c18b5d5b355b8eb6c1db4861c,ngageoint_opensphere
660,0af4dece89ef682b5679dd6c3c76fa54346b2dd9,ngageoint_opensphere
661,0af716ce39be32233c9a9727941b140a8d3427f1,ngageoint_opensphere
662,0af878bd1b41079e5b8081a25c0356f820e3fb48,ngageoint_opensphere
663,0af922f8324a18489b4c105d1cbb01708766e7cd,ngageoint_opensphere
664,0b0a7c2aea9be67a2688b2035ce15dc2f804c251,ngageoint_opensphere
665,0b117a11f9ae9f69d4cb069643aeba9504dee391,ngageoint_opensphere
666,0b1e7d9d07f90bc8fa130e9b75f0510a3d17c13f,ngageoint_opensphere
667,0b1fc61e52a5d9428cbb4e34e66ac9b1afa5975c,ngageoint_opensphere
668,0b21a9cef333ebf04cb32a3c50ee7b9363fd4c1b,ngageoint_opensphere
669,0b22626634e91b8a87b8b51a5954cd36c86946cd,ngageoint_opensphere
670,0b29b418ce19bb0c2b5fe96c0bd17efff0b01b90,ngageoint_opensphere
671,0b2a16d4f9208c207e13271061cf86acbcbbc1cb,ngageoint_opensphere
672,0b2da130f65a09be57f34e1e80f85d76047f6d71,ngageoint_opensphere
673,0b3694d7e4003e91d8d60cf2c99beacd527710f6,ngageoint_opensphere
674,0b3cbd747dde82e456051f3dbd92095da0caa1bd,ngageoint_opensphere
675,0b3cd28ec55e5e44494048a2006da359e7fc68a1,ngageoint_opensphere
676,0b3eabadbbc8adb95c730a65ff2fcca226dabf57,ngageoint_opensphere
677,0b42defa2f556e8f2bb4969129db80bceef5f448,ngageoint_opensphere
678,0b45dbcea104e98cfa288cd383b72d7693b6bd80,ngageoint_opensphere
679,0b495d5b51d063920a2b025b2d08abc68c824d5a,ngageoint_opensphere
680,0b4a3e015930dae4f5d58b775f911a63eebaa09c,ngageoint_opensphere
681,0b4c2de7de4a71dfd3aa1a7e0ef46b0ca3388659,ngageoint_opensphere
682,0b4f353a51af0665d7a53eff705908c8cca62e63,ngageoint_opensphere
683,0b529e94b75655ffbe5b2006c42085eb3b6d93f3,ngageoint_opensphere
684,0b55858ac19e6e253add6ae214230e15b117dab8,ngageoint_opensphere
685,0b59808bf5927fcf71f17b0e2039f4d139f7335a,ngageoint_opensphere
686,0b59a459b474f722e886555df5c5487c145ba520,ngageoint_opensphere
687,0b6f8915ea170982dae43e45196fbc0e90e4c969,ngageoint_opensphere
688,0b6ff3209f4cc4ce87dcbe3da4a42ca21674339a,ngageoint_opensphere
689,0b70388b61db29ca5d9603d1be0f88e64a05620c,ngageoint_opensphere
690,0b70b1280886304b1baebf375117dbc73854cd4b,ngageoint_opensphere
691,0b75f89f1d7cb99c82e58958f79b8fe6f7763564,ngageoint_opensphere
692,0b7764b4e65d6fa4702a43deff6fc1f7e449a0aa,ngageoint_opensphere
693,0b799d6f32a3af99b10160633a2339ab46bb3cee,ngageoint_opensphere
694,0b800766bf298a8fa23f0c14ea77bd655be2a01b,ngageoint_opensphere
695,0b90208f9e130ec8784239e82feb093ad8f09271,ngageoint_opensphere
696,0b909bb5da8b4b2a40424c18a28b13ae884a2dc5,ngageoint_opensphere
697,0b99592211c707b9befa889a4d9901695e2a0df8,ngageoint_opensphere
698,0b9c8e515bae94bcabc29f00852ae202d5059759,ngageoint_opensphere
699,0b9e385c564d48f6e6b1dd54b370634d8a01a297,ngageoint_opensphere
700,0b9e7d0eba523f880407eee8cf149258b4169a70,ngageoint_opensphere
701,0bab3c810a464043df24b11517db42a1208c059a,ngageoint_opensphere
702,0bb0cb359d9e9a056a691ad123f94fa6852b2363,ngageoint_opensphere
703,0bbaee0dd39c864bc2a4550e41d350523925f312,ngageoint_opensphere
704,0bbba1d6a5db0014fab0ff4da27eaf4888004e9c,ngageoint_opensphere
705,0bbdde413c76bf7d98141e5758727158cab2dd9b,ngageoint_opensphere
706,0bbde684f615ba46f7053db00d08831cc424ca6f,ngageoint_opensphere
707,0bc29185b33a321d17d2f538440d922b9142396f,ngageoint_opensphere
708,0bcb1e7794b75d90259102563bc60efcfc1214ec,ngageoint_opensphere
709,0bcdb68c475bb44d0b3b9f2b0c94dddcfac43f4a,ngageoint_opensphere
710,0bce5da7dc1899d572acb213f5b4062c421fb3b1,ngageoint_opensphere
711,0bd0743b6e18954ed9bf64993af804d7a715f5a0,ngageoint_opensphere
712,0bd10190e2b782e03928c18022d2d2a5dd1ac5da,ngageoint_opensphere
713,0bd1b51726bdfe13e3dec390a46ac7d146490033,ngageoint_opensphere
714,0bd4158220398fd547f0257d965988659cf133eb,ngageoint_opensphere
715,0bd4f0b087c25f3e6d2b25fea9bdddc699eef403,ngageoint_opensphere
716,0bdf182897de75be49ffc9ede27055e6bd73c377,ngageoint_opensphere
717,0bdf8b287d5df876ca6cde5f8a4964c21d417549,ngageoint_opensphere
718,0be49644f266924fb6a9a96c0bcaa06187d1fa9b,ngageoint_opensphere
719,0bf0a54080e369fda214d5189eeadba19053148f,ngageoint_opensphere
720,0bf93dc8eeb1b263956e71dfbdf27650eade2ae1,ngageoint_opensphere
721,0bffcb92af98f25cde7769fd8b9ef1c1fdd27c5f,ngageoint_opensphere
722,0bffe170804a781e5391a68f75034eddb95f2a66,ngageoint_opensphere
723,0c080fedf8471ff71296c4609ed32015789c316c,ngageoint_opensphere
724,0c09186022a6d2229c061d6b5af8bd8f02b0615e,ngageoint_opensphere
725,0c0ba1b22229d99499fae624ecf1020cc9d9fe79,ngageoint_opensphere
726,0c107a9728cafcca61274bfdf7a8beedc63fc60b,ngageoint_opensphere
727,0c16957705ac7724dbcce6446c5579537f48953f,ngageoint_opensphere
728,0c1bfdff0b53ed160d69a049ce87582c8526a9f3,ngageoint_opensphere
729,0c1d3bfdd3827a2f3820e88f77899e8d043eb734,ngageoint_opensphere
730,0c2067558796b53d3466cf09015a52ae1b329475,ngageoint_opensphere
731,0c2170cf082c3e7d9e28a1ae9b609dd2cfcaa583,ngageoint_opensphere
732,0c2341e6a31059b8cd0600319ea50606b28bde63,ngageoint_opensphere
733,0c262f2586dc796eba9fbc47fa2f8cea53c0fdce,ngageoint_opensphere
734,0c276cb9acd6cf832f8f9c729ed0cb3979fdbe0b,ngageoint_opensphere
735,0c28549dd8345f8cf0ef1d7a0a1654042a0687a7,ngageoint_opensphere
736,0c28b4b5dc5d97313d84543982d43371290b137a,ngageoint_opensphere
737,0c29d2baf6d40edbba1bb703927efcc6ff97c9c8,ngageoint_opensphere
738,0c2f8c1c80064541c3adf8acea453f923b2cfbdf,ngageoint_opensphere
739,0c337c40ec8e205613b34c5f1214aba5ba9ac7aa,ngageoint_opensphere
740,0c3442789d771516ee7593ad7d18299135746d53,ngageoint_opensphere
741,0c356223497346abce81d1338f91278fe5f79845,ngageoint_opensphere
742,0c3b8892c5b0446ba3236eaea8a7ed0e7e18df0b,ngageoint_opensphere
743,0c401beecb274c70812f1a3bea681f9cecd7bd69,ngageoint_opensphere
744,0c48455fd114e4ad60376d7e29869ccb782eebc5,ngageoint_opensphere
745,0c488b04290f7d80bf5291bff97fc4dc72be163e,ngageoint_opensphere
746,0c4ce6e8c76742e898b83d42a2134cb9e7126a8c,ngageoint_opensphere
747,0c4cf95db65b76a0013839553d55d9f77d074b71,ngageoint_opensphere
748,0c506135b2d71b930c7f0e6a4c78fc73e47d0a12,ngageoint_opensphere
749,0c5079aa308b640b7867b5fb8c7bf74620274de1,ngageoint_opensphere
750,0c511d2cb2e0b2e7f223f8bcc8b56a91ebc35a86,ngageoint_opensphere
751,0c5633e2e4b23fd8b6d288b0cb7895df9ffc87dc,ngageoint_opensphere
752,0c5772986bb6911f9a880e91993fc1ccc0698406,ngageoint_opensphere
753,0c57ef79c8ebea0909c05792945d51f3a77f866a,ngageoint_opensphere
754,0c6ccef3b7933e46d2727a87da5cc2a55a364e95,ngageoint_opensphere
755,0c7389a7d66249b8c80499e7a0543f84dbc3d3bf,ngageoint_opensphere
756,0c7ac93e79dbb5dc9c8235210d275b255e8e81ec,ngageoint_opensphere
757,0c7c466301c9a62befc4ddd3d689afb6fd60dd7c,ngageoint_opensphere
758,0c7e829a292ee927c963528f0aa4b39de7efcd8c,ngageoint_opensphere
759,0c855ad90a00a0fdeb942f35b10398278a6e5de9,ngageoint_opensphere
760,0c857a630fd8ae32b2741255574a81ca7b578d2b,ngageoint_opensphere
761,0c85ce46ded8b374a20243569cbf4fbe130da71f,ngageoint_opensphere
762,0c95b860fe4226ee693d22063844d13ab9f554f6,ngageoint_opensphere
763,0c9a6ae635baff6f27d9706dc3aeef24d22359d4,ngageoint_opensphere
764,0ca9d489b76dd3d0501eb1b75208b551d35351f8,ngageoint_opensphere
765,0caac376c63ae7d7e0130a7cd24b49736cedabe3,ngageoint_opensphere
766,0cac29afb12eb7f87065f95736623c0bae223c2e,ngageoint_opensphere
767,0cad8478f8e9709980b4cd91f10ea30c7787a886,ngageoint_opensphere
768,0cae3d7e06f28ca17ee210d2317990d6935b23ce,ngageoint_opensphere
769,0cafd13586312a555bafb1c45559c39582a15fff,ngageoint_opensphere
770,0cb146d4ce330206661239d69eb01cdfa32e7960,ngageoint_opensphere
771,0cb5a993d8871e32eca4030e8ca44a8e876b9140,ngageoint_opensphere
772,0cb8021b3b303e495b081aa8904b453a11a60669,ngageoint_opensphere
773,0cbf7c7a2e00f8e20913abbdbd2cc13055c179b2,ngageoint_opensphere
774,0cd84072916495dba3b3f082c037933e93a5f3be,ngageoint_opensphere
775,0cdc591e58224cbb826725fd695e7c5a755719b2,ngageoint_opensphere
776,0ce0ccfd50fa20daa81571f062e2c2b61505d58b,ngageoint_opensphere
777,0ce2311089d6ac3596f3c42722b73fadd58cc741,ngageoint_opensphere
778,0ce523b871938f3a96c4f9f2ed89cf8bb5ed8a63,ngageoint_opensphere
779,0ce6283f5269e14d8b0589fd6d850826816c8d80,ngageoint_opensphere
780,0cebd728a28c900c4ad23a8f54ddc560358f9ccb,ngageoint_opensphere
781,0cee6aa362131a172201aa4d73ca834e607fc234,ngageoint_opensphere
782,0cf10a70bd1e23681df90dd9f6c0cd1d49f270df,ngageoint_opensphere
783,0cf45f52de71e5a03f7616f281b25d9a4fea5e9d,ngageoint_opensphere
784,0cf551b9fe73e1a298b61e5f03482881fbfb5f62,ngageoint_opensphere
785,0cf77a3329ca0a818f28672e15e5dedf1af4247b,ngageoint_opensphere
786,0cfa24cc293572aecf2ede276798768234745296,ngageoint_opensphere
787,0cfa3271682e2e20d6ee69b4bf03823ad2327290,ngageoint_opensphere
788,0cfc91c13ae3a34ab58941a2e5442a0a7188b405,ngageoint_opensphere
789,0cfe40f55b521d351096772ff98d1eb32fa92648,ngageoint_opensphere
790,0d0dd373eee3bb5c6ad31e5a7b2d0df996dc35ec,ngageoint_opensphere
791,0d1186703cbd94231e5ea9e5a1453cf615fbe8a2,ngageoint_opensphere
792,0d12efac70f15b07882ce57e642782d7f92320af,ngageoint_opensphere
793,0d1d417e7cf2ae2d8f6ec1c527e4e4b9efa2b3fa,ngageoint_opensphere
794,0d1dc1385322fc640dba69ff886f4135d024348a,ngageoint_opensphere
795,0d1de51c9ce7b7d1beedc5d6a0fde8e2d87b06b9,ngageoint_opensphere
796,0d1e3acfefe7969c4dd2122f1332835106dabe72,ngageoint_opensphere
797,0d223032d605b86addfa663122e6585617040532,ngageoint_opensphere
798,0d242bc13cdc94fe966c4f336e78a9e16a865c38,ngageoint_opensphere
799,0d2d3210858b6d271cca141480ee6bd8d8a94b2c,ngageoint_opensphere
800,0d2df86fbfbbd9e5e74242fbb9b3fe45ee5e110b,ngageoint_opensphere
801,0d2e0b5dabaf7a234a7a81debc26f326323d1971,ngageoint_opensphere
802,0d2e5df219005193d3164d019e2cd228eaa36b50,ngageoint_opensphere
803,0d3067769e0d53834079cf2f408a8104c807df5a,ngageoint_opensphere
804,0d44d94f62832f41909899ab72c1d6471f3578a2,ngageoint_opensphere
805,0d4524a8dc651d172360d06482939e3d837ac698,ngageoint_opensphere
806,0d46e3454e2f1b357a4b812d56f34b4de91aa698,ngageoint_opensphere
807,0d46f6b39ed100af60293ca742fe90d72a8752db,ngageoint_opensphere
808,0d4b129accfeebac8409e59d3ffe321d853db3ce,ngageoint_opensphere
809,0d4b29e741d04e8193ca7a857b95ad8de0d6bf2f,ngageoint_opensphere
810,0d5329c370d44432e43ffc655701f1fac3de9d67,ngageoint_opensphere
811,0d549203cd20929316150bb2c37040afabe4ab0b,ngageoint_opensphere
812,0d573131918f49404fa4a7b274e8e07fd578b090,ngageoint_opensphere
813,0d57fe103bf0e2133705449ad78125e0c6035ae7,ngageoint_opensphere
814,0d5ad872ffc95023376c59c14d9559846faf9021,ngageoint_opensphere
815,0d5ade68b8f1079e569cde68777b67c88db0d23e,ngageoint_opensphere
816,0d5ade7af3e65a30091d0b8ec7a766c13a0d1eb2,ngageoint_opensphere
817,0d5e0bc786f91f593a9ddbc03104559685299c14,ngageoint_opensphere
818,0d5e966f39d1cfc96bcb4b40b659b9cbf06d8580,ngageoint_opensphere
819,0d5feeebe0df5ff196241373c7c76dfccedd52c3,ngageoint_opensphere
820,0d6020642bafbe9e8ffc1bf73f57461c80120c08,ngageoint_opensphere
821,0d607edcd7fba5a7955e860108297760210c1480,ngageoint_opensphere
822,0d624e86048463349e6ae7837c24a5850509508e,ngageoint_opensphere
823,0d6366c220c263914e924e484b086432f6667dae,ngageoint_opensphere
824,0d63ea8916916fcf50cd81422b3885eada0eebad,ngageoint_opensphere
825,0d6583614e61e81a54e5e23eb04cd2c218b6cf56,ngageoint_opensphere
826,0d6741d2353b25762da2931cf1e8b0ad7367a82c,ngageoint_opensphere
827,0d6a841014c328ebcf07dc0b2f52fc092d09a2ff,ngageoint_opensphere
828,0d7517e20fed80b4431f9680bbb433cbe69d19d9,ngageoint_opensphere
829,0d780d179c06e658d9a1b0f204b9bdfeb54155b7,ngageoint_opensphere
830,0d7a478fb6c342d8b8c7fff9f534aa54bb5592bf,ngageoint_opensphere
831,0d7cc84bd36324a35185460b766c28b6a1d53b3d,ngageoint_opensphere
832,0d7e46191ca9aad77cb4ea6bf3c86739226d92cc,ngageoint_opensphere
833,0d83bc467d690d8f91754e94fd74e5107ce23d5d,ngageoint_opensphere
834,0d8d8acbd09eb5be5d497c6d1cc06a11a4e67e5f,ngageoint_opensphere
835,0d97bb9452c3a6100e6b99b1622405037825f2d9,ngageoint_opensphere
836,0d9942a4391794247a5ba65e3a76674d8395f536,ngageoint_opensphere
837,0d9a160f47709d5ad2f61d44b2aea7e2da35f4fd,ngageoint_opensphere
838,0d9ddee5b9c911a2613a83fcfa891cd9244032af,ngageoint_opensphere
839,0da08c5827851c730f975a904cd2653623ad323b,ngageoint_opensphere
840,0da8c47ed8946baa4db45a1aaf853559c6ab0486,ngageoint_opensphere
841,0daa66c39280793808a4561344a6bffad5570da0,ngageoint_opensphere
842,0db19c7c4027c832c8cf9b392e6551097c69af12,ngageoint_opensphere
843,0db77cf15bed5e2b4309bcaf6bdc9488bd142183,ngageoint_opensphere
844,0db85e81e6d4d2ea6f14d371a4f40672903de81e,ngageoint_opensphere
845,0dbdff3be21da9e88530b26171790c7996e335f2,ngageoint_opensphere
846,0dc571f9caf0bba5f87eaee9faa1832e8f15d53c,ngageoint_opensphere
847,0dc987badb8359bad995ff4ff7148592198db008,ngageoint_opensphere
848,0dccf230cf61cc0124f1e9641525baea93a6374a,ngageoint_opensphere
849,0dce28d249edbe575516cc88b13125eea092a0ca,ngageoint_opensphere
850,0dd2f1ad654d43d226a4a91c16dd38bd47b8e6e7,ngageoint_opensphere
851,0dd9e6de49f48ae2c68c1bec4a5ce85de6556715,ngageoint_opensphere
852,0de057aef792d0246e617a6c869521fed8784d4d,ngageoint_opensphere
853,0dea988f3528ede5087ae241b6989b6977329e45,ngageoint_opensphere
854,0df12f9069f1e30e2765e5b576d1f5bea8b20ec3,ngageoint_opensphere
855,0df9062f5ccb4fdb4257fea66f55e70af3bd9543,ngageoint_opensphere
856,0df9e4f8b72c9b1255e1f00e591370e464c844e6,ngageoint_opensphere
857,0dfff9c7f04bd8635b081f53cdcb943de680874a,ngageoint_opensphere
858,0e00a4f9b521146f5da34e84759f9a02268ac616,ngageoint_opensphere
859,0e01c073322d0a6126718fb5d15951f4ce49bd71,ngageoint_opensphere
860,0e0343a8b24ad2298223f3c0101eee39e646fb36,ngageoint_opensphere
861,0e095cc47ae9da2858f401f14638dd5560a0c52a,ngageoint_opensphere
862,0e0f5dd55b6f07cc50f2b9304d0c56c592f4f06e,ngageoint_opensphere
863,0e0ffd2533f91d6cc1e7149056ce5d65f702881f,ngageoint_opensphere
864,0e125717a0dd7bdfbde465cb1dd21bd4db3ed4fc,ngageoint_opensphere
865,0e13c2cb7d27affd099d6826d4729c793c39829c,ngageoint_opensphere
866,0e1b7ebbaf2b78a9d19e5475b2cf5dc35ef13114,ngageoint_opensphere
867,0e1bee45bc293a3e5a9d11ac13d4509eb22d6a60,ngageoint_opensphere
868,0e1d009c625acac0de232cab42ac39965f611795,ngageoint_opensphere
869,0e1ee017abf6c700559e8f4fbf398627a7eb9c33,ngageoint_opensphere
870,0e23634b428bf6e9b13d9bbc8f5ad97fc5e560ae,ngageoint_opensphere
871,0e253f121ec2ccd6bafadb9edc19ecd8114f2989,ngageoint_opensphere
872,0e2759f79ee1b5d13f05acdd808f5aa79a594a87,ngageoint_opensphere
873,0e28ce6f0d5d06ed423ffa68f74096d3776a56f4,ngageoint_opensphere
874,0e3c11fc57d37bc6db0992d19e1265dc26832176,ngageoint_opensphere
875,0e3cf2f7dcfbf3ac563b3b065008a60a38db5f0c,ngageoint_opensphere
876,0e3f4f5ccba9ab7e05b652f316f8ce189cc349e7,ngageoint_opensphere
877,0e437a0edbfc65591a49ab2fb7c905a985f40435,ngageoint_opensphere
878,0e445f11252ccb1347628e2929955b1659edaa40,ngageoint_opensphere
879,0e45be8e8438dd594a984149c7789e3cc953ded2,ngageoint_opensphere
880,0e4a8b14385777c7ff0873206c491f1b43ff06e9,ngageoint_opensphere
881,0e4d26d6214f8bc7f31baca58789c69c48b8677e,ngageoint_opensphere
882,0e50c43b0dad48d96cc60d6bb372694b1b655167,ngageoint_opensphere
883,0e53610a57d4ca6f1e844e1215318eaa44226f51,ngageoint_opensphere
884,0e62b4988f72e5bb857ada8fb434d2fc72a2828f,ngageoint_opensphere
885,0e68e36041b17f57da5f9ee4b41fac939efc9b1a,ngageoint_opensphere
886,0e691d8776bfd519c8332ecc90c4305988b40abd,ngageoint_opensphere
887,0e6a8242f9843267dc1a593e6c128b0ede582082,ngageoint_opensphere
888,0e744445b297c17e231a59e928f0aafe78b9002c,ngageoint_opensphere
889,0e74b25e1474b99a580596e4ebba81c477848c5a,ngageoint_opensphere
890,0e79d766f2199bf282df83156dda25037e122a39,ngageoint_opensphere
891,0e7ced3a1aa7396f5b97271ad8a0e251c822e1ff,ngageoint_opensphere
892,0e7d85ebafff1908b143477e6bf005a8a1007597,ngageoint_opensphere
893,0e7dd6645edcf8c2d008e7b2a7a6fafe3a2114ea,ngageoint_opensphere
894,0e80504f4aaa70f1e5ed1c5fbeaac854613e0553,ngageoint_opensphere
895,0e81d4ff6fade68529be872501b2f43439b35c78,ngageoint_opensphere
896,0e856e1375665d54631a3c5290513d597b01450d,ngageoint_opensphere
897,0e935104440a9d8eff3edaa03112b2d0215b4bb3,ngageoint_opensphere
898,0e96c54898fab4a68ed2ccd40d5d26c16110a6a4,ngageoint_opensphere
899,0e97c5aee466b5258fe97d8cda75323d41a8f728,ngageoint_opensphere
900,0e9cc0f3585abf86d3c6d69f69c8ae7c94d87692,ngageoint_opensphere
901,0ea13237c9e70533e0ccc5e480772c871424ea6b,ngageoint_opensphere
902,0ea24b8a2145109cb7093aec431ed254be50de26,ngageoint_opensphere
903,0ea2a58d3d44b682cc2b7eb1ed0531003efac5aa,ngageoint_opensphere
904,0ea402b3f77aa32edf17a4ff83cac8057ee59fbc,ngageoint_opensphere
905,0eaaad17b74d0274c0ce771d7a7db34ed29bff06,ngageoint_opensphere
906,0eac3591f34612249f026df23251bd17ef0fe84c,ngageoint_opensphere
907,0eb5b956daa9d3bea5e0d612e053d690b02a73e3,ngageoint_opensphere
908,0eb635c03568e3f13101ed7eac33fa260ae6600a,ngageoint_opensphere
909,0eb73eb2c779be6ecaadeaa626e4ed71fa8a95be,ngageoint_opensphere
910,0ebb30ca00efdf271fbc99056feadcfef16ae060,ngageoint_opensphere
911,0ebe0ed507e5ee3a871dd6ffbd7a2faa6c007e45,ngageoint_opensphere
912,0ec7af043b3b13b27dd49c5bb793dca150d013b6,ngageoint_opensphere
913,0ecd22ccc0c1cfdd91df078a59dca0a9d2a80b66,ngageoint_opensphere
914,0ecd34fc34c747c9bbef79ad12370959821cf631,ngageoint_opensphere
915,0ecfe55f8c621a5822f5d1b752c1d7f06f6cebb0,ngageoint_opensphere
916,0ecffe5d57cd1f75b8d261495d9e3b201b079418,ngageoint_opensphere
917,0edbcac80f756cac45782f5da9e3b3331f914615,ngageoint_opensphere
918,0edc4f9b3a46965c41ab1b296a3ec4535925cc2d,ngageoint_opensphere
919,0edf1835ca47cb516fcbb3d736d760c86a00e33e,ngageoint_opensphere
920,0ee43cf932e45db5179d3f8f00aefebbcc2a4596,ngageoint_opensphere
921,0eea44fecdd4ad2b813381d67980e2d6ea86742f,ngageoint_opensphere
922,0ef98c0bea142d99a3f2ca62ac09f20b7bbcf184,ngageoint_opensphere
923,0efb157986314dbd2dc8b1396cd400a95f30bb83,ngageoint_opensphere
924,0efb22f1f49382ad92c5b9125433aa165f5e1b8c,ngageoint_opensphere
925,0efb58ac4882e52e737ff8ba901170cb9858f712,ngageoint_opensphere
926,0f0342e8252652b3766ff99bdb06224bff7538ef,ngageoint_opensphere
927,0f0c0329996d30fe86a7127b6ef34e2fe4786f01,ngageoint_opensphere
928,0f17749bb8adc58c9e6491244307d0382ab2cc59,ngageoint_opensphere
929,0f276ef6a5c4d37e466d191ab5b8eff6b62323ae,ngageoint_opensphere
930,0f29c687d167d46e7f7212bedb3ae4d779e40449,ngageoint_opensphere
931,0f2fe7b043d4a70c71db8cc3702e4a6680696f65,ngageoint_opensphere
932,0f3632cc54630cc7adc5332151985a9496a65c4e,ngageoint_opensphere
933,0f38c3b65b4617ab539ca48b74ed1287a9f849c0,ngageoint_opensphere
934,0f3d31f53417d4c9b980ed1c5d7a95d9ea4a461b,ngageoint_opensphere
935,0f43da3e4a15cff0b91038c4011cbd21564ad2c0,ngageoint_opensphere
936,0f4f9019c559800c501189eb4d0e558ae5ddfb13,ngageoint_opensphere
937,0f51f42e7211003b9245b0f7c3fd51418f38ef30,ngageoint_opensphere
938,0f52a749087f9a238c69a0c51e55c0d68cb2ce1f,ngageoint_opensphere
939,0f54e58b102cd11fc159bd4bf9fe6ded190c5260,ngageoint_opensphere
940,0f57be3a04e1b062665a01301d0149dad9c5a19b,ngageoint_opensphere
941,0f586f5b8e420b3a0613194e64660ec78f615f1f,ngageoint_opensphere
942,0f5b29c53d43bda18367628c9894286fe279da8a,ngageoint_opensphere
943,0f6a07b6f635e735fb5fc0deb4f2660fe3801126,ngageoint_opensphere
944,0f71162ab369a344e5b64164fe259c7b57094bc1,ngageoint_opensphere
945,0f71848b6e36651a1327d2200bc5e8f9ba7c10e2,ngageoint_opensphere
946,0f72221ace23a3c95bccbce3ee5526fce4e62d1c,ngageoint_opensphere
947,0f7275f51fbbfe37b0ee23ce72ae70a6460abc81,ngageoint_opensphere
948,0f796bbc61bedbb95a157f70d7498a8a13d13afb,ngageoint_opensphere
949,0f9cae07f88a3cbeba5d71d876f0299f6c7577f2,ngageoint_opensphere
950,0f9ed2fa00718c41dbbb65cc6ab1ec6509583ec1,ngageoint_opensphere
951,0fa2f15a42366278cf80dae517e9f8d79f4d101a,ngageoint_opensphere
952,0fa7af2e2a3ab507e22d00cd75c10b59480fcaa3,ngageoint_opensphere
953,0fab6e4a55de0635aacd6e57d7c7150beb450452,ngageoint_opensphere
954,0faea35917a667c33e4063bfb45c349e1c0b5c6d,ngageoint_opensphere
955,0fb0c7caa00d872d74b216fb62d7e854b39a9172,ngageoint_opensphere
956,0fb2a3bd18c7ce438f5611e7c830daaea1d70e66,ngageoint_opensphere
957,0fb7df410d8179be1a5c1813e3fd6967fbc5331b,ngageoint_opensphere
958,0fb8ae42a29b266911e24059eaabbf58ad117a52,ngageoint_opensphere
959,0fbc5910fb9d2cc0fd7d69ff9097e04c2bcd003a,ngageoint_opensphere
960,0fc37779dd4543993fcd9d471dd07ecffeb79e0d,ngageoint_opensphere
961,0fc55a615e3e43ddf45d7ed91dfa395ac786d2af,ngageoint_opensphere
962,0fcb4684e9d5e2f6f63804399ce108093fb5a6e1,ngageoint_opensphere
963,0fcd4ff60cf8538a099aa6a67ac16b9822a94752,ngageoint_opensphere
964,0fcebb4294c45fa154b34e18f9f44ca09b6b7168,ngageoint_opensphere
965,0fddd42807d9e86b9782afd72c217753fb18fa11,ngageoint_opensphere
966,0fe18d3950cc6a2706247a131a296e749e294506,ngageoint_opensphere
967,0fe1dd2b465086b0edc996757eac67932d1db961,ngageoint_opensphere
968,0fe3e7181cbcba63dfe653d19310f2a5e81f7900,ngageoint_opensphere
969,0fe533f1a0cea604db80c73aacf34301202d9a13,ngageoint_opensphere
970,0fe9d97702d054395e1a220663a3896c5510a372,ngageoint_opensphere
971,0fef4e6040d6b476afef16257953357078fff026,ngageoint_opensphere
972,0ff11816940ca1bef7a9a2610badbb5afa06c827,ngageoint_opensphere
973,0ff2e27ad64e28b23bcc900cb8f30cb74f65c18c,ngageoint_opensphere
974,0ff7cc87dad6c645b9215481bbb8c138492841ff,ngageoint_opensphere
975,0ffb92a2193bba62c4900e1a434b24a75f6f6147,ngageoint_opensphere
976,0fff584f1da24348a7c3f678c583e90e22feaa47,ngageoint_opensphere
977,100e83af81cfa20ecf33e9c04d2ea668d5b59592,ngageoint_opensphere
978,10134eb40e4ab415941a6eba306c7c7ee19119e6,ngageoint_opensphere
979,101528e03f4b1665a962dacbe207a3e16b2e05eb,ngageoint_opensphere
980,1018450c2e5b0406d699466422a7f5871aa36138,ngageoint_opensphere
981,101b6b18c120047e60be7d4be92109c0c67be065,ngageoint_opensphere
982,101cb16988eaeaf0aa0113071eeaee712fb5bccf,ngageoint_opensphere
983,101cffc01cb4a974c6bc48d4368d38210379b96d,ngageoint_opensphere
984,10207bf4ffebb8737024f3fff60127e5317d8cfa,ngageoint_opensphere
985,1021849579e10ba8c9970168653aa2df2b6311f4,ngageoint_opensphere
986,102abb4689e6e27e43d285db03e95f8813607c1e,ngageoint_opensphere
987,1036b20cff64e1380add57488f3c46c5c1961eeb,ngageoint_opensphere
988,103a191731081eef7827f248bc77b48c4b0ca0d3,ngageoint_opensphere
989,103d4c180aa75569b11e19cd0748951939babc89,ngageoint_opensphere
990,1043f909a5906ad702d36f70f780d5680736921a,ngageoint_opensphere
991,1045d31fa3facdf273098ba0765aff0c6d484fa1,ngageoint_opensphere
992,1045eea75d8ee7778462603f9c0e92308062af30,ngageoint_opensphere
993,10485a6be99ffe4f329bfa00106c23850ea23219,ngageoint_opensphere
994,104a56b53d89594782600a2dc69b0cf5eedeb8b3,ngageoint_opensphere
995,1050bf290c94793701b479cb93e8d24ed8368f44,ngageoint_opensphere
996,10510c29d85559a0acf2691e727ae3cb1f027ce3,ngageoint_opensphere
997,1066bba19200fbdc88aa1e76b370fe0456720a7a,ngageoint_opensphere
998,106a49215b5d642954ad8f5ea922ad7fc886cef5,ngageoint_opensphere
999,106c0c2d5dc3435011ef35d9c81cc55e7f4e6247,ngageoint_opensphere
1000,106fa9a8010b6fd5c0ccebec847e90dc012a3a3a,ngageoint_opensphere
1001,10745846fbcb07e36da554f26d4fe2313a688e60,ngageoint_opensphere
1002,107574972cda80073109131dba52011e5cb255b6,ngageoint_opensphere
1003,107f56e90e12f151d3f4517be266a5a7ebee32b4,ngageoint_opensphere
1004,107fd2eed125df1123958432af90e1e306405ebe,ngageoint_opensphere
1005,1082504fc9b7f55724b7148acf169b48314b1dd7,ngageoint_opensphere
1006,10841f695c01b778c710a008886b9aae024445a9,ngageoint_opensphere
1007,1085ebb048f1a1eb327e0eb50da02980f99b4b1d,ngageoint_opensphere
1008,10912eba8faa12efffac4965305958549f1f77d8,ngageoint_opensphere
1009,1091ee9caeea9939fe6bd4b85b0180c0879b44ad,ngageoint_opensphere
1010,10924f763d0ca01c75d3fd643b32d12d56ba3178,ngageoint_opensphere
1011,1093ecbf78b8b919c093f3facb7af67deb9e8f90,ngageoint_opensphere
1012,10941b81298fdbe0c1182e939c21435acefb9770,ngageoint_opensphere
1013,1095f4753f9e92516b67e33b0afc87dc05585b0b,ngageoint_opensphere
1014,1096b847e00fdce786c2d583687b4c59791e6faa,ngageoint_opensphere
1015,10999515ce09bd1eef23d5a98b4c62ea2234c969,ngageoint_opensphere
1016,109a6d0906d32b41160464d9b00359ed09c3ed5b,ngageoint_opensphere
1017,10a2c301a718c12c787d54186e645b5d0bb22311,ngageoint_opensphere
1018,10a447966add4b8f4c4f2a4e14100fcc8d1a181d,ngageoint_opensphere
1019,10a4f69bb47b45a1ee68bbbd1c50d3d53a21d4e2,ngageoint_opensphere
1020,10a52011df7295ac1cafd957a4b669c232161a4e,ngageoint_opensphere
1021,10aa967f49ef8f77fefc9ea9f4bc39ca3436039b,ngageoint_opensphere
1022,10ab8f3a6cda7d108de313108beb7a393c9d82f7,ngageoint_opensphere
1023,10ab91351b47699025e69836e517951b5365b183,ngageoint_opensphere
1024,10abe02d2f33cc0861ca4b1e31c0ba1005e5bf84,ngageoint_opensphere
1025,10ae28c0ceb996e8e21c75a1f73ad91743da4db3,ngageoint_opensphere
1026,10af4215ca72108e1bb1583a5ffecd11e3fa2834,ngageoint_opensphere
1027,10b0ae7db7153b7476b6463afde9ed2c8e40c03f,ngageoint_opensphere
1028,10bb1ec9dabdded0b0aaec083976a6e3338d4318,ngageoint_opensphere
1029,10bc6a8bad8bf6213ff2bdae6b1455e5558ccaae,ngageoint_opensphere
1030,10c2db8dd833c3ff4d18230d09db99fe5364a616,ngageoint_opensphere
1031,10c836fed78c52133400813a6220dbabbae71d61,ngageoint_opensphere
1032,10cbf474d80dd1e7a69fa7732afa297b1eb128d4,ngageoint_opensphere
1033,10cf480f9d80d0281a51e989277717cc5b3d697f,ngageoint_opensphere
1034,10d175c3739fbf71fb81cef2aef7789baba1aab1,ngageoint_opensphere
1035,10d196368bf5b8b07e1cca1f92a5663dfd5dd9cf,ngageoint_opensphere
1036,10d2c2f71549da1125dd76c485f15a3b38b5fd88,ngageoint_opensphere
1037,10d6af833140c97c6c429a962a7e6fce5c53c14f,ngageoint_opensphere
1038,10d74231942accbb20275a18adb28d3a0ec5f22e,ngageoint_opensphere
1039,10db62d2b7d5f33a1a6fc194adcf38d8e3c2240e,ngageoint_opensphere
1040,10dc38b6e1e4c01c473ee663a0e0418cc5742828,ngageoint_opensphere
1041,10e3bc6bda5dc41c3d32975ec88c11175eedad3e,ngageoint_opensphere
1042,10e57977b6ed93af46ccb26cd31c4b1a1c6c74ca,ngageoint_opensphere
1043,10e73544f472cfd1ceebd06160c7a672b399e107,ngageoint_opensphere
1044,10eac1bb15c8d2b062efc998e9e19998be5fa596,ngageoint_opensphere
1045,10f2a68fcd4f4c8f656c1bf83d5c5042283b2bd0,ngageoint_opensphere
1046,10f2f26ee54e30722439b132eca77337eba2643d,ngageoint_opensphere
1047,10f8cf4d205f1fad26df67960f7633cc955716d4,ngageoint_opensphere
1048,10f992fe4b22e355fcf34b79ed2db115a245d517,ngageoint_opensphere
1049,10fe6b215c04170f52da20102fe779b6ae768f1f,ngageoint_opensphere
1050,10ffd3c414dcf89ec48a410c96342f0c83c9da53,ngageoint_opensphere
1051,1102227e52cd040480d3bcee76ea1b7859b35371,ngageoint_opensphere
1052,11034f33cc687fb15a39509faf328e777e84a237,ngageoint_opensphere
1053,110392fbab271fe403ee5ecd35403c6e25c287ea,ngageoint_opensphere
1054,1106a9d8c06eba751158a445cd326a23e77511df,ngageoint_opensphere
1055,1113b9f1ac51af46a857bc1fb4dab433981509a0,ngageoint_opensphere
1056,11180248ef0412391ece9564a5c011ea06159f41,ngageoint_opensphere
1057,11192a6eee4a57e85fbf39ebe0cbbee618b8a2ae,ngageoint_opensphere
1058,111a75608871dfdd039aeedb415437c4c89dd97a,ngageoint_opensphere
1059,111ca70258cd93b8adef62ea815fb22ab59c5593,ngageoint_opensphere
1060,1127a66609abdbf814e007b66159b3952a88e6b0,ngageoint_opensphere
1061,112ef80ad29fa238183544150edf63bd49054bf0,ngageoint_opensphere
1062,1130c1b34fd7279aef1591c4bc745f8f6d9f47d8,ngageoint_opensphere
1063,1130ef90c09850e35eea357dd5038957a6fb3448,ngageoint_opensphere
1064,1136914d45574d02993a37af34c5aeed1b855036,ngageoint_opensphere
1065,113810fd9f8e5b13d0b2a20e465aecc3b7b5ed75,ngageoint_opensphere
1066,113bd7bc708036f495fca01bbdba88aae0cd3b04,ngageoint_opensphere
1067,1140b77116a4703d9df2af9a4333b951b2982a5d,ngageoint_opensphere
1068,1145373973ecca54242cda4e7aa326f778c13455,ngageoint_opensphere
1069,114c108e8468304243c041e96496e9d96f735e62,ngageoint_opensphere
1070,115d03cf5292f0b75e94ea1a8c5a5418189f90be,ngageoint_opensphere
1071,115d83122cf03bc108ac05f308edb52edc4c2209,ngageoint_opensphere
1072,1162617a8d862f2ca3e30984a93d02246483abb9,ngageoint_opensphere
1073,116b0f5d340e8078f90c44946ccbe87e07a63b2f,ngageoint_opensphere
1074,117154a44b0875e766c799203153964aa0265803,ngageoint_opensphere
1075,1174695655dbb5423b8a52e4c600811ad2fefb40,ngageoint_opensphere
1076,1180c598185809b014ee6cbd2272e0d8f5abafa8,ngageoint_opensphere
1077,11818da4cba9e4f06c3cba89bd0643acfbd02e81,ngageoint_opensphere
1078,1181f749b421aa9effde245ac937948b6ba34bb1,ngageoint_opensphere
1079,1186e5727c75138fde7b0873d694191f66834e5c,ngageoint_opensphere
1080,11a05683d89b2bf776b2f7b94f4af968a525ee6a,ngageoint_opensphere
1081,11ad959df5ef634af13a5a294cea40a35e02ab46,ngageoint_opensphere
1082,11b2e08a99ab00aff6f55bbfa09cfbc9309a520c,ngageoint_opensphere
1083,11c289b9f018e0b513f2742ccf3baab5386f40eb,ngageoint_opensphere
1084,11c3a3294885261592c7278d90df4bb58b604887,ngageoint_opensphere
1085,11c4c8cd6dfce2cc25292980a38b23061733b8e5,ngageoint_opensphere
1086,11c53267880b314882fdd05e5a30f9e0932d9890,ngageoint_opensphere
1087,11c6d1f2a2989e67d9ff71b6c79b1c524765cc19,ngageoint_opensphere
1088,11c86fd1372344761479d141ebe8aeea1827f3f5,ngageoint_opensphere
1089,11d33f9ab606d01bb43edc2f90715bc9dc1a2cab,ngageoint_opensphere
1090,11d52a620486c48b0380be0d724f2a955eb9a460,ngageoint_opensphere
1091,11d5e5a9bba1408dba3b04311113636fb18b3890,ngageoint_opensphere
1092,11d62472519b013f6ab74d678c630c2b30081312,ngageoint_opensphere
1093,11e320658b833bf9823ecae406ff46b403add446,ngageoint_opensphere
1094,11e6d0475df60b062a32c1bc04ef18920982924b,ngageoint_opensphere
1095,11ef3f32bca3f618330e9b9f2d3249b4bd9fb02a,ngageoint_opensphere
1096,11f0d37850c0644c216a085461c88573d16a3c2e,ngageoint_opensphere
1097,11f713cec40fa67dfe2c5d1fd0b906af130ae73f,ngageoint_opensphere
1098,11fc3560254b26e1dfbe994bc193215dfc9f679f,ngageoint_opensphere
1099,120077843fb118bdf590e0f57383cb983b8dd0db,ngageoint_opensphere
1100,1202f9a6623c702f5ada5953ea6d8060ef37045a,ngageoint_opensphere
1101,120701a6ada58aff3cfe5f450a53a4914518d6fb,ngageoint_opensphere
1102,1208b53c196cbf210d0583c2ed209fc632f250a0,ngageoint_opensphere
1103,120f694fe96d38d62e1af1df8114d9a47f34c714,ngageoint_opensphere
1104,12127c5708675a2213f9f543efbab817356b2a8e,ngageoint_opensphere
1105,12179f61c136c7e459fe3b2cfc36c3335d1baa91,ngageoint_opensphere
1106,121ed61eee092884ad3c53c4346c24a4f6fc8469,ngageoint_opensphere
1107,121f549ba7cf384b45a8e6fa1764c055d53b4175,ngageoint_opensphere
1108,121fc4e47f3a7ffbba118ff1cacd5fbd61ce0fe7,ngageoint_opensphere
1109,1226a05422ff598ab745897f4cabc084bad803e5,ngageoint_opensphere
1110,1227b621f5f46a3feb616eb22249ff83380b1e4a,ngageoint_opensphere
1111,122d0b009c7191ea5e522dcef11723bf8b16d31d,ngageoint_opensphere
1112,12383bc90c8ae81cacc8ab46816f42762d5ca5a0,ngageoint_opensphere
1113,123aaac15e0f561d99e98f61d7045f5df170d833,ngageoint_opensphere
1114,1242bce3ede5ff4182bade7275ed56eec1913db9,ngageoint_opensphere
1115,124966931b332d62e8121e59cff2717de0b0026c,ngageoint_opensphere
1116,124c20c0cd46a992e617d439121aa9854a6954b0,ngageoint_opensphere
1117,12508d409b446827b995e859de1bd452b5d1a663,ngageoint_opensphere
1118,1255762e03a3aa6c65ff84a10e6184aeaeaa1f12,ngageoint_opensphere
1119,125d1a6897a3847bc21365a88daee343654bbd45,ngageoint_opensphere
1120,126240ecc9bfad6abe6427d8ae9f4fb4e0e53e8c,ngageoint_opensphere
1121,126306afe656a2b4721a8687d45e50fe26115778,ngageoint_opensphere
1122,1268fb67da38e73cc7760aee97ca920ee9c53f6a,ngageoint_opensphere
1123,12695bce730928baf4adc35e4689648c404a2b51,ngageoint_opensphere
1124,126a78327286e389ea6a574b0863dd9e29323442,ngageoint_opensphere
1125,126abbab7cb0725fed8f643fe0d7cc8437cd63ac,ngageoint_opensphere
1126,126d969f2bc0437504de5874af75dc0b8442aa00,ngageoint_opensphere
1127,127602c93b09e323f4b8856a2c5c901df71a92b5,ngageoint_opensphere
1128,127d36e1d4ce4e212bbe581677edb6375031c7ae,ngageoint_opensphere
1129,12810e29c02f6ef29baedf5c60cc8fc822113983,ngageoint_opensphere
1130,128366f7aa5dc4df40d083284a1889d4167fb180,ngageoint_opensphere
1131,1284a86ee69d919d0c41ba4739f89b1b03f5d39f,ngageoint_opensphere
1132,128770fb11b4dddda31d05023603f3e051590057,ngageoint_opensphere
1133,128805d1439e7d9d16047675e24589614eae867e,ngageoint_opensphere
1134,128cdbb5c438d9a030977f9a03841be9babc5d56,ngageoint_opensphere
1135,129135d0a61918c942c5035e8a0e4cf3e8325790,ngageoint_opensphere
1136,12958470e487811e486e50caae9d46866d686bfa,ngageoint_opensphere
1137,129688c47383a9336038fa96f8687a1efb064248,ngageoint_opensphere
1138,1297464fe90cc67a318ff02ea085332520ad9406,ngageoint_opensphere
1139,129da24c1b34f7d40e0578e414b91024acf4daf2,ngageoint_opensphere
1140,129e0914fe12ff83a92326fc04bc1b9ccb3d1094,ngageoint_opensphere
1141,129e0ebbde63b53ae9e8816cb3a4c5e339a65f9c,ngageoint_opensphere
1142,12a359e8b1578b895c30bab71d86a76de7a2f99e,ngageoint_opensphere
1143,12a6691002e7c79473779caf2ccbc2e7e8c41fe2,ngageoint_opensphere
1144,12a9882368fd8c379ce96b9b17cd131660cbe111,ngageoint_opensphere
1145,12b4e22fd2cbffd8194ce3c022d464216299af19,ngageoint_opensphere
1146,12bb17e1334070270698c9f5e20a3022a21677ca,ngageoint_opensphere
1147,12bbf09b9617a50dad5e7fc85354853c3e625c01,ngageoint_opensphere
1148,12c093958de3d8fe319781b6e3006748ac831e75,ngageoint_opensphere
1149,12d2cd9269aaea72db55805d2f7d0b3ad3188908,ngageoint_opensphere
1150,12e2ab229c372fae7e796610adb8f432dfd4a258,ngageoint_opensphere
1151,12e3b0c488a2b099c57a941ed9d1d161c3aef296,ngageoint_opensphere
1152,12e9e8ea01a356d4c3d656bb10c61ef84791d2ad,ngageoint_opensphere
1153,12eb9df3eaf45dc19233f51854a3d9ca9783e078,ngageoint_opensphere
1154,12ec12de9ba76ff7da4372172efc28dd5be0b030,ngageoint_opensphere
1155,12eddc5d19eea58c12a9694b878e17570fcec672,ngageoint_opensphere
1156,12fe8f7906b24b67faf85564eb2eaf7507d9ae3d,ngageoint_opensphere
1157,12ffc3a91bb55d94130d932bdee4e9988b2b5d6b,ngageoint_opensphere
1158,1301f5cbe5424b49694d5c2f25fc56e09eaec047,ngageoint_opensphere
1159,1302002cae969481a645b1f4b5c86ff67242e81a,ngageoint_opensphere
1160,13053152a852cb821c6979937eba3f8a2da84223,ngageoint_opensphere
1161,1305fe67c427ed17df3c80eaee053a19b4052199,ngageoint_opensphere
1162,130c752e679ea876a9c6ab6c5078d6efb52a4c5e,ngageoint_opensphere
1163,1310858d0c2e573be59ee879bd4f9edd3f4e6ecf,ngageoint_opensphere
1164,1314d34e0ebeb5c7c247ad8280946930d1b51a8b,ngageoint_opensphere
1165,1315cfc0a7009851dbbff3b990ce3860aeb7c722,ngageoint_opensphere
1166,131cc873e52aca97a0dc9e8e525cc783f5c6d363,ngageoint_opensphere
1167,131e7cf2b5e1b7d3bd0de186854f53d0287c6a9a,ngageoint_opensphere
1168,131fe3a330cc0c7cb4f20d6b75f3fb03f8256a84,ngageoint_opensphere
1169,1325c83715d13decd1f596bb5710aba7e7ee5cb5,ngageoint_opensphere
1170,132deda2a39d6ed14030c21bd73caca6f0a956ec,ngageoint_opensphere
1171,1330a5c252ac9dec93e2db20d6c76acfe27c81bd,ngageoint_opensphere
1172,1335d4c68ce3c1d5d8e3079f678181867ac1697e,ngageoint_opensphere
1173,1336b76bfb1ca570351f6a61dd20f067d554fd3b,ngageoint_opensphere
1174,1340e24fa956b1afadeef8853e56890d240808f0,ngageoint_opensphere
1175,1347876ede938bd3336203f8a0cbd3cf466504c4,ngageoint_opensphere
1176,134d3735c021b3dc1a5fe3374d2fc008c3d41a79,ngageoint_opensphere
1177,134f16814904b7dba16ae1a4c262051d4103fbbb,ngageoint_opensphere
1178,1354f6740fbae4ba22b73a0691ea953cc2206b9e,ngageoint_opensphere
1179,135b0763ebf7c64daa962f6781efffa0bfd037d4,ngageoint_opensphere
1180,135ceb8e8896b359c31f5d5b35ae7c027f7c789b,ngageoint_opensphere
1181,13664f6fd9b2bb3343d58359a1ea9e47b89e45bc,ngageoint_opensphere
1182,13698a313c1e2294060fdfb641047178c939fa7b,ngageoint_opensphere
1183,136ab1efb8e25578f81772e63c21eee390bd25fc,ngageoint_opensphere
1184,136ae7d7bbf32397f877676329e1d26c26b53207,ngageoint_opensphere
1185,136d187d7293e681e9dcad0f26fe0f9455e595e3,ngageoint_opensphere
1186,136dd45ba88f33777173e147ce7b44e12de3c607,ngageoint_opensphere
1187,136e990ca5ef9888eb511a7e6c7404aaed2f704d,ngageoint_opensphere
1188,1370bbed6b088260f92f345856b6cb52486bb9ce,ngageoint_opensphere
1189,13742460cd041a2092a7b12b136a77c4156e1b19,ngageoint_opensphere
1190,13747244246e852528a1930423badb64ac6f55bc,ngageoint_opensphere
1191,13778fb3037d4ff18d36d0e0a5c6c597ca5eb647,ngageoint_opensphere
1192,13882b526a96ef3cab7d6c57471a0ce5266ee5dd,ngageoint_opensphere
1193,1394ad75e74e8d1c6a20eb15b123dd19711ee4b1,ngageoint_opensphere
1194,13992ff7ce967a3c6fe2bc0989bf5c215dce5ee1,ngageoint_opensphere
1195,13a170ce7a68605ae1f6acb664fa8b032e97d531,ngageoint_opensphere
1196,13a6eb16348335d5647263fb38c371c9291efd4c,ngageoint_opensphere
1197,13a8702254dd5a8d049c945ee300e233f9b864b0,ngageoint_opensphere
1198,13a9b1bf86902878bc26eaba761b3c61a14e8ef6,ngageoint_opensphere
1199,13aa794bcced81aaaee265f7bd365647933c67a9,ngageoint_opensphere
1200,13b0ed613476e83366910ade574bfd67f0b77e0c,ngageoint_opensphere
1201,13b48d5be4f24f868045257af82ef51e11ae89b1,ngageoint_opensphere
1202,13b69959e1ab74745dabcad85de14bfa5430a178,ngageoint_opensphere
1203,13ba34a591887d519788e66c97022d91a163eb17,ngageoint_opensphere
1204,13baf3d40cae938dcee14aaa6c636a96e1f18fc1,ngageoint_opensphere
1205,13bd5cda17a4eeec4f1a71a3822a765df8235846,ngageoint_opensphere
1206,13bd920c19e88c5124652effa53de9bb4d571fe5,ngageoint_opensphere
1207,13c2d79e782c1338d619cb5992d50a1b5a58fe8c,ngageoint_opensphere
1208,13c37fcc727e8b69f8331637f4c890255450e404,ngageoint_opensphere
1209,13c7ff6a4f8e3832eca502d460484ecc552a4cbd,ngageoint_opensphere
1210,13ca56c8e5f215e42f04aff4a7964c47c943b1f5,ngageoint_opensphere
1211,13d0ab2fd8920b02bdf11f5f4bd870dd9d28cd83,ngageoint_opensphere
1212,13d46c20a0f89b67877d72eea4789eaca65317ff,ngageoint_opensphere
1213,13d65e0faff17508972c8ba04acd29becab5d7fb,ngageoint_opensphere
1214,13da8748437d3b18e644f7024624974329be4cfb,ngageoint_opensphere
1215,13e3ad3c66ccb7216f1e3115d72c37ba2c55bdc5,ngageoint_opensphere
1216,13e542dd9acf1ae98ac16bf28cf7066bfc800f76,ngageoint_opensphere
1217,13e598a2e2e79d7d70cadee6ea3fef67526f939c,ngageoint_opensphere
1218,13efd69d9025ee445663eacd93935a80f8829149,ngageoint_opensphere
1219,13f312f24cb8322d0a73ae55dc163049a9a6018d,ngageoint_opensphere
1220,13f9f191b50c5d6565e8243e0123aeb85ea5ac1a,ngageoint_opensphere
1221,1400eaf4d7f8d1ed4898e4b793c9875e31c2f2bf,ngageoint_opensphere
1222,1406e72ffb03e0e877f60d20d571c237ade1c61c,ngageoint_opensphere
1223,140b8a49f605c5e97edd62885c0c29f3310ae685,ngageoint_opensphere
1224,140f629446f646b8bb587fa05404fdefc2de2cda,ngageoint_opensphere
1225,1413a04850bc453f63954059ed31d5f9106de29a,ngageoint_opensphere
1226,14186d807268285bacc48a5b582807b110df9fc7,ngageoint_opensphere
1227,141fde274551325f12d98b4354ee973e8fc8a466,ngageoint_opensphere
1228,142095494b952d8f3473c6f62620af0d30ddf433,ngageoint_opensphere
1229,14256a0aea1a7e5aa0883a207b9ffa0d14c6f9e5,ngageoint_opensphere
1230,142f210658a7eca59565113f67412088d65b17ce,ngageoint_opensphere
1231,14301a2da76c240bb01ead5f434307b1f21a5959,ngageoint_opensphere
1232,143874890b5cc9a7e5ae104e20843f28a1ed01d8,ngageoint_opensphere
1233,143a281287fdab610b9f1e1ca6918f17f5284744,ngageoint_opensphere
1234,143aa5aad9ab4cedea401c65ef195e8839164619,ngageoint_opensphere
1235,143cc0f9ad003d0984e1a78c6202505317a10bfa,ngageoint_opensphere
1236,143f4822bfde7ddb3143b57fb2ec7615e5125fff,ngageoint_opensphere
1237,1440eba8778039dfe8ea8d4cd65d36c1df167293,ngageoint_opensphere
1238,14429681b7702fb336e7b13affe26ddf5ae8e9ac,ngageoint_opensphere
1239,144b1c134c1d0974fdc54026d12487c6fd5a6b97,ngageoint_opensphere
1240,144dd204087ade9b5925ba8984482b5873f682dc,ngageoint_opensphere
1241,1451e5dfd6f004e07b0e3e802e5c379debd674d8,ngageoint_opensphere
1242,1455a490c57d99c208f396acd90f33a66dce4bc8,ngageoint_opensphere
1243,1462b3b62c1e082d0756c276012e184777bfffc9,ngageoint_opensphere
1244,1466f3ee8615dd3d184339db63f1926638657d7c,ngageoint_opensphere
1245,14671e45de07e585c75fc1b55c2c7847efd773d8,ngageoint_opensphere
1246,1467829ce30e863ccfc76dee9837e1ee74084789,ngageoint_opensphere
1247,146825bc4aa6b43f9ccdb0097edc9e5437eea79a,ngageoint_opensphere
1248,1469b601b24916482954434a1f7b272083be25b7,ngageoint_opensphere
1249,146f3f97b5e095ff0bf44851cb05c4e8e638d238,ngageoint_opensphere
1250,1474612f95a8d3a9493dd796d7dab45854dee725,ngageoint_opensphere
1251,149acf7a1467e36c052fba036784a3533e64db14,ngageoint_opensphere
1252,149f15ed7de21fa32d0fc5a65767d413d384ec1b,ngageoint_opensphere
1253,14a1389f180df4da2b772039127d98f8a2de08aa,ngageoint_opensphere
1254,14a2b91ca5983fd0a902eb59952ce7dcd93edc6d,ngageoint_opensphere
1255,14a2f8d07f81372ed54e0dc8be6520145724b59e,ngageoint_opensphere
1256,14a46ebd7ca8e3d058cc77d17eaa885f91217510,ngageoint_opensphere
1257,14a63981b0d624a52e89ffcfb62f58b08a2f27c7,ngageoint_opensphere
1258,14a83b5cb13f2441669e2f9a8bca6a85d154ec89,ngageoint_opensphere
1259,14b2a9a8c14ec3e1fb52e9e967abbb213c4edf0b,ngageoint_opensphere
1260,14b6297383fb8ccaf652fbe607c7df24a73eac2f,ngageoint_opensphere
1261,14b834273d5b1894d0c67fc49c54be8b12f49518,ngageoint_opensphere
1262,14bb0ad9582ea5fc21bce509627ff2c708070f7b,ngageoint_opensphere
1263,14be0fb7e4bd2917a24ff4cf6def62e4e836078b,ngageoint_opensphere
1264,14bebd808a8d88f3874cad0ab38a7decb317654a,ngageoint_opensphere
1265,14bec2c48243acefccf6c859cba306065154a21e,ngageoint_opensphere
1266,14c151ed2ab4a814071a18ad15beb326db77871e,ngageoint_opensphere
1267,14cf3b7699ef595e33ff837a96b9a904c59ba431,ngageoint_opensphere
1268,14d16a20af771c3731ac63e924c37eebe11e3035,ngageoint_opensphere
1269,14d9c024155b331a05201ef40025f1cf48578522,ngageoint_opensphere
1270,14dbcabe5ed8eaed8f4afff00dc4f46674d839fe,ngageoint_opensphere
1271,14dc9ffe5e0d13c2111fb0fd00892f6e679f444b,ngageoint_opensphere
1272,14dde57692cc135bb00fdb3c3bb2ac934c3d67c4,ngageoint_opensphere
1273,14de78fd10eb27c085553e14266bfe5d7b501967,ngageoint_opensphere
1274,14dff27c56139be5deda35fea4beaf8ecba45513,ngageoint_opensphere
1275,14e1094a1da006920ec750b43849483a36d3baa2,ngageoint_opensphere
1276,14ed2c3291a93eca42632b41e85a0460b33f3deb,ngageoint_opensphere
1277,14f2f6f05e5bcfda792c2cf8d3bf61239a6041e9,ngageoint_opensphere
1278,14f8c27bccdc5dc58a6918e945e2241621554953,ngageoint_opensphere
1279,14fccecffc6ed37e9ffe6aed9a8dcd26564272e8,ngageoint_opensphere
1280,14fce6a8d8b68b17cfb530274add7165b844aced,ngageoint_opensphere
1281,15004afa29a1e36d5b3e5ec3246c8e862ad49b3e,ngageoint_opensphere
1282,1501f6fd96387f35b813603862b120c79e29b4ea,ngageoint_opensphere
1283,15048d797d9ab0169192993f838b4b961fa16b56,ngageoint_opensphere
1284,150510dd2883c62c934d8d93c80f6a02bc6b4385,ngageoint_opensphere
1285,150529e47e89831f6223ebdb5deeef7104085e1f,ngageoint_opensphere
1286,150ac8accdd15ccc435afb12eda5ff6f64c8fb81,ngageoint_opensphere
1287,150d1422835887f05168afb95f694e0cb7ad9f62,ngageoint_opensphere
1288,150dea829f2cad6fa8b3487ecdc434a906df6b6d,ngageoint_opensphere
1289,15102df0039dadb0d9cc57ba34a724a8e55ba967,ngageoint_opensphere
1290,15146b17c8b7ae9824b7902ae96a0820e68d886a,ngageoint_opensphere
1291,1515b83dfa64b6ddead8782ae2df0214ff008a27,ngageoint_opensphere
1292,151a81b15ef83d380a9083398bef70d6909ec2e8,ngageoint_opensphere
1293,151c8f2ffe26dbbe102d3c59a7a769d4fb519cb6,ngageoint_opensphere
1294,1527780391aca38e638d0ea82cf472d1b553d81e,ngageoint_opensphere
1295,152a22805ee58cc4811ac902967b1a95cd156f28,ngageoint_opensphere
1296,15367420ca43bee5aa93677ca7cc3dbc84c9bd7d,ngageoint_opensphere
1297,1537341b44dc62382d1a9af2043706006563acde,ngageoint_opensphere
1298,15376f06c0287423cce9aee2d11b02eb1be39171,ngageoint_opensphere
1299,153eeb1311e867167f9f325b1750984a31eddf1f,ngageoint_opensphere
1300,153f493d361dbe1eb39720a337df7e4b3d1ca4a9,ngageoint_opensphere
1301,15411843c3ad3b4007256f7839d241d0722f5bad,ngageoint_opensphere
1302,15439e78e8e573b2737d041bd0119008f9c4f20b,ngageoint_opensphere
1303,1548e2b3218797c5328689feb9cd0a64113a02ca,ngageoint_opensphere
1304,1550173be0b3a46ce87e0aa7b9dca2cdee7e0661,ngageoint_opensphere
1305,1552bc9934878ba6ff09413363d3b286ab9cb49e,ngageoint_opensphere
1306,1557bcf91122249e9fb34b7610b7a7f2e9c41c94,ngageoint_opensphere
1307,155b63b0da5fbe18453a504fe4ced2020cc7fc8e,ngageoint_opensphere
1308,156255d56e8071bd205b589113ed408960bbe614,ngageoint_opensphere
1309,1569806f9bd620084ada1ed21ddc611c74380915,ngageoint_opensphere
1310,156e2b83b215e260ff8d8a6ad7ea6bc7cf5c8f05,ngageoint_opensphere
1311,1570c51a8b43a19549b4f3286fe85a85c9081d51,ngageoint_opensphere
1312,157683885ee537f887fbdab4c7361ba051c398e7,ngageoint_opensphere
1313,15781fa8ec38fb4dae5ef1cfcd1dada5bd764357,ngageoint_opensphere
1314,157e2fea2673d39a3a9d731cb59eeac15f3043d3,ngageoint_opensphere
1315,158790a0ecb519dc9909ca0806af8040f1a27e96,ngageoint_opensphere
1316,158985e4378c257f9174d4fea76359fb490f4407,ngageoint_opensphere
1317,158d256d3e82c51cfe8eed1324d742c7bfe5373e,ngageoint_opensphere
1318,158d81665527a5e84adb3ba0a4a7c57c9d28d014,ngageoint_opensphere
1319,15958548d7f7c6499725247fa818e55c383acd37,ngageoint_opensphere
1320,15959b8b09c13f32233ed098d391eb0367cbebdc,ngageoint_opensphere
1321,159b34358b6a18379a91058eac9196dd387f52f8,ngageoint_opensphere
1322,159c2da255964c83af247a267b4b9b3fba54978f,ngageoint_opensphere
1323,15a03eda3aa82c50f51fb0dd6ee24a250a97efb1,ngageoint_opensphere
1324,15a2c56a574f9e54a17d5bc5f7542a60d9e2740a,ngageoint_opensphere
1325,15a2e4fabbb2e135ebe12ed618f2d79d8c29c59b,ngageoint_opensphere
1326,15a80bf20699a79117c348bcc8921dcf088fb81a,ngageoint_opensphere
1327,15a863679fe2b39a1dd1b23f89298c9ede299b72,ngageoint_opensphere
1328,15a919f69fbb368397b97c8c19bf2ea5931a1b2d,ngageoint_opensphere
1329,15abcff93b1d1c0a2c8a9db364ed2cb19a24e521,ngageoint_opensphere
1330,15ac9acfd5910fdf6220f7f711adf179a3fc35ac,ngageoint_opensphere
1331,15b0409c7d5ed7a853e09b93d2a60fde4c997a94,ngageoint_opensphere
1332,15b3ad8a54e48bc24ab0e1723e1b748ef92e0ab3,ngageoint_opensphere
1333,15b49d4929860c438294c6da81e5f55437e1d018,ngageoint_opensphere
1334,15b6cf098344d215c945fbcd1bd1a66f63045500,ngageoint_opensphere
1335,15b8cb4f3cd400934c25b9cec9cd67f7d2099bcc,ngageoint_opensphere
1336,15c5600ad8c342603ebe60ea9b3ba59c01f48778,ngageoint_opensphere
1337,15ce805132e6efc798569418f6f651c978ae7432,ngageoint_opensphere
1338,15d2a293d1cd00474264d887153f6d9be575f548,ngageoint_opensphere
1339,15d3053715e58d652b03edac3481652ff4efde9a,ngageoint_opensphere
1340,15d3312093d07240e389fd48b0f56dc518494904,ngageoint_opensphere
1341,15d880828b3e79f155fa356a84f2171daf9f83c7,ngageoint_opensphere
1342,15db9627e8b6569ef414babe49e874db8ef9fdd1,ngageoint_opensphere
1343,15ed93eae452f4860409c53c608507d462828143,ngageoint_opensphere
1344,15f328cc0baae6ef32bf31fb6ea38222ba408e2b,ngageoint_opensphere
1345,161113125051f9224b63fc5fd1a7a7c2385dfed6,ngageoint_opensphere
1346,161801da43e4378ae05bf19cee86531b2432a914,ngageoint_opensphere
1347,161b103adfb98056d5c299de7883d8df6046c019,ngageoint_opensphere
1348,161f73a29cf9f27f5c858e2986c4c1554812e2c5,ngageoint_opensphere
1349,1620b32f6a1f900d2d4521b25364437019808914,ngageoint_opensphere
1350,1620b72459b572a7c3bd562bc1dc748447c28495,ngageoint_opensphere
1351,16273495b9ed58f3450fb604aef4501130c1b61c,ngageoint_opensphere
1352,16277d87a101b87fb432c81ff66fcc764de4ec4c,ngageoint_opensphere
1353,1627a449981e23e179315a8cdf04730c186fd46f,ngageoint_opensphere
1354,162c34abffec0c6970104a6eb49536bcea695787,ngageoint_opensphere
1355,1635808addbff0c87ca445325d29e33ad5091be9,ngageoint_opensphere
1356,16384c6f4e35f94da2bf3b8e8c4f3d46c5497d25,ngageoint_opensphere
1357,163fefddbab222e3ed95703a57e7dbe3e7a22a63,ngageoint_opensphere
1358,164488df191fa132c383873a7b658988704aae72,ngageoint_opensphere
1359,1647dad7a8f9a6fb0a907f6651361f3882f43f53,ngageoint_opensphere
1360,164f688313005eb14b766b3f8335c913a38624fa,ngageoint_opensphere
1361,1653b8432c088f6fb0d4649a3a6d952ca648d2a7,ngageoint_opensphere
1362,16544fa170f06b5e00748195ff16a9191d57e591,ngageoint_opensphere
1363,16554f5ecb47892646204336fa812882a8ffbbca,ngageoint_opensphere
1364,165f1d5a575b6804b7de15c8b5b4d188ef2e6e12,ngageoint_opensphere
1365,1662e400dc14376c8c9d453989f6b47dc095d375,ngageoint_opensphere
1366,16709951588a4950d94f2a697f2076c52b23cc22,ngageoint_opensphere
1367,16725d5f7c64c58170c642a5365f2b3023adfac0,ngageoint_opensphere
1368,1672fb70eba93977af3552bb0167febe903d03b3,ngageoint_opensphere
1369,167aea3737ac178453600081207c9bed5ce13825,ngageoint_opensphere
1370,167d1ebe9406de04e0123a544f4b3897e855d6a1,ngageoint_opensphere
1371,167e731099ea12a6c20b5601f7e76738dec44319,ngageoint_opensphere
1372,1683c28b7888840a0210a4df3764b3b87df4b7a4,ngageoint_opensphere
1373,168502b684fc65246bc69fe69191fa2332a19013,ngageoint_opensphere
1374,1686fffb034ba0539f2bc779ad4ae22ebbca8544,ngageoint_opensphere
1375,1688acee27e43e47693dde62de0cb3476d59da60,ngageoint_opensphere
1376,168f1344cc3708b37a871c854ad24910fa1a548b,ngageoint_opensphere
1377,168f61efcd0ede90ac7cadbad786c9ca3b6305df,ngageoint_opensphere
1378,16905203c14deee1b5ece99e9661681842809869,ngageoint_opensphere
1379,169371876856106ddaf924a291b7b765a9256851,ngageoint_opensphere
1380,1694987638f6ca2213660cda8bc9392d6c2a6dd8,ngageoint_opensphere
1381,1699d933321578ce8a8f5dad521aa69207f3196f,ngageoint_opensphere
1382,169ab9a786e552f58ab5441a9ddbd5f1186177f8,ngageoint_opensphere
1383,169b3e5542fa1c52dc283afcf3cee89a96dbf074,ngageoint_opensphere
1384,16a08e8f43c9b8994af5f0edf324514d773747cf,ngageoint_opensphere
1385,16a0ce853b56b071cba551008ced65b5b18b1275,ngageoint_opensphere
1386,16abe88947ec4fb7cd1583f472fd88e561ad0416,ngageoint_opensphere
1387,16ac8546b5b2d4de25bcde87e569d3c22d6c4a38,ngageoint_opensphere
1388,16adbd97cc95aec74697b23b7d03aadd9dccd9c4,ngageoint_opensphere
1389,16b8e19914fb3e5fdbcbdf019ae747d09159b81f,ngageoint_opensphere
1390,16bb621896a5839f6a5783e4621f9d928feaee76,ngageoint_opensphere
1391,16bf4b5e8283d11ec4f4560ecfbfd6cb50c7aad6,ngageoint_opensphere
1392,16bff2b9547520c62520a163b3c3add82ac4f5b2,ngageoint_opensphere
1393,16ccdbe903aec9da28134351c5b079a1e204c7b0,ngageoint_opensphere
1394,16d0e6da086473c1c4c21c9c44da76923d556d80,ngageoint_opensphere
1395,16db8b5a804e935e10b3483fd3e9373345c6529d,ngageoint_opensphere
1396,16e57b64406885f3081ab1309810d3256e6cf277,ngageoint_opensphere
1397,16ea5375e4a9552ba64c7244a2eba3ca8718f880,ngageoint_opensphere
1398,16f70fecc7efd95cb6505cb64978738482928229,ngageoint_opensphere
1399,16f8f408a453b52ed6b35a913d5926470451a2d8,ngageoint_opensphere
1400,16fe5b593d3fdb89a4fcee91ca1adfb145b2c407,ngageoint_opensphere
1401,170280d205c3ae25edab6b8e93afb79193bd83ff,ngageoint_opensphere
1402,170a3820e763f2d39d93a992ca22e1a14cf096d3,ngageoint_opensphere
1403,170e40a513a39abd75cba4b94ebe77a14978b2b1,ngageoint_opensphere
1404,170f4d46848f5699ff78c2f3c830573198350943,ngageoint_opensphere
1405,17115b3f6c80fc720838c7c84decfa939ec388c1,ngageoint_opensphere
1406,171570ca6bc74d5e43acbcc6ee28b5997cc3c6da,ngageoint_opensphere
1407,171d4dc26c2e25d87741971d981be3782b7e341d,ngageoint_opensphere
1408,171f505cafd56d6c4b758067c79ba3ab8ed5e893,ngageoint_opensphere
1409,171fa9b1d2267508bdaffcbf5498879f6eafbaa8,ngageoint_opensphere
1410,1724b9199f2df7d5e06ab6b7fc3a5118497419f5,ngageoint_opensphere
1411,1725653bb9411562f82f368ec8c0225ad47c6ea7,ngageoint_opensphere
1412,17259b2e34613e94abb2f8d85a3f3fc4cd6fad15,ngageoint_opensphere
1413,172bfd62e0e2d92fb55dcfdfabc645ac2130eb59,ngageoint_opensphere
1414,1743a6936cd03739f6226746ab990b366d6cd034,ngageoint_opensphere
1415,174c5e3de1c84c3444bbe2899bbb78df537f16c8,ngageoint_opensphere
1416,17536d4f403fc4377049d34af4813437382b69f8,ngageoint_opensphere
1417,175c4c21cce6b16be0dedc358e64e3beacf011bb,ngageoint_opensphere
1418,175c508c2ded24826d57fb7d27b294e022c85f31,ngageoint_opensphere
1419,1769b5fb0cb5a67798d91c69341b079e78277709,ngageoint_opensphere
1420,1774de0c402a9e3ef9ca5d6dc012d0cd202e996a,ngageoint_opensphere
1421,17755289aebb18839af9135e999a666cd9cdf9ae,ngageoint_opensphere
1422,177626337498c2ce3bb258f8296ef5b16611e30a,ngageoint_opensphere
1423,177cdfc22780f530d9ca5ecde0150a05e860c3c5,ngageoint_opensphere
1424,178279ab68772d60f6eaddf7c149f38dc3dde9e0,ngageoint_opensphere
1425,17918ec3fc91a6e0b40c18211750ec404e573af5,ngageoint_opensphere
1426,179c171fc6543acebe9ab7f1174484300d1972ef,ngageoint_opensphere
1427,17a462d2c8dc476c9c96dd6e1e874d7b92ec81cb,ngageoint_opensphere
1428,17a55fe6dee0402bc072e3c4410d53791eece6f4,ngageoint_opensphere
1429,17a81e1d4b28625e50cd45b97373519993340a4d,ngageoint_opensphere
1430,17ab69644f4e11acf693c0308003cb6b7462c64e,ngageoint_opensphere
1431,17b37f2e42b16687d53070581959b9774f5ea1a8,ngageoint_opensphere
1432,17b65b9bf28d1ee0847e83566d7f8695043c531a,ngageoint_opensphere
1433,17b8827abc662be2397c76f0a02db794ae6ae93d,ngageoint_opensphere
1434,17c5cddf54b8629e4d488e2526518a45784ccf1c,ngageoint_opensphere
1435,17cd83d4833a06eda889cd0a48240a25944cb200,ngageoint_opensphere
1436,17cddbee4462b37651c5f401d96b55933cb870cb,ngageoint_opensphere
1437,17de93fcd15df15f9689bf6dd6d261af60883f8f,ngageoint_opensphere
1438,17de9f6271a168ce90aa9c0db5bfb2e9914a42b8,ngageoint_opensphere
1439,17eca89f2243ebd7231fe9201152bfd948c4be17,ngageoint_opensphere
1440,17f17d31b1146f3719517e782bbc07c1b0b9802c,ngageoint_opensphere
1441,17f7d8955f3a17fa379e039f79b76541d8d3ef97,ngageoint_opensphere
1442,17fd6e909c643cb8776a8672ef1073770ed6f5e4,ngageoint_opensphere
1443,180a6fdd18558b555103f99b546fdfc8e349e469,ngageoint_opensphere
1444,180b678c9dcb651e1199689f22b9e5f2c809e9d1,ngageoint_opensphere
1445,18110f10f3abe57cf85b0c61a547e7fda9248002,ngageoint_opensphere
1446,181584b32dbb9498f7ab5a12a9d462d528dad62b,ngageoint_opensphere
1447,1815fa38386f72285a4440945037003818888e4d,ngageoint_opensphere
1448,18166dfeeb69d37ec8ec379f6b23512d024ce4d0,ngageoint_opensphere
1449,18199685344406140664486279f3bd5996faf378,ngageoint_opensphere
1450,18206c8c55da7f8d2e0c0b3e66a8511aad752164,ngageoint_opensphere
1451,182106e2cd24cd7b76e7a1e0d4ba9bd6049acea0,ngageoint_opensphere
1452,1821a6dbe477f61f449613916b6e7de27709ea4a,ngageoint_opensphere
1453,182290e9002103e1080a8dc31381319cd978cc27,ngageoint_opensphere
1454,182ef63cfd739a365eb3b9cc698ab220cc5d5d37,ngageoint_opensphere
1455,183e7d65264a02a00eb70a01eb82a732ef7e4a44,ngageoint_opensphere
1456,1840018a000f7d614b832dcf612d1f6b08f41110,ngageoint_opensphere
1457,184693a5d80518ddd1829942f598347bdad57dfa,ngageoint_opensphere
1458,184da2c49a5f0abe80b70bc59184fc7875025d63,ngageoint_opensphere
1459,1851a78aeaacb039e75fe4f3f62b9fa154612956,ngageoint_opensphere
1460,185310e3ece05728e8364397152285a55944b732,ngageoint_opensphere
1461,1853403c0fde2c99494ed348918c7c868f4c1d11,ngageoint_opensphere
1462,186701d63b442d9a668fb5832de656bf42884fa9,ngageoint_opensphere
1463,18678319d362ad6203447048fa08c2daa8252ce7,ngageoint_opensphere
1464,1869ac7006a6391d82c32884846a82b0ea8b0e3a,ngageoint_opensphere
1465,186a6ebab035ac24acfe94eb3b459fb9bc58ec60,ngageoint_opensphere
1466,187676ffe16922edd13cc1d192a11b2e1dba1e6d,ngageoint_opensphere
1467,187991fee4e3c45de21b754400387ecdea450359,ngageoint_opensphere
1468,187cc23f1d0704f3d5860dcc04d76e145fe3a1eb,ngageoint_opensphere
1469,187e81523da2409f9b687251e0cb129fe9bfc9b8,ngageoint_opensphere
1470,18816896a3fdbea271c411ffdfc61c5ef6606fcf,ngageoint_opensphere
1471,18866a6f1094f7af6b2569262ca3de71a49cf3f5,ngageoint_opensphere
1472,18887c852a6582f2c0fdb7d9fe1a0fdd0e841788,ngageoint_opensphere
1473,188907aa523df3cc28ac703f4aba7a7bb0542e1c,ngageoint_opensphere
1474,189165d75a23f8f05409d2a0f2ec9a30142d994f,ngageoint_opensphere
1475,18935f5810af06006c706b5232b173a1923e3fdc,ngageoint_opensphere
1476,189db9c4c4b1298f001f84994c6460de8365dfc7,ngageoint_opensphere
1477,189e174640d6e7d8901f652ee6727fb5458353a7,ngageoint_opensphere
1478,189fcfaec6f845efff1a04af113683f52aa396ce,ngageoint_opensphere
1479,18a7290d8177f124a11e72cb9c886a403e0269d7,ngageoint_opensphere
1480,18abbf390631a7aa21747a2b932811cd64881aec,ngageoint_opensphere
1481,18ae7e0dc991470bde04401f00ae4e0c039de146,ngageoint_opensphere
1482,18ae84fc0b3fda77c61799d0aef80183289502e1,ngageoint_opensphere
1483,18b2da51a8168054bffdf5bc65f39a14a2007207,ngageoint_opensphere
1484,18b4b6682a236277c81f797ff546654007c76ed0,ngageoint_opensphere
1485,18ba000eb487fb33aa7000ee7342f6707d72d21b,ngageoint_opensphere
1486,18bab4ee8c216e97fcd369592fb6f0b3921e4841,ngageoint_opensphere
1487,18be9bfed500ba59eee1378a534c1aa29ba9e237,ngageoint_opensphere
1488,18c10560c9ac13af9cb5e2f34a5f490f5b21fb21,ngageoint_opensphere
1489,18c10676ff4b0d656cbc2ad9fc664d46562dce09,ngageoint_opensphere
1490,18cc70d065f223c5a936121ce64549985cd67e3f,ngageoint_opensphere
1491,18d6f05b009bcc87cca8d7e5bef21ba7a11d4c9b,ngageoint_opensphere
1492,18db61289877786cf83f65c1b3aab10aedb03b31,ngageoint_opensphere
1493,18e2576f5a636f1b916dd0dd3077bc009fa72347,ngageoint_opensphere
1494,18e6f31e95fb4f3ad1e9761bd0501d873db836be,ngageoint_opensphere
1495,18e7d0c99917b82a33ec270bbc58544c0066a3aa,ngageoint_opensphere
1496,18ebb532a1f4a7583b3ef540aae9a99242ad3b8b,ngageoint_opensphere
1497,18ed1fd9d89118f16a3b0372269d5804a0a1f83a,ngageoint_opensphere
1498,18f95b681a3fad090355e186b1c9098f62cf36c7,ngageoint_opensphere
1499,1904abcfadd96a58365169191347f6912918c09c,ngageoint_opensphere
1500,1904c97ffbb4afeeff90a2768f0f10bf43969d52,ngageoint_opensphere
1501,1906849bbcbc0b92b6fda61b4a4f2ec2f8247e2d,ngageoint_opensphere
1502,190935f93e10840a280d028273fec2286f91857e,ngageoint_opensphere
1503,1910ab26889afe57fc94db9beabff1a111bea9bf,ngageoint_opensphere
1504,1916c914ec0f35ba3e86c4f7f0c3ebda8a3aec21,ngageoint_opensphere
1505,19277f10bb57b06310cb86775fcd50de1d1eac92,ngageoint_opensphere
1506,19298f9c62e003ed089a3c87545a63674fa501e8,ngageoint_opensphere
1507,192a61a22d35c2caf6999e36039aa824ff1a1785,ngageoint_opensphere
1508,192f24fed34b26284d8d8b82ffbc52e910c62fe2,ngageoint_opensphere
1509,1932b359bc7604e735d969200be6cd712ee5d0f5,ngageoint_opensphere
1510,1933fdf30781c2dc73ec95d2238906465a89b968,ngageoint_opensphere
1511,193682c888395cf059d062d357339999d555aaf6,ngageoint_opensphere
1512,19368840fef161b18643f83d82c624820583adc9,ngageoint_opensphere
1513,1936a23feacf21dba6d41b12a6b1e14fc2481744,ngageoint_opensphere
1514,1938bbc95113c66fb746a0f3612a871f12009c09,ngageoint_opensphere
1515,193a992dcecf07bbd4fe51c0367ea4b44732fedf,ngageoint_opensphere
1516,193cc3c297b587ce0ca923124a2fc8e7fc3f3b03,ngageoint_opensphere
1517,1949f58cbefb84e22a31280af2de2bec5a189417,ngageoint_opensphere
1518,194a764d48c9c2f27d1e26328e05c414e4cb85aa,ngageoint_opensphere
1519,194e85c971c610f3b102a4407e6ad1757570be01,ngageoint_opensphere
1520,1950763806d508d3455191efd3b9301b0a865029,ngageoint_opensphere
1521,1950817c2651cf1c4575412afe9540c715a66944,ngageoint_opensphere
1522,19512d2ce52c321c18793ef1fc2aa51d24ec8eca,ngageoint_opensphere
1523,195923f678608aa8a8d4385508febb6f2e8e17de,ngageoint_opensphere
1524,195ad0e7f256a9cfa10bab13c6ce001086b7cec5,ngageoint_opensphere
1525,195c3fa0f74ad5a29f83ad024fd4a6e6776394ed,ngageoint_opensphere
1526,195d4f6e18f8cb7786e017f5c5d35b5e244c0749,ngageoint_opensphere
1527,195d7c8ebf8094671215240c65d5f43d365167af,ngageoint_opensphere
1528,195e3ecae937dcc204e0b869197df9b8c99bd473,ngageoint_opensphere
1529,196620f2ec77e57a75ee03e6456d164d775a61b2,ngageoint_opensphere
1530,1974d4729322e7f3227fa65acfd2af056fcde5ed,ngageoint_opensphere
1531,1980d4e013d2fb314262745977cc07b332279c61,ngageoint_opensphere
1532,198170993a2bff16c451c33d6de9a88ef9eecdf5,ngageoint_opensphere
1533,1983b02c5c1da422582fe5572a80da762edf1e3a,ngageoint_opensphere
1534,19864dea0379aafb44717a0a2fa67a57359b22f6,ngageoint_opensphere
1535,1989cc44b0e1b96586b3734ef69242f59c560689,ngageoint_opensphere
1536,198ad493d4bec22c86b8d442faae775b4dd8c3a1,ngageoint_opensphere
1537,19904ac85a482b0597a6cc20f4923be46acc0c6b,ngageoint_opensphere
1538,199fb5a74452dfa3d4f961dbf2ae9480b04cbbbf,ngageoint_opensphere
1539,19a3896c1b189c4f04a317a57e92b32a4095019d,ngageoint_opensphere
1540,19a5107e8aafc93a2e2b8a49ec182346c61fdf15,ngageoint_opensphere
1541,19a6b0f766f26843c3cc89db8071412d17527a63,ngageoint_opensphere
1542,19add89c8bdbc13e2bb7845deeca9ecb64f62c38,ngageoint_opensphere
1543,19ade6b67ab996e044fdf3dc6f60482d212035f0,ngageoint_opensphere
1544,19adf6996adb3311dd066e92d03b49a1cfb00953,ngageoint_opensphere
1545,19b6f0c7116987db109d3ce7f148350f4655db19,ngageoint_opensphere
1546,19ba1a7851a9ead6de5057b8257ebd627aef5635,ngageoint_opensphere
1547,19c89fdadaca5eb35e842cde63cf454299c11360,ngageoint_opensphere
1548,19d517fef31f2185d04aad6698fb3575b0179e64,ngageoint_opensphere
1549,19d5339b8fcbb06b7b14ee7102e0bb98fa0aae2e,ngageoint_opensphere
1550,19d5eb2ae1ea5fd0351898b0422c402a4ab29ed7,ngageoint_opensphere
1551,19dbce567b5a1154ec6b195e65c0a85f9bc96d80,ngageoint_opensphere
1552,19e732ff1a8b133cd0b626a9bfeb115780e8b430,ngageoint_opensphere
1553,19e927698b12480f0de1151f1b597d8c09d8e35f,ngageoint_opensphere
1554,19e9b2b8bc525a0bcb96b5013db6910e855d23d2,ngageoint_opensphere
1555,19eb49a5fa0a4dad343b78a48410fa383007785e,ngageoint_opensphere
1556,19ed41e40b1c9e3a26cac1c246bfc26590db2903,ngageoint_opensphere
1557,19ee2ff7ef41a4adfe6c02afef0417162d154536,ngageoint_opensphere
1558,19f3b30c8c34d920d299a5697647428e099280cf,ngageoint_opensphere
1559,19fece191e98f4e71e1f28bdc7f51e2a8729dcd6,ngageoint_opensphere
1560,19fedcb745fa17b84498e8c1d14789979f352474,ngageoint_opensphere
1561,1a0072b6934d3f7809974f1e69ba0b3f55e0a483,ngageoint_opensphere
1562,1a0713ce3eda38a42d45edace47dec14aff69630,ngageoint_opensphere
1563,1a157508a8e35c69902c4fd5edc281924be3ac10,ngageoint_opensphere
1564,1a1c59f0cc5ac50c485b97293de1fc23c8e1845a,ngageoint_opensphere
1565,1a3c0586d89cd72f267278f5165f20f1f7254ed3,ngageoint_opensphere
1566,1a495e02fcd04d624d8b59db77407e56faa142a1,ngageoint_opensphere
1567,1a56eb2e4f1cf10179abbe2f11c2be8ed1d64602,ngageoint_opensphere
1568,1a58531890ce562c50566aa154419d6cf707e423,ngageoint_opensphere
1569,1a5ddc988715e7456a75f98ea9bf31b5dbbb33f6,ngageoint_opensphere
1570,1a5f58a76beffaf5d9248e8bc9167c0d75483933,ngageoint_opensphere
1571,1a66fac8cfbebbe0ebe8f74c2bebbf42bbc640df,ngageoint_opensphere
1572,1a6ade55c9b80d3671580caa761af7548d93e1ae,ngageoint_opensphere
1573,1a6cc88b644047bb6d79de4ff43eb0c99731ff84,ngageoint_opensphere
1574,1a746c2815b31ccbdbb079297a8a5acd8ec1748d,ngageoint_opensphere
1575,1a76229b58df551a90dd80dcedd1aaa8466aa1a7,ngageoint_opensphere
1576,1a7a86c805bed5a0be876e44007a178ace23e369,ngageoint_opensphere
1577,1a7d1d6ced23be99dba41b213dfe62330816129f,ngageoint_opensphere
1578,1a90ac5bcf100c8e3d3a61f9e2323a04f61d0f3f,ngageoint_opensphere
1579,1a9478c16a21e10e7e290e887f2594f1cdf9f840,ngageoint_opensphere
1580,1a9c11ff6f88581573906a98e991cbfa5208e601,ngageoint_opensphere
1581,1aa3cdecc4b112f023cd2582061ddc8916a7fb24,ngageoint_opensphere
1582,1aa407048a07cdcd1bf9c0ef22fdf0367396b0dd,ngageoint_opensphere
1583,1aa5e204b95be5b925fb76bffe74c859da193447,ngageoint_opensphere
1584,1aae7efba20fe0058d427d67c0ad93796e881a86,ngageoint_opensphere
1585,1aafe3cc6c2a7c99db7c39567e8353930f291c38,ngageoint_opensphere
1586,1abacede82ac06cedf27bc4896e2851d0cbb76ff,ngageoint_opensphere
1587,1abae803fd378d94e0efb6b537dd5d8106d857f1,ngageoint_opensphere
1588,1ac6b18b8a5732e7fbc76023ef9db0c29d468bc7,ngageoint_opensphere
1589,1ac6f7721666edfd0c84524f58d7dd8a73b550c4,ngageoint_opensphere
1590,1ace6a4b2e61cbf804f339b64ca80ffc6894ff1f,ngageoint_opensphere
1591,1acf1af6c8b3ab84396b86054c33036936581de0,ngageoint_opensphere
1592,1ad49cc131bad0bfa3afd443278e2398e41cb9d3,ngageoint_opensphere
1593,1ad89880aa66ddc21f4a645565c469c834f4d01a,ngageoint_opensphere
1594,1ade6869fea2fcad1674ba7319926ef39a2d9797,ngageoint_opensphere
1595,1ae40eb5c4b1f2b2eec49c5eac61e791d764817d,ngageoint_opensphere
1596,1ae96aa1c0ca982f6c1bda2871dcecd16ff97cab,ngageoint_opensphere
1597,1aea1a7c88e1d4a8638041fd25e87788f55017bd,ngageoint_opensphere
1598,1aea635f86a3ac20a57be96384b232328d8aa5d2,ngageoint_opensphere
1599,1af0f2a66ba4ecc312de37f1b65536ff8169699c,ngageoint_opensphere
1600,1afea95b840b5ee032069a03ac0bce8cd3ba8dc3,ngageoint_opensphere
1601,1aff364666fbe8c3fd93193f678769f7910ffb11,ngageoint_opensphere
1602,1b0c9af3528a011f9135509a05a794bcbddd8f04,ngageoint_opensphere
1603,1b1331b6d6fe2a9af851973866064890c2b4cd3b,ngageoint_opensphere
1604,1b15437b88549e9c51ae2f8a62f62d5cf79b355e,ngageoint_opensphere
1605,1b29c6fb78ab87c5b673cfc390142ef31a567ee1,ngageoint_opensphere
1606,1b2a0ccdfd544ff6ed44edbae1fdcd73e5f1a49b,ngageoint_opensphere
1607,1b2b6e343ad4febe7fc52fb5e44021a141530d5f,ngageoint_opensphere
1608,1b325644b879c4dea1febecd2f983e087ed88ebe,ngageoint_opensphere
1609,1b33bc951271f06f7c237763c24678726430d35d,ngageoint_opensphere
1610,1b33e115068e64e967ac6aef1e73b5cad3929d37,ngageoint_opensphere
1611,1b35c17376ca065fe4d42088b47a73937b7aaccb,ngageoint_opensphere
1612,1b3e560308211497bace499d1e2d3dde97a06044,ngageoint_opensphere
1613,1b4bd3db978f9449e4ef318726b3bd0440ec4258,ngageoint_opensphere
1614,1b50a2625500da8553edeb23c46b77bf0b1ceb81,ngageoint_opensphere
1615,1b565309da6fbdc337150be7c82ecaa0c85271c8,ngageoint_opensphere
1616,1b580efafbdc8e65eb5cb27579d3367846058b30,ngageoint_opensphere
1617,1b5a5334a42c5bba895536bcf9c2933d364886a0,ngageoint_opensphere
1618,1b60771b89e74da53231164f56ee6cbb2f630e87,ngageoint_opensphere
1619,1b61460b2757528496ecb870b115f3793151d7c4,ngageoint_opensphere
1620,1b648fc640b0da47e594a4868f9165818ff3c4ad,ngageoint_opensphere
1621,1b6e07536bdb8e145d0ac5654f9687b36537cc15,ngageoint_opensphere
1622,1b70dbd00d88d5fd6b4858f26d55e1c7f03652e6,ngageoint_opensphere
1623,1b74f97cb821cae1b6d699be1455f527950ba427,ngageoint_opensphere
1624,1b763fce06b799ae170ea9f8d66a3b0d7770cc0b,ngageoint_opensphere
1625,1b822757dcbe530aa1c28e1fa251a6c6bea1cdad,ngageoint_opensphere
1626,1b842959f5f1585731ee0a555fbc5a76fd6ca034,ngageoint_opensphere
1627,1b847432bf0d3b52c8521a372ec0fe8979df3238,ngageoint_opensphere
1628,1b85bc109a750fb3d0d958f918ac83eeac56ee72,ngageoint_opensphere
1629,1b880eaa15c36a5af82923e45df6533727dde504,ngageoint_opensphere
1630,1b8959ec773c399957c5972d4f0a3e5d6f0aaa57,ngageoint_opensphere
1631,1b8c891f3fbfc3c095df67ababd21517c7a709f4,ngageoint_opensphere
1632,1b8ff4873002f78d9e05ccbe9945f2364b2ad505,ngageoint_opensphere
1633,1b904baf67679869b781a204cf804b6610c0fcd0,ngageoint_opensphere
1634,1b9229bc605da47a6fb201cba7e397a4f3279d88,ngageoint_opensphere
1635,1b93ed64db62765e1c82eb98d9d58d6801796216,ngageoint_opensphere
1636,1ba1de1a6461826643d71b585c3bd28af87ac8b6,ngageoint_opensphere
1637,1ba6e67eca20a20d0ee843e5999f3548f49afda1,ngageoint_opensphere
1638,1ba748f7e5c790e75406b39b43313a4b5e20a825,ngageoint_opensphere
1639,1ba96a43206485f69b1e0ee989c3ac6460cc4909,ngageoint_opensphere
1640,1baa48a36372ba7f6884b09e87fcbf3e09d26ce0,ngageoint_opensphere
1641,1bacfa71910f93275b15fba009f140779d02ad30,ngageoint_opensphere
1642,1bb98f9b71d28ff8d4af28633bfc7ed73f18425a,ngageoint_opensphere
1643,1bc27bfe2204e77c12e7e1af26daa2cdb6603db1,ngageoint_opensphere
1644,1bc2b0c3365f8e036961189edec6c580b347f238,ngageoint_opensphere
1645,1bc3232a25b797e7ebad1012ee68053940643314,ngageoint_opensphere
1646,1bc8ff89b1905e1e0df0f24801e011e9d00b9d2f,ngageoint_opensphere
1647,1bd0c9d360273ff029312715178b1403818db242,ngageoint_opensphere
1648,1bd1d330d2f919fcd9c88b8153e3ce887cad93e5,ngageoint_opensphere
1649,1bd33ec794287a17ff7f312662663fce471b5a3c,ngageoint_opensphere
1650,1bd9855ec5cf917d01bca97d8b89b7753f469a8e,ngageoint_opensphere
1651,1bdcab26f3bb61d684bb9da86ceb0d83ae36d951,ngageoint_opensphere
1652,1bde4898209607368ee5902282ae16e6fae44786,ngageoint_opensphere
1653,1bdf01e26fc752d7b9f00be6ba3d1fd2e97e8284,ngageoint_opensphere
1654,1bdf02d036027513427e737ee983bd17303f6216,ngageoint_opensphere
1655,1be26aa5dbee8f4fa3fd77c6a16305dcd24be931,ngageoint_opensphere
1656,1be70cb40b75037d903aa80f93082d196af27ec3,ngageoint_opensphere
1657,1bf968f9123361793140d8e4417f8e3e8604bc9c,ngageoint_opensphere
1658,1bfd65c0e70dce0b43cd2e47233c6fb51b22b994,ngageoint_opensphere
1659,1bfd778a08637a62c7ae4973ea53e19cb739eeda,ngageoint_opensphere
1660,1c0f4361b570170ccf3fe3978ee45607cca30ee0,ngageoint_opensphere
1661,1c12e7df4f03a832cbd293138c384313f09830f0,ngageoint_opensphere
1662,1c1745985b3a4ee234b98bfc187211af6becde68,ngageoint_opensphere
1663,1c17b1475f8f36f0390903f75368bec8cd19164b,ngageoint_opensphere
1664,1c1abe0a27b909164c5a4d82a2d0a8774d767f57,ngageoint_opensphere
1665,1c1df67d315b5459b986c58b5701466ca2d4cfca,ngageoint_opensphere
1666,1c229bc073aa6375f083fddac8e29f3df9c53f83,ngageoint_opensphere
1667,1c2397f47ac15143a9a30b62d7be5e595ca22a2d,ngageoint_opensphere
1668,1c2c0e3a68ee0aed0d4050b79c7a5b072e4cc3bc,ngageoint_opensphere
1669,1c34d01b468456fb3f529df66181d2bb10e4c105,ngageoint_opensphere
1670,1c3748ec1386e6cd1f94e1784779db87027ef9c0,ngageoint_opensphere
1671,1c3f07331e93285aa940c0041099adc87c73d01c,ngageoint_opensphere
1672,1c42b4e175c2c1ba17076452a4722a846276ad9e,ngageoint_opensphere
1673,1c4646eb9a98e02bab624a4accabee188510f031,ngageoint_opensphere
1674,1c4810835207eda293ae6ea8312ecc3d7842986d,ngageoint_opensphere
1675,1c495f2cad8312c28f56b8970fce7ebe8422e471,ngageoint_opensphere
1676,1c4d7dcc4f340391da1f76169270205b687a15b8,ngageoint_opensphere
1677,1c4f346db55b406b3415f12838513955817023d5,ngageoint_opensphere
1678,1c52e2864650df56fa1f5b56ba5c17ea97585379,ngageoint_opensphere
1679,1c55c66de04d59687b2d2d092f1004eaf5d542b1,ngageoint_opensphere
1680,1c63227865f1a58d87e553e944d4be855b7a91c7,ngageoint_opensphere
1681,1c721258c921d5062afa41f26af348b4e88d1a0a,ngageoint_opensphere
1682,1c844bdcaa4102f3600a0d5d6a021dde9be8533b,ngageoint_opensphere
1683,1c89980f49eb377cd2909c78c824d58fa1f98c81,ngageoint_opensphere
1684,1c8b344c4ee9393707b6d2db7bd6ee94a9631d43,ngageoint_opensphere
1685,1c8e2098a5a98491c5100b645f7281e5c301c7d8,ngageoint_opensphere
1686,1c92a3e51d3bb6f723079f9f9bcf0b154813a689,ngageoint_opensphere
1687,1c98a0787709a713191525d91b1c97624d87d28f,ngageoint_opensphere
1688,1c9c18519e968649f5c697f5dfbbd08792a048b9,ngageoint_opensphere
1689,1ca9f62927f07a4bac98576802316335447a2a96,ngageoint_opensphere
1690,1caa3b4463106d9191fcd46328fbc983e61d21e2,ngageoint_opensphere
1691,1cac6d29c9c0a1988f181e516d63a019b2035c19,ngageoint_opensphere
1692,1cae7b611c4e22a9af7a746cea0d03e53ca48f7b,ngageoint_opensphere
1693,1cb09bac9fb0db1707e2e6e022b4ffb4c4417bba,ngageoint_opensphere
1694,1cb38f48284fd1ea31366959186893a33ec2a46f,ngageoint_opensphere
1695,1cc4e3a81a4474cd4c8d11c0cb01d1ca445da50c,ngageoint_opensphere
1696,1cd15c5c8c15e4aa07eddb2d43d0b6aa874f1e9e,ngageoint_opensphere
1697,1cd3d8d0478f8da5890e8cbea8a8d4481ed094d6,ngageoint_opensphere
1698,1cd5df072992e447e10d6b4ce67e786ff01686c6,ngageoint_opensphere
1699,1cd94da74ed4c7346b3b434666387571d32b0c6e,ngageoint_opensphere
1700,1cde87ff0b72c1a957e4fd9f7d22667ffbe5efd5,ngageoint_opensphere
1701,1ce1cd9b96c4f4d927d5e56045867521314a381d,ngageoint_opensphere
1702,1cebcdfbe7f3e3df033d9469dd2a64c66775879d,ngageoint_opensphere
1703,1ced6182bd5527a0bb1f8cba64427b4647e8dd23,ngageoint_opensphere
1704,1cf8a99077330d969a7beb855d59db6cb7d0413f,ngageoint_opensphere
1705,1cfa14c789387d161e83dcf620eef6d60815bb62,ngageoint_opensphere
1706,1cfc4e8a62ddba560e99280bed75d690314125e5,ngageoint_opensphere
1707,1cfd3a5c314f9d57bcc3f8eb62734eb53c85655e,ngageoint_opensphere
1708,1cfe35b0f30be10adde369e14c91c25d657c5014,ngageoint_opensphere
1709,1cfe85c08151442a6f656d2bc385f2e56f51e3cf,ngageoint_opensphere
1710,1d03f9ad19c769ca02283d4a8c8c9f790b2231c4,ngageoint_opensphere
1711,1d0463835d98cbc4feb52d84a02e73339a84a5e3,ngageoint_opensphere
1712,1d08db882896440deb9cd126dd0219709132ac7a,ngageoint_opensphere
1713,1d120d8c5da7c913259f58711ea026da78b23e61,ngageoint_opensphere
1714,1d1516005911de9c36dd169b8b23f0f03c32ae8b,ngageoint_opensphere
1715,1d173afc8c3006833c66d775358097eb925dee71,ngageoint_opensphere
1716,1d1c6c067d069f6eead535c963713dfa99c49312,ngageoint_opensphere
1717,1d1dd9f1d2f9c7f58d751089aa8ef6541bf3022b,ngageoint_opensphere
1718,1d20d5021368df88e64b1ae1be6f57aa49688a75,ngageoint_opensphere
1719,1d2b29a3ddf1b311f75599bc1a4cda0d279f5b62,ngageoint_opensphere
1720,1d2c870f4c8af5fb0cff50fed5a6cf748d4c454c,ngageoint_opensphere
1721,1d315a1d4c9b65ea4e13a2e1eabbaecd9caf7eb2,ngageoint_opensphere
1722,1d3351ec455cb62efab927025c6e33784a48c8a4,ngageoint_opensphere
1723,1d34ab83e4b4f53c60d827e2f510e7f23da513a6,ngageoint_opensphere
1724,1d36b262362e865cee1166e71a8c943c8183ce61,ngageoint_opensphere
1725,1d38b874b8ba6c0d7a0d14b35508d7d528376fb7,ngageoint_opensphere
1726,1d39d3727ceae81cb6467ddc5eefae0f6b3b1854,ngageoint_opensphere
1727,1d3a4ef064b6bb1dc46425e929034e53e2853d5b,ngageoint_opensphere
1728,1d40878c72356fc72e3f0d0c994d6e3f25216859,ngageoint_opensphere
1729,1d41bd2c6f33a08e424a4360b5ef150dfde7af4e,ngageoint_opensphere
1730,1d48272cee10acfb2c59694f14fd5bced8d50bf8,ngageoint_opensphere
1731,1d538d9a42ae1927d18fd9989f65d6121a6a52ee,ngageoint_opensphere
1732,1d542f7d5f129b48875d20991d49916a15f6247b,ngageoint_opensphere
1733,1d54ec0a843264645fca1b3f96231aa5feab3977,ngageoint_opensphere
1734,1d56c98e390b92ac6dc368f3b5ce1384ae068d29,ngageoint_opensphere
1735,1d57592b1a8d9adf61f0060d3672ee9f9843739a,ngageoint_opensphere
1736,1d57c4f5765803e54898b4560ad38cdff5d1df7a,ngageoint_opensphere
1737,1d59e15741aa2b6423ebda60a952295cbe4673cf,ngageoint_opensphere
1738,1d5a84bfe84f5fecb7c14a402f9fff8f23427a00,ngageoint_opensphere
1739,1d5e3b37a8709d784e6e769c9a6d6217159a1831,ngageoint_opensphere
1740,1d61e6995e8884f266055a48802409deed93d6fe,ngageoint_opensphere
1741,1d62b033bf0c862fd0511b60a6755830a3ca7f1f,ngageoint_opensphere
1742,1d694365d787dc1992f2bea8b923894b23bbd801,ngageoint_opensphere
1743,1d696151185cf5205b0ef536332786b1c368dc24,ngageoint_opensphere
1744,1d6f4ec59c2f68d4b85c0732c9b142a0a85caed7,ngageoint_opensphere
1745,1d6f6d8584d7a838afa3706ece493076953bba73,ngageoint_opensphere
1746,1d703a53d6c6f66f788e65f51e555185a96cd072,ngageoint_opensphere
1747,1d8379b702de81623b1b4fa65fc2ac67ac25e426,ngageoint_opensphere
1748,1d88ee02493c3b6c2213341ca0ec630df379bad8,ngageoint_opensphere
1749,1d8917d0f6f17f78dcbec21999ec98232cdd1ba6,ngageoint_opensphere
1750,1d8f85e8f54b816da56368145ce1bd525e0c9fbf,ngageoint_opensphere
1751,1d997e4e41805b846ee2ea7c80ed4d591f2adf2a,ngageoint_opensphere
1752,1d9a248108a7fa32ba15433df4f58590624e2f4c,ngageoint_opensphere
1753,1d9ac3359d4de5d5317212a2eb82aaf52c3e82d7,ngageoint_opensphere
1754,1da65d53232fd925863b34b897446e9f77f2aa25,ngageoint_opensphere
1755,1da775cd45b9f4643938626ebb732a91c788347d,ngageoint_opensphere
1756,1da84cbc53b4a566b29355fe61f3c0bf52964d32,ngageoint_opensphere
1757,1da9997bf408dfbdb8d90f77011906f257f4cc1c,ngageoint_opensphere
1758,1dac9e154fc898ac0804f0693122a83278ab7225,ngageoint_opensphere
1759,1dae2afb5e03b5845692b1660c221e244c7382ba,ngageoint_opensphere
1760,1db0723cb85ee1a0f1a3cb4654089f893bbbb6cf,ngageoint_opensphere
1761,1db0e43cdab402031927079473eab4613f7933cd,ngageoint_opensphere
1762,1dba4947af9ab3267779ff0c2b419e30ec093b54,ngageoint_opensphere
1763,1dbc61a93ba6975c23a848248a945e5c0a979e4b,ngageoint_opensphere
1764,1dbec0e94e613aaea3d0ef24e08d5ca0ecc706e4,ngageoint_opensphere
1765,1dd6108b51dbbe0bc04d02258bc2d21ae51b0af2,ngageoint_opensphere
1766,1de18d10aff4cd0fc4c9c9cda2d83afd06e615a7,ngageoint_opensphere
1767,1de1e9c260421848e193614c9d50caae185a50b9,ngageoint_opensphere
1768,1de289344819af9e6defeb2c9ffc7a243b7f23a1,ngageoint_opensphere
1769,1de28fa0a9f3a04f22f39e5070a6d7794ddf708b,ngageoint_opensphere
1770,1de420bfb790df532e46413f0ff405428aff0de8,ngageoint_opensphere
1771,1dea2735a95276ff8b1d86f19322fa15983b9d36,ngageoint_opensphere
1772,1df2c74c7da5cdd15887809f07d2e5a4152661f9,ngageoint_opensphere
1773,1df43443a7136c539f23683c4d12f8044321c5fd,ngageoint_opensphere
1774,1df97a383d57654caec15852c74fd798f3664d9a,ngageoint_opensphere
1775,1dfee8a01b78b56c0fb666b0b159c058f6e3f915,ngageoint_opensphere
1776,1dff36b60bea3fa0da6702071e7322be5daa63ad,ngageoint_opensphere
1777,1e046e638b4a9d79c013bee7a7f24fc38aff129a,ngageoint_opensphere
1778,1e053c3c45e39cfd96f3ded596d8185aa6b9769e,ngageoint_opensphere
1779,1e0c43d8e6f4cba9fbbd82d704557e9d25b33eef,ngageoint_opensphere
1780,1e0c84102eb8a33ff0c81f67e4cb9be680fbc777,ngageoint_opensphere
1781,1e0cf805ff80d66032965bc0397d48217b2869bf,ngageoint_opensphere
1782,1e0e98b9f4ab464487d179029e6b9538e5210072,ngageoint_opensphere
1783,1e123ebac72b2504e69500f1eced1420d5649ff4,ngageoint_opensphere
1784,1e12952de903175c81aeced5360a06e6eb24505f,ngageoint_opensphere
1785,1e15a04c6879f0335ee2d4415df747b37e4f6991,ngageoint_opensphere
1786,1e15b1248bad397799abad88a0c24af4135a3283,ngageoint_opensphere
1787,1e24439c17a408fca8c17fe63c469e15dbb5e8fa,ngageoint_opensphere
1788,1e2593b0d65a57036e5041086e80d2bde9c7fbc1,ngageoint_opensphere
1789,1e268a22cc75d71b466bd44c75335d5e06f00dc7,ngageoint_opensphere
1790,1e2dc35f99e97d8e81661ffb43ec42db5b4e3670,ngageoint_opensphere
1791,1e36baf08620acc878810f7ca6752b8350426631,ngageoint_opensphere
1792,1e377bec4b6782410f7635a6ea59ebbfc46428e1,ngageoint_opensphere
1793,1e3a23e2760aa94c2ae829fc0ea714a8ce6da6ee,ngageoint_opensphere
1794,1e3e8ca02a8af869f43314930287764dded1f420,ngageoint_opensphere
1795,1e41846ac93e5e03620ce1666f6b79b8eb676e03,ngageoint_opensphere
1796,1e454f503cba7e59f1d4519586d50548f0c1375f,ngageoint_opensphere
1797,1e4c01cc8cb877bd316c442dac8cfea9b9293682,ngageoint_opensphere
1798,1e4dc0702364653eaf8b50c1513e8412ac53574c,ngageoint_opensphere
1799,1e51711d76f2935778eaf78a2348b8db798e4b41,ngageoint_opensphere
1800,1e5d02dae5f3e0f3894e4d2ebca78aa50b892d60,ngageoint_opensphere
1801,1e610544a3105896e2b9648cee0a57764a8df623,ngageoint_opensphere
1802,1e65e99f53c9d849e1c6aaca485fcdb2bbe10b41,ngageoint_opensphere
1803,1e6d6749f801f958b49a0ba1b137afbb53dabce2,ngageoint_opensphere
1804,1e6eb6a2598102b5d5e8a1e4d698565491e296b1,ngageoint_opensphere
1805,1e6f25abcbe72e4882274f5632ecd6657b6dd5ff,ngageoint_opensphere
1806,1e76dfded5606f0487de2d455a059a0b3bfa3db1,ngageoint_opensphere
1807,1e7bea17994015d72332a8591db4757ece0b39da,ngageoint_opensphere
1808,1e8eb02ce265d1b569dff7d4d522e0f525841356,ngageoint_opensphere
1809,1e9881cfb272b52954cff289cb8dbad49182aebf,ngageoint_opensphere
1810,1ea0f7429094d6bd58040cbc2905e3c13a5420e3,ngageoint_opensphere
1811,1ea487afc3232e0851dbeb93bfaf485188ca6905,ngageoint_opensphere
1812,1ea5d5a1183116b3f627c06df8ac9e84e0a31742,ngageoint_opensphere
1813,1eac018fc1526f3614ad4f372ff400cbab68ea81,ngageoint_opensphere
1814,1eacacb0197e39f8f0a2d1ec8ab6c5276e6f33a8,ngageoint_opensphere
1815,1eb1888cf149f34d09a4b426ec80b8398fe77007,ngageoint_opensphere
1816,1eb6ee397c6d664e886916802676ce23df199c23,ngageoint_opensphere
1817,1eb75ffce474945fad70517f913bb8f52b6cdf43,ngageoint_opensphere
1818,1ebabca87685e6f817bfb841e32ea723050ad969,ngageoint_opensphere
1819,1ebde064b7f5e74a21b8684195271c7eacda1fa4,ngageoint_opensphere
1820,1ebe4e3e0e204d882677c1bed9bfb7c2984a03bf,ngageoint_opensphere
1821,1ebf2ab5721131110d6f2e640eea343de8f45c65,ngageoint_opensphere
1822,1ec0512d4c03e706a4d8071496ca7faea695be46,ngageoint_opensphere
1823,1ec123fc90718e0cb9ae0aa0ce0cff647289bcf4,ngageoint_opensphere
1824,1ec2333fd4e7e1b3b52eb8b70c01fd440d6d6f40,ngageoint_opensphere
1825,1ec2d4dc3bef88dfa4abe9eea5ddc26fcdcf6e57,ngageoint_opensphere
1826,1ecfb9708d4add73c01f90da89d827ed10831660,ngageoint_opensphere
1827,1ed15a06aba3ec76b3ec4b4bc03ce028c5a91b8b,ngageoint_opensphere
1828,1ed424a932660a8caca45aa94675522a2814f810,ngageoint_opensphere
1829,1ed5155c897c5dac4dbc6dc11b1bd8b37669688d,ngageoint_opensphere
1830,1edd5cc6d47976a08ea8d72ac325e4f5894f708f,ngageoint_opensphere
1831,1ee13caf6baa077290c77f94cb0cc37cd76a9178,ngageoint_opensphere
1832,1ee58551979fd42a5ff949422e1e235041eb4f4a,ngageoint_opensphere
1833,1eee49fa3b2732a22be9631a14f675c62aa9d003,ngageoint_opensphere
1834,1ef114409a2de41cec86b128f01cbaf5757cee17,ngageoint_opensphere
1835,1ef44e8e225b11ee1340f342434014e0f69224fe,ngageoint_opensphere
1836,1ef47d564c14261e90e1d2b406e38e5a3a7d900a,ngageoint_opensphere
1837,1efdb36c2a48683232834052fe080b83230e9b9f,ngageoint_opensphere
1838,1f00f4d46478e56a224cda1a3d7ca771e2893653,ngageoint_opensphere
1839,1f02f1d3d7323bdf4ffe37e09ff306acc8fc17b4,ngageoint_opensphere
1840,1f04c4fd5b9d5f6e17f5f9d227093cbc06de14c8,ngageoint_opensphere
1841,1f07f547d1dcbb9d3e68787299d4883778242f90,ngageoint_opensphere
1842,1f0ab7f7943c6a0fc4a918e1c2504e91b6448e62,ngageoint_opensphere
1843,1f0b055ae6bdbd6398398d68b1acc25081b25c7b,ngageoint_opensphere
1844,1f0fc5a6ab5ca39239aa40869e5f16d799c85f0f,ngageoint_opensphere
1845,1f11fa4fa8c8a41524f9b790112941a5530d9981,ngageoint_opensphere
1846,1f12f484b16ff22b75ccec055329bfbc9917a0ad,ngageoint_opensphere
1847,1f1f733b8b1131c799dbcf531a84423d68248019,ngageoint_opensphere
1848,1f2117132b3ddd0b8829a5fda64dd6dbd1c279af,ngageoint_opensphere
1849,1f2c122f7e0d1df08be579aa0d07d67a2d1258c5,ngageoint_opensphere
1850,1f32910d22f7f66f7674fee1ea45ab2a8d8494ce,ngageoint_opensphere
1851,1f346efaf682f0b3252f114410096b120c80a9a5,ngageoint_opensphere
1852,1f412c748c5ac49119bd83f5f3be5e7cf4555a96,ngageoint_opensphere
1853,1f44c6386c8b01e29d1274cff3d0cb275a11b5bd,ngageoint_opensphere
1854,1f471e1a05c37c88889fcd47accd307bef924254,ngageoint_opensphere
1855,1f4864eabcd4fc0882222b162f73b1103a23d8d8,ngageoint_opensphere
1856,1f4fcfc0b80176b12e2c9204d45de1b9b580be39,ngageoint_opensphere
1857,1f5066fb21f55e91de7740dcc5a79cff31afdd25,ngageoint_opensphere
1858,1f5207e6a17a52ae09424aa5901d2c8e5d864615,ngageoint_opensphere
1859,1f5260d34e6b5b40ae34fe8133d754fef7b23f53,ngageoint_opensphere
1860,1f5be66133394f77d0f5461b8076d59ed3784fc8,ngageoint_opensphere
1861,1f5f42a57c1c6edcb776bbf2df278a2feabe6fa4,ngageoint_opensphere
1862,1f62c4b56c5fb1c8bc60972a0ff00c4f55080589,ngageoint_opensphere
1863,1f6b1f3f1843dbdd5b25c7bfba1d172639a9e3c6,ngageoint_opensphere
1864,1f6cd1e203968df9708316317fe675dc49332ffc,ngageoint_opensphere
1865,1f6e215c4afa2b8e369aafcc0bd2d3110ee5fc4b,ngageoint_opensphere
1866,1f730c5adbf5de884650aee4227b24f4219da3b7,ngageoint_opensphere
1867,1f750bc0192f7cea03457928aa009dd002825639,ngageoint_opensphere
1868,1f7ce9ac2fe6ae14fc8be168039d474f1317dc8f,ngageoint_opensphere
1869,1f7d2dc1cfc761dad7ef866fdcf46f04475923da,ngageoint_opensphere
1870,1f82c433821d21b6c3778d96194971d824910123,ngageoint_opensphere
1871,1f8e53d824b62de9628b0e56783a69dae6bb89c8,ngageoint_opensphere
1872,1f8fd3613657715ed3621f38bb41899f28f7c394,ngageoint_opensphere
1873,1f93c6523efb8081342d0821b071edefb1ab7627,ngageoint_opensphere
1874,1f93d0ef5144c832df030efc4c55f203aa0a41b5,ngageoint_opensphere
1875,1f95b156b9ee4627a87b135e2936ea06401517e7,ngageoint_opensphere
1876,1f97287c16526fc7736c81fb9f0a5b0cfbe3046e,ngageoint_opensphere
1877,1f9f526eed3db83348ea1ae002eb4124a50a0e21,ngageoint_opensphere
1878,1fa364ec98c21fcd09c19ad92798c7b935939df4,ngageoint_opensphere
1879,1fa521aadfa1e6735f779dc91bd38d08ed1888c8,ngageoint_opensphere
1880,1fb324576ce8f08fc3fd46c862b79b1b9a82671b,ngageoint_opensphere
1881,1fb8a3274c822e0b4b8f0091a139bb6c1669af7e,ngageoint_opensphere
1882,1fbf1190e5e7cbd361dbc8c7d1ca5b1bd8060c81,ngageoint_opensphere
1883,1fbfabf70a9d44362affdee82af21e8151e04e69,ngageoint_opensphere
1884,1fcf56514ddbe7110a328d4e6366eb4b80e53338,ngageoint_opensphere
1885,1fcf92b89bc9759899d81493d397a6839550313f,ngageoint_opensphere
1886,1fd04e053358034ac64187b724b3ffef59fe5c42,ngageoint_opensphere
1887,1fd9625935804f145e487c40fd5bf795ec2e3fc2,ngageoint_opensphere
1888,1fdc823796f4ad7b5f7970a6af8d749cd88cb8aa,ngageoint_opensphere
1889,1fdf55fac290fa2bc0c1294dfd14466a65fd4990,ngageoint_opensphere
1890,1fec350cf7fe3ceea6a29becff0c891a0926a3a4,ngageoint_opensphere
1891,1fef471aceb4198ce566a942e2c33bfe6cbd4fef,ngageoint_opensphere
1892,1ff040dd9813e43659a661fab4a0b22c14c8ed2e,ngageoint_opensphere
1893,1ff66ba742e33b39f3c28651bc83a40f26d1fadf,ngageoint_opensphere
1894,1ff6b5f879eeda94a74506c1e8aee59988d44e15,ngageoint_opensphere
1895,1ff7371ebb8b11204badc372b9316dd7cc50e143,ngageoint_opensphere
1896,1ff8818c5e8b3eda7e944bd1192a833b3bf2b497,ngageoint_opensphere
1897,1ffa8190b9c2f814fb2197da3664b0dad2342f6d,ngageoint_opensphere
1898,1ffbe3dcdfce9c00852c8d2265a89d9189a4b780,ngageoint_opensphere
1899,1ffc196cbd5678c548454a6628a555c1c8834aa9,ngageoint_opensphere
1900,1ffd5bf0e010f3c7c1d2f30f4d057d8478bc48bd,ngageoint_opensphere
1901,2001d36f48a69864a0523247dd0ddc422c502ea8,ngageoint_opensphere
1902,20051c8fc67046246c5656944fc2ff074ea59e99,ngageoint_opensphere
1903,2009976ede728ee98f845ae943b7809b81ad27b3,ngageoint_opensphere
1904,200ab2adf633c557c762bf992be8b90e7fdada5f,ngageoint_opensphere
1905,201063d7bb17f94b7503159f594d7e0dc815f72e,ngageoint_opensphere
1906,2013b95cd76eaf8ce6dc718f26b28c34b807007e,ngageoint_opensphere
1907,20149bf734c79ddad8d3b24da76c82a148467336,ngageoint_opensphere
1908,2016c5de6b330152d464c4176c19330d33b42bde,ngageoint_opensphere
1909,20179b1006fc0130be1e827b10d3e0529d92f0b9,ngageoint_opensphere
1910,2018edfd15ec543da7b5a162c61c5eece2944096,ngageoint_opensphere
1911,201a2a588d1c887bb4beb9b19159b9e41efdbce5,ngageoint_opensphere
1912,201ba1368b9f1412c452c992dc767d02eb99d594,ngageoint_opensphere
1913,201d219ed9d1eabb89c65d618973a0adf3fe2651,ngageoint_opensphere
1914,201f6cfc44e90a6f3ad09732ba2ec3bf31f76e62,ngageoint_opensphere
1915,202bfa466721374b66aa2d16e970616940b34320,ngageoint_opensphere
1916,202cebd92a9608a28ac48cdcd1e58323bd63ea9f,ngageoint_opensphere
1917,2035b0cf1f16d6e3f72ebced009f99e978e2790f,ngageoint_opensphere
1918,2038a6445bff494fe810653cbe6d61f7ee906e88,ngageoint_opensphere
1919,203dfc30d59e8769d2fb6a6bfc950cb1efbd31a6,ngageoint_opensphere
1920,203e0c1d8845ff9cd121d3ab9fa666f96f82c49c,ngageoint_opensphere
1921,20501566494934b1ec1c5e7b57ce4fdfbfb60d8a,ngageoint_opensphere
1922,2056ef1ec9baccdd5a1bd7e19476f84fa8adf1ca,ngageoint_opensphere
1923,205866d009058f8b7ad8e650aa066a6fd1fecd36,ngageoint_opensphere
1924,2059b759480de5aba44a67bda4666d0470159d0d,ngageoint_opensphere
1925,205cb2d1b1b064315153867c6742c49765c3f475,ngageoint_opensphere
1926,205e947ec660ed732b330e7d5637ddd59c26b305,ngageoint_opensphere
1927,2066b393dd0829be4d5e497820cf8368781a09e3,ngageoint_opensphere
1928,2066d17c7654acaa4a73010983e9b11bbe8451ce,ngageoint_opensphere
1929,2066e9050d2ac2f5d73b04822e9ffa87317cc0d5,ngageoint_opensphere
1930,206deecdab55f7e39b29e213e2868324f417c755,ngageoint_opensphere
1931,207d6de52517a0af18004a0502078db05642fdeb,ngageoint_opensphere
1932,207e62a3f1032dd6fb17dfb8bc8748507fc39a6a,ngageoint_opensphere
1933,2081380d3d923e221c141c9320cc8eac953ae231,ngageoint_opensphere
1934,20817372a8d8c8b7b409bd5c7055d7b95bbb0a4e,ngageoint_opensphere
1935,2086ba781e1056f1bdce5667268876267862441e,ngageoint_opensphere
1936,2087424c4070cd697b8e16508d0fd1b46a10d64a,ngageoint_opensphere
1937,208b953a1615d81aee31cd1fc62eb363f5858b43,ngageoint_opensphere
1938,208cd7df886e8f3545ce4ff3f1a3f8b9d06985e7,ngageoint_opensphere
1939,208eede543956a9cf58f42c55147bd0a2010d5c8,ngageoint_opensphere
1940,209e21336849dda8dc94ccf8ad46bc8f97d0c4dd,ngageoint_opensphere
1941,20a23a8d0a40b568742277d9498b11aa5b2fa2d6,ngageoint_opensphere
1942,20a3e16668bf00d706580ef837d9f1b74d9296f1,ngageoint_opensphere
1943,20a4a949dd95b14d214a0149687a4505d56dd519,ngageoint_opensphere
1944,20b2073b447780c8f15ffca72fa26471f896a93a,ngageoint_opensphere
1945,20bae5ad85987231244817cca8ed5dac85946f5d,ngageoint_opensphere
1946,20bb53c986d7c4fc051f9a67ea21615bb187ca1f,ngageoint_opensphere
1947,20bd3c4d9ca861b1b3490385aae4401587f10e39,ngageoint_opensphere
1948,20bd8dc3eb3af9974a30cb51ba0fdcb06e34e383,ngageoint_opensphere
1949,20be59fa6592d5b632cbbc8fcf20977f5cd3331f,ngageoint_opensphere
1950,20bfb09c7b6a9c8e04dddd0fd4bdfe04de27d656,ngageoint_opensphere
1951,20c546e57368fc0a260e811639ed8d75afe8a354,ngageoint_opensphere
1952,20c9ad03067f22ed817b15a115eefa05a42e2380,ngageoint_opensphere
1953,20cc15404482a07e47bcde66770e9924041752be,ngageoint_opensphere
1954,20cec534fe8109c3dbbde0b387c858d28700044f,ngageoint_opensphere
1955,20d302bacd1e3e4098b5146f1d5f44435f74cef9,ngageoint_opensphere
1956,20d3af7147d6f4b17df6c77b4a1a423237666dcd,ngageoint_opensphere
1957,20d9bc3f6ee3700367bce3f03a03ecc3678da45e,ngageoint_opensphere
1958,20dd142dddeb778fda8b57f12b6f509533d5f019,ngageoint_opensphere
1959,20dd5d619ee7ab7605a0692438aebde8c0bff663,ngageoint_opensphere
1960,20de3e62b094243d0771550df3d5a81095520d76,ngageoint_opensphere
1961,20e1c001c770a2e234ab5309c7f5503fa8b4f747,ngageoint_opensphere
1962,20e8b519e34e0b8f1416bb534a4adc0c0163dc84,ngageoint_opensphere
1963,20f8914872c46599e42a9f9bc2193bbdbdaa6beb,ngageoint_opensphere
1964,20fe1dfc5d248163274809a111e6da1e24f3cdb9,ngageoint_opensphere
1965,210442bc3d44e2bc724d4ac8003d96b48736c7c5,ngageoint_opensphere
1966,21067631be62141b604e7bf8c5d037dce0d9c51a,ngageoint_opensphere
1967,210ea3d9a6f214f28341f7146f1d7dc816440b9e,ngageoint_opensphere
1968,211942096dbd0a19a4edf616f9b71a0c289498d3,ngageoint_opensphere
1969,211a6011b2b1b2fb665f6b604c392c5a7c683a2e,ngageoint_opensphere
1970,211a6cf967f7cf3b7e24d8d19962be150ca9bc8b,ngageoint_opensphere
1971,211df10ad200d1c79c89f38d6d52bee264f27997,ngageoint_opensphere
1972,211f15a4cdf6d3138a1d5ba9ac4b19a9c5cfa2a5,ngageoint_opensphere
1973,211f4bcbac6bdb084b13332095f96e0cfd551c6a,ngageoint_opensphere
1974,21211c42c80fd10ae2f034286e2901de54f50b62,ngageoint_opensphere
1975,2121cb6056c3905ec5017f59e9032af7e7d1d039,ngageoint_opensphere
1976,21234e159f0b788d666a8054eac1cb1947199267,ngageoint_opensphere
1977,212718c1a5970f51d5bb257a3ec6b5215a64acad,ngageoint_opensphere
1978,212ab18fcfaea9833a26d2f2e808fa4c4282f21a,ngageoint_opensphere
1979,212c5d83b341535908651ab2622567703f20ea23,ngageoint_opensphere
1980,2149789cf0df85358eb3e3de2635021917ff0011,ngageoint_opensphere
1981,214a293929226670d89ba1b390a9be014bf9c8c5,ngageoint_opensphere
1982,214aed786a6106f890d7992102e58024f1b1191a,ngageoint_opensphere
1983,214ccac83e63fc59411a18540ee1351072ef019f,ngageoint_opensphere
1984,2154e962fe5c2997460b12fdc7a542b19579ac30,ngageoint_opensphere
1985,2158ee741febd91905efcc4ad2cea2c6a0a6dac9,ngageoint_opensphere
1986,2158f541ca43676eb9a35380f0ee62fda27dc179,ngageoint_opensphere
1987,216050cdce3e19c4736c29a9756f54fa0f9cf675,ngageoint_opensphere
1988,2160909237850937e78781fe4279206be8c5d3a3,ngageoint_opensphere
1989,2164d1b5a746b570f15d850fd5fce7ddd01d2683,ngageoint_opensphere
1990,21659b5527873efb90a885658ac796a0c1e9bf6a,ngageoint_opensphere
1991,216bd21e8b26cf384bea07d1b52e47fe181c250e,ngageoint_opensphere
1992,216cbfa7ad87ea8592fa92bcea247e7d5b15f09a,ngageoint_opensphere
1993,21717212a0ddef082d0ae85408d4a03cb963d732,ngageoint_opensphere
1994,2174b69867df2edaa7fd76e5f7452fb536c0a025,ngageoint_opensphere
1995,2183f315a533541bec73bab9cb88493a75348060,ngageoint_opensphere
1996,218ae1bc5d76402ca676fe0b842056d99e86aa52,ngageoint_opensphere
1997,2192b46536c246699238ac257453a5effb271cc3,ngageoint_opensphere
1998,219567350e8a2eda11abcb8f4cafe22b85e112b5,ngageoint_opensphere
1999,2199d179b6d32da7931d441e7152f05555156c56,ngageoint_opensphere
2000,219b6387dbc79caa5c2c4b5b8b130d82ce5f7921,ngageoint_opensphere
2001,219baa39f2bc58526e0b5339bdeea10ec4f31381,ngageoint_opensphere
2002,219ebd70fc8dad59073e81489bc8b6b17049ac2b,ngageoint_opensphere
2003,21a52de989f19c50b19f997d6e8749055ae551c0,ngageoint_opensphere
2004,21b2c7608c99ead9c228b62dbf4d5183a1138943,ngageoint_opensphere
2005,21b57dbf956a820a652d34a782ab6b58746d9591,ngageoint_opensphere
2006,21c354941cf5307e1c6138af11a7fdba4ca931dc,ngageoint_opensphere
2007,21c5f3011c434d594971daca1e45be7b0aa24b50,ngageoint_opensphere
2008,21d2320bf5b62fe940d92f93cd2c2db2994efb76,ngageoint_opensphere
2009,21d562984b833ea76209511870d9ebac17b122a2,ngageoint_opensphere
2010,21dabeb72c3d7a9d3e81bedc046016734115b976,ngageoint_opensphere
2011,21dcdcc79994364976b2e970dd8509193658c168,ngageoint_opensphere
2012,21ddcb1c96e2d6630df57bc0b78a396962db99a6,ngageoint_opensphere
2013,21de43bdecd6f176ff56dbcb0f2e04762957b25d,ngageoint_opensphere
2014,21def850e6fe24645943b1a5f2e6d7d7e441e065,ngageoint_opensphere
2015,21e20131ceb1e145874f5c0f0288d008eed0bbbd,ngageoint_opensphere
2016,21e3c6b9ecaf30698d42a05ec77f2a36b58a72ab,ngageoint_opensphere
2017,21e796ce219fed88aa9ce1ddeffe82a2ba4d8c10,ngageoint_opensphere
2018,21ee480d4c498e9209ef374be0f6151f9758ef36,ngageoint_opensphere
2019,21ee90b824690add799b0bb46dace242413c84b1,ngageoint_opensphere
2020,21ef6055861c19ea4579528ba29ff87e96dff6c3,ngageoint_opensphere
2021,21f7cb6b3acfd64417cb5724b501f967a9c9a717,ngageoint_opensphere
2022,21fd06b3650025dde3f54adb8db821a9029bf14e,ngageoint_opensphere
2023,2215f3a60a85f39881784f9b99dffd237f6c2963,ngageoint_opensphere
2024,221fbfd0627ab326378ad6935f605a35aa425f7e,ngageoint_opensphere
2025,2220758afbad6c37176a9b7283524a189b64f91d,ngageoint_opensphere
2026,2221674a8b02e9be183bbddbeef8f54a9e10cd39,ngageoint_opensphere
2027,22295ee8112041b87729619b79853d1a2852367e,ngageoint_opensphere
2028,223291648f1882c517793096d214f27051fa999c,ngageoint_opensphere
2029,2238826fd47e06500c05ab862c1a223afdf8c74f,ngageoint_opensphere
2030,2239ae570f9375da8b861466b3d8b17a09b3e9a2,ngageoint_opensphere
2031,223c403197f1be075429a045287d3113bdce02e0,ngageoint_opensphere
2032,2247e62a8b308df3407bffe383f5014703b73458,ngageoint_opensphere
2033,2248fbc377bd293597e0b3c056ccd536f2f0c84d,ngageoint_opensphere
2034,22511d3a1a98617b95ef21fdb86a413fb978fd78,ngageoint_opensphere
2035,22549c6b35a7d1ccbbabb6cfb08bcc000216bc96,ngageoint_opensphere
2036,225ac75c090046f7fb025e514bcbd21a7f9d076e,ngageoint_opensphere
2037,225ccbda00e5a9255ace3cf305b9f8f8dfa5d6a6,ngageoint_opensphere
2038,225f91c6177c4c0662ae0dc752adcf01041f8713,ngageoint_opensphere
2039,2261d058e2d91e1e607c7c77a1f12f9415976bae,ngageoint_opensphere
2040,2262c901db4eab8224d028dee5fa591967dc2d29,ngageoint_opensphere
2041,2267bf4d814fba1ee14edb8dc1162b9b31f83777,ngageoint_opensphere
2042,226b88f821cdb0a45dc399f52f0dd7a90c6bb03e,ngageoint_opensphere
2043,226b9a011aa10d0a7b73ccf58de814ad3437fa13,ngageoint_opensphere
2044,226c7d4683cd3321aac8549cb22c8eae451bb480,ngageoint_opensphere
2045,22723f5aff4b29bfb96be714f4c660c7df890a3a,ngageoint_opensphere
2046,22764a6722ba2b320d00f45919595be1982bf4e2,ngageoint_opensphere
2047,22775fc2e9f0b607bf41f3ed7c19539739855ef3,ngageoint_opensphere
2048,2277b3f6123fc6333dabd9659f5ae9ce631a6016,ngageoint_opensphere
2049,227aa639af57e992ad2ff377967497450b2e6263,ngageoint_opensphere
2050,22859f1baf1cf5bff62a22fa63f22e2794a219be,ngageoint_opensphere
2051,228d8e98c05c5d12eeffe2e0afff3e3421033f9e,ngageoint_opensphere
2052,22909dfa6bc1bdd07c6697c6aed97e0466c8ff56,ngageoint_opensphere
2053,22913e56e904659fa8f041d103d3964ead03ff40,ngageoint_opensphere
2054,22923d6e73e9a80d287446b5e5d09699361fdd6d,ngageoint_opensphere
2055,22a5df1a54b31a425f46e57de3cc018445eda67b,ngageoint_opensphere
2056,22a967fc787e3f5c793d4b733994736b5765d73f,ngageoint_opensphere
2057,22b2ec72d01cb91554cb27dfb3189f3705472dad,ngageoint_opensphere
2058,22b4bd10b737ce79e22772bf3f55748da8cd7618,ngageoint_opensphere
2059,22b591056c798b1edc3b5c6c9dffe4c2fd4e1462,ngageoint_opensphere
2060,22bd40e7460e7ddf2815d4255c4649142642f774,ngageoint_opensphere
2061,22bed8398c45621be663c11264f47b90e0e0bf14,ngageoint_opensphere
2062,22c00defe694b4043e47484579ddb07f35ce9b45,ngageoint_opensphere
2063,22c3f63ed85af48fd6321eeccc473f089f8f4ddc,ngageoint_opensphere
2064,22c64135fd3c396eb47343b512580b04dbe8b1a4,ngageoint_opensphere
2065,22c6e07bfcc15f646e644c3baff8b7cf9d395dac,ngageoint_opensphere
2066,22c6e42073a5348fa3a268ddea5d91c920df37dd,ngageoint_opensphere
2067,22cac7ce437446af26e2ab7afb2d2b9d2e36a9c8,ngageoint_opensphere
2068,22d96691390b81d4a39fc1a4519ff49130422ea4,ngageoint_opensphere
2069,22eaa9d86e930ba752a194f1d56e144a4d6feeec,ngageoint_opensphere
2070,22eff650525ab1561f1a00c63eeb3bcadb0d6fe7,ngageoint_opensphere
2071,22f386257fdf3de57ccfcabc2154196f644ced8c,ngageoint_opensphere
2072,22f406b896f18403c81292f874330d1e09fca1f5,ngageoint_opensphere
2073,22f46473b26ac63562f53fefee3adf2bdd463181,ngageoint_opensphere
2074,22f7ef8903b13c148960d1614f61ede2b4cd4332,ngageoint_opensphere
2075,22f80596f8b85c2fd3d5523a8a39fd6eea610b73,ngageoint_opensphere
2076,22ff9102f051623ccdfecde69cd1cd8609044e97,ngageoint_opensphere
2077,230a0b3751b6a5a5fbd72dee3ceb3787a9c84a83,ngageoint_opensphere
2078,231432667800141c4ffd9ff8c59f8d9d0c0ecdf2,ngageoint_opensphere
2079,231a65fe3a9c045decda535f150e76be1f23bbf1,ngageoint_opensphere
2080,231d2b29e9f8f96e6b155666117c173809b82568,ngageoint_opensphere
2081,231e0036e825ecf8f44d7f0bb7a82ea3f612f6f5,ngageoint_opensphere
2082,232378391582db619dbccc4e1cd5f3c21583e689,ngageoint_opensphere
2083,23341339cd155ef60ada525beb36f1d6d4950f96,ngageoint_opensphere
2084,23351cdae1275b4a318a6c99c5cebc69cf4e2318,ngageoint_opensphere
2085,233813ad4ffcd539119b0a8c2edb4d4f3be9fc77,ngageoint_opensphere
2086,233cf26b3a65d227981d2c5eeacdfcacd0069d73,ngageoint_opensphere
2087,2340a935d906a9ba59e73b835653f7922e8203cd,ngageoint_opensphere
2088,234293a8ca25eb20f49cc55270da5e36f43e6944,ngageoint_opensphere
2089,23501480d09f35dc8646cb68b262efa16b7b88b5,ngageoint_opensphere
2090,23569785a7d4b4a3aea14c5c0c247f29dfef369a,ngageoint_opensphere
2091,23597701e36fa91c9a6423d71e5cdf18d64a8227,ngageoint_opensphere
2092,235d0fb9197150a9ad050ce12c34207ea6dea08f,ngageoint_opensphere
2093,2360dbbaaf542078904dfcc0563a588d61f16ed5,ngageoint_opensphere
2094,23683f89b78a34114cdb38fc5063e2cb7674f716,ngageoint_opensphere
2095,236a27f78469b8cdf3be78731e12df03942437fb,ngageoint_opensphere
2096,236d8f1e330a451b1082d01c7d66f0466dd83efc,ngageoint_opensphere
2097,237a2735524c80e924bd067e899ccab90237eadc,ngageoint_opensphere
2098,237b0a83ca72f691c6c13c2cc0d6710fddb75e5a,ngageoint_opensphere
2099,2382b7c360a9bda3c5fea7446ef20afa9b657af3,ngageoint_opensphere
2100,23839e3088f417560de1e39fcb4eef2fbc5f5d1b,ngageoint_opensphere
2101,238757ef8282f45d4ea215590fb7d60008796cad,ngageoint_opensphere
2102,238938fe2781a7bffed266f0522038ac589f1e0e,ngageoint_opensphere
2103,23898c0d94000773645f219786e480e3c0688496,ngageoint_opensphere
2104,2393dc9954e848855a5aed48d2acc8d3121ddf1f,ngageoint_opensphere
2105,23969f1f1fb9beec2ad8bc63c073ec6f35fc364e,ngageoint_opensphere
2106,2398a8626960807977e7e28854e63bd47f4d3a77,ngageoint_opensphere
2107,239bb080519e294018bf2c8fa4cb719aa5f55275,ngageoint_opensphere
2108,239f4e976ee4b6b403d5e6b36ff810b316b35ccc,ngageoint_opensphere
2109,239f61471ba6beeb9cc96d225be2cda294fa0bb9,ngageoint_opensphere
2110,23acc378a6856f4e688aaa5a7ee2d48955855d9b,ngageoint_opensphere
2111,23b03153e421c2f04497d738f6c57127e38e0827,ngageoint_opensphere
2112,23b2755a17d3a9858fa0b4e8695413e7b8d72c9b,ngageoint_opensphere
2113,23bb2f09985626259eb92d022a25b7576604477c,ngageoint_opensphere
2114,23be77eb3d39610efd125a2886fc9ac40e1a1242,ngageoint_opensphere
2115,23c36bbad993970b7a73b6e9d480962549345a8c,ngageoint_opensphere
2116,23cc755206850a5aeef1c66d94c7d0bbdd91e0bd,ngageoint_opensphere
2117,23cea6a33d2ddf4b68ab746d1d9331e2a8358352,ngageoint_opensphere
2118,23cec160176c54c0116ef8c3094b6b2f99ddf73f,ngageoint_opensphere
2119,23cf7270b3a4719b533c720730e2d8d65b5f2fc7,ngageoint_opensphere
2120,23d3dc934d4956bf7328cc394dd53a0a31f02d48,ngageoint_opensphere
2121,23d4052b4b140b4d2941f93b307558cb2209118c,ngageoint_opensphere
2122,23d5bce80ec687d94ce25ec07ed69e1d96ace297,ngageoint_opensphere
2123,23e50986ddb6707540b98f9f1f03a91e0885b020,ngageoint_opensphere
2124,23f0e96aab8ec3f041db001caa06bd276a5e4955,ngageoint_opensphere
2125,23f55d0bf7c2768c5f1013d7c2a2cdb321328d22,ngageoint_opensphere
2126,23feb7c0d4e0ebe1f0bb901003d56775d72c42fb,ngageoint_opensphere
2127,240211fc59bc1bda46b3bf8a65bce34090a8e9e8,ngageoint_opensphere
2128,2402dc201195ecb03ef3b68a2fe0328baea089e6,ngageoint_opensphere
2129,2409e514e17b0ee93c31aaa9a596bb9c3389c82b,ngageoint_opensphere
2130,240e085defe0f423e7ceff1cd8a97ec636bb5c90,ngageoint_opensphere
2131,241b7a27f61dbe2781a57387c674b929c6c9958d,ngageoint_opensphere
2132,241fdb4d6c26b1fc561145ea3e22a7f923b66aac,ngageoint_opensphere
2133,24252af9bde83d1ffc58a5f055605947f7c34827,ngageoint_opensphere
2134,2428e06795e6f269413e9dff4e8992b48a497510,ngageoint_opensphere
2135,24299248eb645baa715d217dbcb726237026dd21,ngageoint_opensphere
2136,242c95bfdecb152837a6dd2bddff818ffcaad65b,ngageoint_opensphere
2137,243030c3408a150974039ea3d5ae655d3743f1f5,ngageoint_opensphere
2138,24308525fccd995fb1dc5bcb4dcf3e15f2a48540,ngageoint_opensphere
2139,2432729cc177c33009269ff1301686dbff9134e4,ngageoint_opensphere
2140,2434458f9022f97dc9dab62ccf6d9d7b28645740,ngageoint_opensphere
2141,24380ac969226c1128c80c0bf34e15ca8075b971,ngageoint_opensphere
2142,2442b357a5e8e19d3dec56a12a8852772a9d8101,ngageoint_opensphere
2143,244c422effddee41d63e695f496554fac8a66911,ngageoint_opensphere
2144,244df67f305c82e75b3b1c32ced8e6dc5cab289e,ngageoint_opensphere
2145,244e76759bd78a047108b352447e1fa62f02161f,ngageoint_opensphere
2146,2451f8f413bb96d04839891e2493bc100aaa74f6,ngageoint_opensphere
2147,245889d0b1ea862fe3b739918dc5800034c6b379,ngageoint_opensphere
2148,2459677fc5e4130da94a9626536af99405e27965,ngageoint_opensphere
2149,24643c88b6034aba80dbb33863462b273718f2af,ngageoint_opensphere
2150,24650443b206ed5a41796c894b13bb20165e4460,ngageoint_opensphere
2151,246761905012012c82ce9c0153f5e7208f014f80,ngageoint_opensphere
2152,24698a336d7cb24ecd7bee26da9411a4cd621602,ngageoint_opensphere
2153,246c58dd2535a4a4c3ccd8b4023fcfe4580257e4,ngageoint_opensphere
2154,246ceceb1bcf44262c740648f0cb6eafcaaef9c4,ngageoint_opensphere
2155,246d9afecfb2a935f6e657579224a4bf6ccdbf98,ngageoint_opensphere
2156,247317c07d6a933e5120ceea8a24693fb81043e3,ngageoint_opensphere
2157,248139e38c60148ae4aa263a1efc7f1f9a603b94,ngageoint_opensphere
2158,2483031b6e0e6fc361228b001b21c810da042c04,ngageoint_opensphere
2159,2484628fc96683192973be1120cee770b32461bc,ngageoint_opensphere
2160,24876ef26664e2170bb305d53d3b901f2f295110,ngageoint_opensphere
2161,2489da990c8d2ae86a2331fd59a616c4506a7de0,ngageoint_opensphere
2162,248bfbdcaa586ec92c4b55d0931724610fa8f330,ngageoint_opensphere
2163,24910bfd43b0e165677bbbda9d49911678dc5d56,ngageoint_opensphere
2164,24927db1a1c33f597363af381eb4af36a2870529,ngageoint_opensphere
2165,24947cc193d6db23bdc3e3f96161ae3b2fc8c900,ngageoint_opensphere
2166,2498d5c85d62854f95d98174752bab38ab75dca4,ngageoint_opensphere
2167,249cff08cf270d3b80e679b884f71bb5d4fe8843,ngageoint_opensphere
2168,24b33b4cd156acb9cb75b462ed1015e7fb68e654,ngageoint_opensphere
2169,24b8b6c6bbfcc35693e299c690724e08648c3af3,ngageoint_opensphere
2170,24b8de6d06c495fc45d4998fe6cca9b00120d054,ngageoint_opensphere
2171,24c0a2cd1438f63148b9de9653f87bba8b780f07,ngageoint_opensphere
2172,24c0b09022324d189e166eddbf22c0a537498794,ngageoint_opensphere
2173,24c51241e923cbca8abc86caa944048c089f14d6,ngageoint_opensphere
2174,24c77fc8ba176d9aa5497894fde079622c7b1248,ngageoint_opensphere
2175,24cb572d05cca635bfa51d8edcc42ab3e9e632af,ngageoint_opensphere
2176,24da157b26a89248348b61b6e0fd894662fbdeb5,ngageoint_opensphere
2177,24e0b37a5214244bfd71f0e0237823212ba92607,ngageoint_opensphere
2178,24e4eef778d2ebddbb6629ebdd74f9107a39cec0,ngageoint_opensphere
2179,24e7a734f5c768663908d13c6a6ad29281626aab,ngageoint_opensphere
2180,24e844ac27e33e75fed9127361630e9b86380ead,ngageoint_opensphere
2181,24e9635fdd6c9aea678dc11896e7c2fd0b9c61bd,ngageoint_opensphere
2182,24e9b25c5c2b322e65f644ca42aff0e73c6ec2ca,ngageoint_opensphere
2183,24e9e993fdcff0800dca8f1e8e456dbf48a854fc,ngageoint_opensphere
2184,24ef8ba287b824769d407f70d7f3ddc8246006fe,ngageoint_opensphere
2185,24f1ade9e26e41613a0128d6c4110fa097fedb99,ngageoint_opensphere
2186,24f5a7d7efe403c3adc1ad7aa52727b3b4f549fa,ngageoint_opensphere
2187,24fccab3f2e304a80aea5183e474398dace7340a,ngageoint_opensphere
2188,25028fdee6c6c60991f12612e7743de351bfb63f,ngageoint_opensphere
2189,25062f31f4951d572dd642f7d20e8b03676cb3f0,ngageoint_opensphere
2190,250b4a9dc6d75d41995ef41bce5c81081e942b7d,ngageoint_opensphere
2191,2510ce7fa696fcf52bebfa1cbd15da97c0a1e98b,ngageoint_opensphere
2192,25160a86a17b06e0d3e2fe7de2ee9a2f5772671f,ngageoint_opensphere
2193,2518e9ef17068a37d43a336379f12451205f508c,ngageoint_opensphere
2194,251f0c9f24c8a1cff22117ced5ec9fcdd72812a7,ngageoint_opensphere
2195,2522747dbba43fed5d02d2028ce09532ea1c74e8,ngageoint_opensphere
2196,252bb04f6287d6c8be0f8520afb748c0a07ffc43,ngageoint_opensphere
2197,25312bb3ad5778cee9583be04cc2605cef9f82ad,ngageoint_opensphere
2198,253cc07abfeea310e9c72a44bf621bba4ea69168,ngageoint_opensphere
2199,253f2563a1a6f0754fad941929ca0e71bceaf822,ngageoint_opensphere
2200,253f6abdf4bb12ef8ebb69a8900ed2c77bff36b7,ngageoint_opensphere
2201,254394b0305ef1a61dc4d837fd30fd9e432a6405,ngageoint_opensphere
2202,25480b83ec786f548ea438fb5fa98d10f7abb789,ngageoint_opensphere
2203,2548aa42c918dcc4f6ebfbb5c845dbbec09f1a00,ngageoint_opensphere
2204,254ace41e2008b9be4a94deee2c5caf430e2ab2e,ngageoint_opensphere
2205,254e9e5fe614cf6f4fdc89dea293ccd880bf1260,ngageoint_opensphere
2206,2550be1ead7ae667183f4684d6206d19680903d8,ngageoint_opensphere
2207,255974629f85ba067b19ceb483060e40433c51e7,ngageoint_opensphere
2208,2561790ab293606e37cf67b78b16c50f3397843f,ngageoint_opensphere
2209,25643fb530f7db0542ac428e3f4b9e660a73c6f9,ngageoint_opensphere
2210,256dbb57e67489b27c9637dd5ecb4f27ff088dee,ngageoint_opensphere
2211,25720260dde12cb89824b0b4fe7c96872c8da955,ngageoint_opensphere
2212,2576b4867aa59beecce00cf624cbb71b883d1935,ngageoint_opensphere
2213,2578eb8ec29374ab25d20d4f95e718a546289277,ngageoint_opensphere
2214,2581affc8a8b4c570e239e1835558bb017ed019a,ngageoint_opensphere
2215,258427b869251e7d99d10356c9e94a2988f09be6,ngageoint_opensphere
2216,25850bdda99b5f83bb5093e2fdeee27ec11ef35b,ngageoint_opensphere
2217,2586030d92f57d4c19e54d8ab81c54443be77ab9,ngageoint_opensphere
2218,2587989b2a60ed6e6935ed20c23d07468e22486e,ngageoint_opensphere
2219,2592832686eb7c11e0ce95b6955e7e3c7828047f,ngageoint_opensphere
2220,2599263df5f210a0ae6a1560bd57a2fc31bb1029,ngageoint_opensphere
2221,25a0f2fc7bed7df291f785a49237063e297a8d70,ngageoint_opensphere
2222,25a17deeb74078bf54ad35f0bbada2555da7a6d4,ngageoint_opensphere
2223,25a96913d18c536666dc2ee2fb9c94534e033053,ngageoint_opensphere
2224,25ac898f2a625d9527dcd39c285def07afe13b2f,ngageoint_opensphere
2225,25b0902f42e78fb7bf5fafa9fb4080c98b237c50,ngageoint_opensphere
2226,25bbbe2ab33adc6bc08d1193aace60031f605e3a,ngageoint_opensphere
2227,25bcf3477846f141dc2c4c07d85055d9d4232bf7,ngageoint_opensphere
2228,25c563abd00b81c21d629376c323b0d29f134429,ngageoint_opensphere
2229,25c6283fea159ba07cf8faba3fdb7d9e17773a09,ngageoint_opensphere
2230,25c7d6c67105f78e352f689d46c90476a2ad96a0,ngageoint_opensphere
2231,25cf367ba9b5ade3cec0f2700019960c18185772,ngageoint_opensphere
2232,25cf4352b804d57fc16ee1ee499ccbab548fadaa,ngageoint_opensphere
2233,25d7f039f4dbdacdadef2b722126c0b0e9f5f0a3,ngageoint_opensphere
2234,25d9332cf8ecc498f8c7a1d0b75d7e87a1d80760,ngageoint_opensphere
2235,25dfd4976caf9333f2298c3831a88d5f84902866,ngageoint_opensphere
2236,25e23a9bf52c01746afe06081c15e27999d650ec,ngageoint_opensphere
2237,25e3750cb4844fbede9ec2fc21b122e51e9649ea,ngageoint_opensphere
2238,25e9f2a7a93acf76439ddc02bf879f952ffde6cd,ngageoint_opensphere
2239,25ebb9ee01812ce8bb7eeb2e00ad7ba31118bf57,ngageoint_opensphere
2240,25f1d7396cd4d2bba1f70072026e072cd0dcc91a,ngageoint_opensphere
2241,25f60419a0e0ff0996af2bf2a09fab47dacc2972,ngageoint_opensphere
2242,25f60f0e2f3e83e4cf4c45e72e617580d58a65c7,ngageoint_opensphere
2243,25fc521436fb48f89e5e2221c8ea05f8833a5355,ngageoint_opensphere
2244,2602fd0bd041eebed32c04f2e4240dcd71a50014,ngageoint_opensphere
2245,2603e1ae16480cfca42086b22428877606980d10,ngageoint_opensphere
2246,260adcf7988b35e3d9b8c275fe32f476f28e8ea2,ngageoint_opensphere
2247,260b6d69974c532f2ec1c705a2cd2ca5dbfcf5d8,ngageoint_opensphere
2248,260d8b65f7bf76dc0ce9bc7edf8ee23f47735326,ngageoint_opensphere
2249,261588ac08aeeb1fb414d4cd666a5a398cbd5bde,ngageoint_opensphere
2250,261727dedeb106ea3a70f9e2674c319ce9e77da1,ngageoint_opensphere
2251,26194510f60f5939d112c5fb8225aeb40584d795,ngageoint_opensphere
2252,2627eb515b631a0774f276d79c62361f5a2a37ec,ngageoint_opensphere
2253,26337f3052dffb39fecbddcd7722c5a396647dd7,ngageoint_opensphere
2254,2637277a96372439a2b25f3c012bdf3afe5492d3,ngageoint_opensphere
2255,2637ca1f11966d4b20749a04f265299cb84163ec,ngageoint_opensphere
2256,26396597f49b08925248190d9a4231c225ff782a,ngageoint_opensphere
2257,2639b198221c3a687ccf4e12c6761f39e6361dab,ngageoint_opensphere
2258,2639cfe0af48c61b746943728d950c24e5b600b9,ngageoint_opensphere
2259,263d2d9c92b127e56f9cdbb410cc4f578f24c44d,ngageoint_opensphere
2260,26489c7758c045fb930e76921bc5818db7247371,ngageoint_opensphere
2261,264a09eaf66d1822f6c36f2b40fc510e2eeddb8a,ngageoint_opensphere
2262,264b8275fb9abd20d946f72a613868a0739830bd,ngageoint_opensphere
2263,264ce32ab2a63065d8f3a9421e7111df8bc9c9a9,ngageoint_opensphere
2264,2651f1e91043e0d831ae90c942d33a7f235749e5,ngageoint_opensphere
2265,265200d33d93e540dcd8b55bdb7167f98d19e202,ngageoint_opensphere
2266,26534463a1c9214c854135369b2b6eb80dcf5280,ngageoint_opensphere
2267,2655cf4a94fb37eed013307b7eb655cbf0d59642,ngageoint_opensphere
2268,2659615ef0d79513416abed2f1dc40c2d526a518,ngageoint_opensphere
2269,265a0d22b3d4b4f75412eb4b3bfea8b2a3bc9156,ngageoint_opensphere
2270,2668bd1fdb4618bc8c91a60ea87a68d136e1e1d5,ngageoint_opensphere
2271,266a7cdbc847d6f4e7364ff302af2732489e7cf6,ngageoint_opensphere
2272,2676eb77e5382df6d422ab80e5845417369a7be2,ngageoint_opensphere
2273,2697287a2f845ffa11ccb157c5a5be40dae3ee13,ngageoint_opensphere
2274,269a231af4176ecb61938f54d30e46efd571ac62,ngageoint_opensphere
2275,269b6536397331f890780e1e97daafc3cbfc6eb3,ngageoint_opensphere
2276,26a255d4177ebfec69038841912222661c9f8842,ngageoint_opensphere
2277,26a2669c24f42d392224658107f0271ef7682ab9,ngageoint_opensphere
2278,26a6a10767f949a0f0da784e81af815ddfde6006,ngageoint_opensphere
2279,26aaf0b7290d4fe33c4a638390615d46ca9a9c80,ngageoint_opensphere
2280,26ac6c0ced4475dc5b9fa97adf988c273196bcf7,ngageoint_opensphere
2281,26b30d808ff0dfba95cfc601ef59756988598a23,ngageoint_opensphere
2282,26b61ed0c2ca90c59c282c9808e0a00b6a9ad110,ngageoint_opensphere
2283,26c2386805ed3474ecd098ad833d3570e042b3ec,ngageoint_opensphere
2284,26c3df5683cba5deffd618e7dcfca0d8cc65d5d7,ngageoint_opensphere
2285,26c4765292a98ed1da6cef5817e5fadbe3317768,ngageoint_opensphere
2286,26c895266ae8555d5de2dc723285f59cb1034324,ngageoint_opensphere
2287,26cb6dcd8e8c9221469ec0949b1beccff86de546,ngageoint_opensphere
2288,26ccf2edab59d31a666b3689f6a6bbf86d1954b0,ngageoint_opensphere
2289,26ce400a52ac7fea1980d8d8bf3f8c360478aa28,ngageoint_opensphere
2290,26cfe9501e884a75f5b247e286391c1d7cdeaa68,ngageoint_opensphere
2291,26d98ab63c12e287fc0200e2e2afc9c3be1dca3d,ngageoint_opensphere
2292,26de89ecf3d64867e94c799cc7a9d5875007ba76,ngageoint_opensphere
2293,26e2d7b09847358db11db755aadf141f9eca1213,ngageoint_opensphere
2294,26eebf8009bb8941d9585c80161a9a635a612796,ngageoint_opensphere
2295,26f3b3af8c617b51cc14eb4bfeda4a9d8f2bf045,ngageoint_opensphere
2296,26f3bf7dbc5f8007f0e869a084c96a1663c436c4,ngageoint_opensphere
2297,26f42ef7d42886ed7bf569fd0ee7be9d785915fc,ngageoint_opensphere
2298,26ffe43129b8973475e7536cf5ea985bab86763d,ngageoint_opensphere
2299,27004d5ef085c0bce5ff931d2958f6a18fc470e5,ngageoint_opensphere
2300,27048d85be94c72f533d0487dd05bedff765c91e,ngageoint_opensphere
2301,270b63edf9ab0d07302128f165a17f16332e00bd,ngageoint_opensphere
2302,270ce05f46d68d70d31c13b8a5a20dcfc1d8866b,ngageoint_opensphere
2303,2715c92260e8585c56661570178c452c951af5f6,ngageoint_opensphere
2304,2717d7e4816d4361dec950a9177ce3fb8773504a,ngageoint_opensphere
2305,27187fe96d6c673d3352806c1c368d45bd6050af,ngageoint_opensphere
2306,271b008f4f75dcd7e5f7a2075e1d484da1dc5628,ngageoint_opensphere
2307,271b9871f924dd5e647519432febb7fd63c6be74,ngageoint_opensphere
2308,271d88046e8face5de0c25c846d5420482cfd70f,ngageoint_opensphere
2309,2721e98e9a091eb8e6ea72346091ace47ac3673d,ngageoint_opensphere
2310,27224b4c3d3b674aef2593e6c9f04b61f6e66c24,ngageoint_opensphere
2311,2723039bdd00198c4a792263971c3f2e41e43384,ngageoint_opensphere
2312,27279ec505f13c111dd0774b1f90447c88b6c62e,ngageoint_opensphere
2313,272d0d9fe864457237f1a2202ac4a2105ceda261,ngageoint_opensphere
2314,273203d20162fbdafc31e0678cadc361d7741236,ngageoint_opensphere
2315,2736f897ee1e52284ae7daaeb99e5a870f78d98e,ngageoint_opensphere
2316,274005dd807cabbbd79aa9be56a9a5b0ba775b24,ngageoint_opensphere
2317,2741a9642d0f49958891d1c13ea56bc292b7a037,ngageoint_opensphere
2318,274429d5955720acb9f4d58ddfe8b94c1e23ff8a,ngageoint_opensphere
2319,27471d7469421b55ecf78a3619747313f1e37bb7,ngageoint_opensphere
2320,274d4cd49d4e4f358a59aef49a29f96678919bcb,ngageoint_opensphere
2321,274ed90593c17337e39efb8a6434abf13b0b40d8,ngageoint_opensphere
2322,274ff8affbc8d2f1c329082fcd853935c0c654d5,ngageoint_opensphere
2323,2754d1e35d829c2e190edb18c98cd969e416759e,ngageoint_opensphere
2324,2756e0a511b2dc19dde59d53c83ac8cacd8c2779,ngageoint_opensphere
2325,276073697a7fd853652d4d8d58a9599bfe252da2,ngageoint_opensphere
2326,27679034807bd472e095f98b6f98d5e26c6cd60c,ngageoint_opensphere
2327,276f169c4dc79297bc0b4b3f1d19762372024e47,ngageoint_opensphere
2328,2771b59c707176e8abdc212b3682c3d85f329bfb,ngageoint_opensphere
2329,2775605b305173ea7c1fa391bac05fd68c4eddd9,ngageoint_opensphere
2330,2775fe90620b856b4fec6113bdc1237ee9674d1d,ngageoint_opensphere
2331,27774e016c472467109254aa2075c62ce8636661,ngageoint_opensphere
2332,277c0d651c9a6e5e0956450fc764811c8b6dfe59,ngageoint_opensphere
2333,277d0b8d49ed0e3b2638f3dcf5c61754ba01c971,ngageoint_opensphere
2334,2785a8c121ff8d14ad4b7591610dbcf93173d8a6,ngageoint_opensphere
2335,2791cc6034849e4cdfd9115fc9693ffa351e92c4,ngageoint_opensphere
2336,2792c66e85bbb14d7204ade277f2424330041eb6,ngageoint_opensphere
2337,279644081564c6764d82888d3dad2a2f28df39bb,ngageoint_opensphere
2338,2796489d5a4fd79e65d2ec61044a57a29b3d8055,ngageoint_opensphere
2339,279671d08244cf5b4be979ee42051f68a2330fbc,ngageoint_opensphere
2340,279699e245939d0c6d87bba2235a050e5de431f3,ngageoint_opensphere
2341,2799da7a295afe1b3dd7d4adc6196a90aef864ba,ngageoint_opensphere
2342,279ceec5eaed3dfdbf7a84964e1ed3b3ba64e487,ngageoint_opensphere
2343,279ea43a4604233e6075986bfa991b99236fe37a,ngageoint_opensphere
2344,27a7e4929d9e8fdce667ecd332a359b736103769,ngageoint_opensphere
2345,27ab2003ab87078b7d19d8b0892d76c7521d3b58,ngageoint_opensphere
2346,27afe5f9f1b3fc3bd3a17b8e9de025bd79a92ae8,ngageoint_opensphere
2347,27b0f14a6bec84d2b65e8fdf8be7595ee6f8c6c7,ngageoint_opensphere
2348,27b85e6aa1c7fb2144df76046e704719b07331f0,ngageoint_opensphere
2349,27bac8a8fbbd554d7beb0d171e024b862cea338a,ngageoint_opensphere
2350,27bb1ad3b53e3d07e2d68471f62a28721ca97148,ngageoint_opensphere
2351,27c101bdf84f37b42d512308035d700f75f7fbac,ngageoint_opensphere
2352,27c321149da0cb3c8c859b228faaf5c2983421ae,ngageoint_opensphere
2353,27c379206a5f4249a5d157dc6c5526c1ea2181fc,ngageoint_opensphere
2354,27c7c87ffbc54091c40b102edf4b8dd04d085171,ngageoint_opensphere
2355,27cb5f12942e5f6b9f8d3a4d8412efeedf70371a,ngageoint_opensphere
2356,27ce5cef6c2c935a60e80e7b2a31185fee0d204e,ngageoint_opensphere
2357,27d5fa939f29543528505b7a9ae214924b2be76d,ngageoint_opensphere
2358,27d78828a8eae720dc1ec75850091ad0df287e28,ngageoint_opensphere
2359,27d8d8b15fdbacf904005488bc0cd30f7cfd557c,ngageoint_opensphere
2360,27dc20c88f1ef59890be60060ecf8b2ee8d78b7e,ngageoint_opensphere
2361,27e816c23b6f08c3d7871ce2944a85f9f2a53c03,ngageoint_opensphere
2362,27f3cdfab0b3109822e6d0cca573d6a6dd22c712,ngageoint_opensphere
2363,27f62fb4706f2b75532481a12d593a64d81f0377,ngageoint_opensphere
2364,27fa449134fcee3ee656b16927e14c616ff806e4,ngageoint_opensphere
2365,27fc7fb2ce18bff11e5c9e9a427bdd05fb839215,ngageoint_opensphere
2366,27fcf57e34e2d3ed69cf110435af0548b6652656,ngageoint_opensphere
2367,2800223611d7230b4c84d20cc52cdd9f7b857bd5,ngageoint_opensphere
2368,28007c1c4ffceef6c91d4b963e775ddbeb7acfc8,ngageoint_opensphere
2369,281746c42fc7da613fcc8a7a4d5fe56b3be70885,ngageoint_opensphere
2370,281c44ed00967bda9565875eb56c7f9eb8947f7d,ngageoint_opensphere
2371,281e2ac7ed18949acec3bda80686810e4974a08c,ngageoint_opensphere
2372,281feb76bb3837ce44fd825b9af4c3d6d08d2f6d,ngageoint_opensphere
2373,2822af1df7fcb2c55ae6d7aae3dce3903c97fe76,ngageoint_opensphere
2374,28236530ddf3e122b4a3ed77619dee5a203394b3,ngageoint_opensphere
2375,28236c6b243934f61232daf70f295cd3c737e316,ngageoint_opensphere
2376,2825625e766783af0c953cf0bb5ff3533f6694f6,ngageoint_opensphere
2377,2826dcf8395b0a6dece27399dd5e968e353f608c,ngageoint_opensphere
2378,2829bb8c31b2d845c4a770178f0589e9619b5e4e,ngageoint_opensphere
2379,282ec3a91ec03e7827cf220587cc3e07b91ffb17,ngageoint_opensphere
2380,283097ba4ca5e7a55b870f9bc8fbb8aa3b3a9c5e,ngageoint_opensphere
2381,2831309f83bfcb4d72848b900f7086f46745d5a5,ngageoint_opensphere
2382,2835b8de89dcd34891a98d0c35e48a2a8864c9ca,ngageoint_opensphere
2383,28369273321d1a53184e01a9d757718540afee60,ngageoint_opensphere
2384,2838995c2e6ebe98cbcd8b96ecfba3dfbc5d6b9d,ngageoint_opensphere
2385,283d08681359073900902ba0614403b0219385a9,ngageoint_opensphere
2386,2841a1bdc1ea5c9c02c84dabfb8ca032a5f3c318,ngageoint_opensphere
2387,284a4f63d1d2f3a6817fb6ee3220ae1057a5574b,ngageoint_opensphere
2388,284d9ef9e1917b46e60c1dfe2b27a8256131a23e,ngageoint_opensphere
2389,2851256643b02b7bf2b0f768e47efab8dcbfe9d4,ngageoint_opensphere
2390,2852543bc6c37549faac9ba55d6667ac92ed5d13,ngageoint_opensphere
2391,2856deff75c524c364ca931addab7c90adbeae22,ngageoint_opensphere
2392,28585c8d7948baef056e9d50de3e9ec40f19bae3,ngageoint_opensphere
2393,285aab3bbac3d169029869cba99ab4b6da1e5a57,ngageoint_opensphere
2394,285e55977aaa7b79e9fc1f9e3caa4b063a1a9c57,ngageoint_opensphere
2395,28608c633b683a5b69ebd55a9241a1fd8c343b74,ngageoint_opensphere
2396,2860d0da22b6474dfd09fe33bdec6315413c3bd7,ngageoint_opensphere
2397,286492fc166343a525f503225931cb6bf157684f,ngageoint_opensphere
2398,2867b07a1793a0914e1a6ae27f7ecac5d138c9ba,ngageoint_opensphere
2399,28704d5b063ef5d7cb4e9af0f745e072adf4a24b,ngageoint_opensphere
2400,2870c89b62e33ab51743dbba237f660f7066b9e4,ngageoint_opensphere
2401,287fd396fbe4450a22617a48410fc7a8874f31b7,ngageoint_opensphere
2402,28844dab70c0389f2245f7c2e66b1d3cef86fbcc,ngageoint_opensphere
2403,2884d36f0fc33352f21ee314336e9d70ce2b8f4f,ngageoint_opensphere
2404,288f7b38c9ec193318b324cb693fc0b832c05206,ngageoint_opensphere
2405,288f9eba36de5ca3ec462091c57813c79ac461cf,ngageoint_opensphere
2406,28985065c1ef02c70ee3e795a49836d294462146,ngageoint_opensphere
2407,289d624545a6c2fcd7b97894669ab8f79f0962f7,ngageoint_opensphere
2408,289eba7a553413f6fe80b7d4058ae8a0627b1512,ngageoint_opensphere
2409,28a06de3eab48312762935a5963756e155c360bc,ngageoint_opensphere
2410,28a260a4ca1dfacfd491ab9d5d0b8c684eef1fda,ngageoint_opensphere
2411,28a2c6cfa01868fd7da845d004693148b1d21f6c,ngageoint_opensphere
2412,28a8ec289ef3ab244d4abe213e491d7ac5b6da8d,ngageoint_opensphere
2413,28aca089fbcdfb11bc462fe9a0004d0d15cd7ea9,ngageoint_opensphere
2414,28adb7b2c29fbd205e1262f73174d75a0f6c37b4,ngageoint_opensphere
2415,28b0d3beaca073ea46fd1281e5bb76bc6dfea690,ngageoint_opensphere
2416,28b399815ea0db508ad868b2806425596ab5dd8a,ngageoint_opensphere
2417,28b403d62a4c3385d78f8c72e040dc821db37d93,ngageoint_opensphere
2418,28ba6ed2680a6ffd7edda5b44e635c47ebfcaa4a,ngageoint_opensphere
2419,28bab5191c539754b3052884b5338ab5fb43e79c,ngageoint_opensphere
2420,28c90d27722ab7835f2f420f66eee44d4b47942d,ngageoint_opensphere
2421,28cd1b4c80fd09e7528510b8b2f09bd50d809d56,ngageoint_opensphere
2422,28d64f1f6bc1f7279c395193e933da4a184f2f6d,ngageoint_opensphere
2423,28d71899ba1a0852919646699d63733324f9c6bc,ngageoint_opensphere
2424,28d81f26ca8602179bd311f160522c45c119cfc7,ngageoint_opensphere
2425,28e00cb5aa7e16a547d4275656b74c3ee9b9ef78,ngageoint_opensphere
2426,28e135247b5dd8ff7f4736b6a7f678ae192250f2,ngageoint_opensphere
2427,28e382cdf78e46eb299c64f90b5808785ccfbe66,ngageoint_opensphere
2428,28e3be5661dd4fa55dbb8f81f6088ce2dcc18574,ngageoint_opensphere
2429,28e56db015b99c4338ad2f9ec94b875056954812,ngageoint_opensphere
2430,28e5c6bd8db4440d81b4cfd7f1c4faeefe9d7ade,ngageoint_opensphere
2431,28e8a8dc29de0252535d51c8f101f7a4102749a3,ngageoint_opensphere
2432,28ea3985c2185005969bfa01fe39e1a6cbbc7b2b,ngageoint_opensphere
2433,28eaca0c9b631e96d2474b1bbce503b52e02350f,ngageoint_opensphere
2434,28ec3a1165df738b0bb71aa8940222d0ecf15356,ngageoint_opensphere
2435,28ec9c07b5dd76d0cbe1d37bcd379e21251ab349,ngageoint_opensphere
2436,28ef633e639ac839d32ca5c1de213be8f686dd87,ngageoint_opensphere
2437,28f027cf98ca5f407954149aefc3cd2f4a15e9b8,ngageoint_opensphere
2438,28f4a65989c23272aa36ff7d05b2419556edce20,ngageoint_opensphere
2439,28f5ab59f7389e27783aff76a2cfd0fdb2273a35,ngageoint_opensphere
2440,28f69a07eb54e27cb0d9c65854677f7afe76072b,ngageoint_opensphere
2441,28f79ff134dbf8c3b606bfe78fdf531857108711,ngageoint_opensphere
2442,290146db2b932e2aa7b6d727195c4fa43424e7c7,ngageoint_opensphere
2443,290392111dc6bf93c6c37172f21bcbdbbe61fe43,ngageoint_opensphere
2444,2903cfcaa344985b8b8ceed02c32cbea91310b22,ngageoint_opensphere
2445,2903d5953c2764ee937d7f2051095c3747fa4b59,ngageoint_opensphere
2446,29058d68ceebe0567c07b6ea566d61b8e5d0a38b,ngageoint_opensphere
2447,290a79502bd7822bb7897a94d8752bea4eda1395,ngageoint_opensphere
2448,290dfef4076131a831988a5d650704f3f51ee2eb,ngageoint_opensphere
2449,290f485f1589a3981a338ff00f23183ea625e16a,ngageoint_opensphere
2450,290f4efd1273908a0027035b905799f861a4805d,ngageoint_opensphere
2451,290fc16f22646ea6386e1ddd903b9e8b1cb600be,ngageoint_opensphere
2452,2910e985d5fc1051345c5a536b448c9935d994b2,ngageoint_opensphere
2453,291610a8411baf9918f976a339a039696c57b796,ngageoint_opensphere
2454,29161a43f457903420e3e21ee2f546e555c69921,ngageoint_opensphere
2455,29163f2c002b35b604f45a56be46ee5cf0460694,ngageoint_opensphere
2456,2917013747857bedb4d56f3e747df15090f4d276,ngageoint_opensphere
2457,2919a74931dde3b7b54e60c421013c10b18135aa,ngageoint_opensphere
2458,2919c44aceb1813c1eea61c1efed0dd9ed128f53,ngageoint_opensphere
2459,291a00e9b5c19f060c51960254f92d2cc0ef5c44,ngageoint_opensphere
2460,291aee4ec9131519711d18d2b8f135c03a78087e,ngageoint_opensphere
2461,291bd15ef0344e474792fa58adb75928c007a4ca,ngageoint_opensphere
2462,291cfa71ba5063ae49556a9db85c69438333c145,ngageoint_opensphere
2463,291e0638d89e3907b5169de4653f9c85171bf64e,ngageoint_opensphere
2464,291f489519732f5755b1852e01a86d5456a9a76d,ngageoint_opensphere
2465,2920ca281f6f035193241d5dae78a738e2a8c8cb,ngageoint_opensphere
2466,2926787928967fb12f6e5c0efa457178b627955f,ngageoint_opensphere
2467,2926c9e7f2d95c46e2103b1c8a6d449736c78fcc,ngageoint_opensphere
2468,292c84455758797534ab135c948c8c0802e77acb,ngageoint_opensphere
2469,292e489cf15221b511b29bc66785ba7a1396f336,ngageoint_opensphere
2470,2930aef3d6213d39e06d0541056d67db514adb4c,ngageoint_opensphere
2471,2933327683b610fc182ab46256f52f6e7117bee6,ngageoint_opensphere
2472,29345746a9e6d2143453232a7145bfd1d4722b81,ngageoint_opensphere
2473,293666aaa222bc7dea175f0f077d23409b894e34,ngageoint_opensphere
2474,293cda4377aaa99c02828863109960972e565ecb,ngageoint_opensphere
2475,293de1b14d63d210203c3f6d05922a7d85b5ee04,ngageoint_opensphere
2476,2942d59d086c41af53500ab5f2e6b27d6e127cdd,ngageoint_opensphere
2477,294549bb17f3d693aa403efb0357ce6fafd1c4fb,ngageoint_opensphere
2478,294eea56d32b774c27d8f095f7992d68dfc8b588,ngageoint_opensphere
2479,2953743bdf8dd350b6e2dacbc2346dfa0029202c,ngageoint_opensphere
2480,2957fa7c39d2d1567063ea7baedb30e666d9ff46,ngageoint_opensphere
2481,2959710a4e2865d050d1eace7e94c3da3cf57236,ngageoint_opensphere
2482,296143999cff573e6789956698ba0c39eae60d73,ngageoint_opensphere
2483,296520cdfe176597bf28deedff8e8242f2142254,ngageoint_opensphere
2484,296f08e25387bbbea138eae809171c65d8179e0c,ngageoint_opensphere
2485,296ff2ad255f191ef22d2f412b6fc3758a6e5afe,ngageoint_opensphere
2486,29720b44943cb077534cad13ff06d8da91495f32,ngageoint_opensphere
2487,2977d64d80cca6940b1d5880a107e4d1d04f6e62,ngageoint_opensphere
2488,297fca47fe45589ee3db9a0385336f424ee90767,ngageoint_opensphere
2489,2981d1466d5eb71fc415b76d5054fdc8f17ad186,ngageoint_opensphere
2490,298fa9c177b73f22b3c00e437fd307aa2799e9d0,ngageoint_opensphere
2491,2991e704139333eed247ee91b4cc7b1f0cd76d50,ngageoint_opensphere
2492,29964e9acec6ca822a15f8c4e34d3106d2642d6f,ngageoint_opensphere
2493,299df730742f9b64f5af5c9e47eb0a0442afdd02,ngageoint_opensphere
2494,299ef8103791e9db9e7536b8e4a7ae3eb3ed0e7c,ngageoint_opensphere
2495,29a04642d04552da2e25c7791a34c4b10c945974,ngageoint_opensphere
2496,29a8ee411cf016aa56bbdf5727336e5594a59d7f,ngageoint_opensphere
2497,29b6d27cd3f63821415b17e03f95e4c8d705f670,ngageoint_opensphere
2498,29b81876d63e891aac1c34ff1594859b22930716,ngageoint_opensphere
2499,29b84d03dace3fca5b560420a0ec29f4495261d8,ngageoint_opensphere
2500,29b9ce939cf6a83ccb13e00f4c4c3c03e1317380,ngageoint_opensphere
2501,29be3c70278db3671490d8862534eaff92d4bed1,ngageoint_opensphere
2502,29bf21a345314788990619639a9a4449bcef9c29,ngageoint_opensphere
2503,29c316469815f110fc3fea962db34d5899c72548,ngageoint_opensphere
2504,29d6839571a3cd32c4142e2a49ae8ab829d145b9,ngageoint_opensphere
2505,29dd1ba87741b77848056305c34bd4de87f7585c,ngageoint_opensphere
2506,29e2d35121ff10643dee9adb9d2ecc1e999919b8,ngageoint_opensphere
2507,29e3cf8a14ac7dcb38f1c41d8ea3783b83e88a7f,ngageoint_opensphere
2508,29ebbf5d55e6165f0091b8e861c9f6f4f8738ef3,ngageoint_opensphere
2509,29eda60a1c19c1c943f1d4f7a73f61fadc303118,ngageoint_opensphere
2510,29eeb80d24c2ddaa36bb584dea456f729b748d04,ngageoint_opensphere
2511,2a046fd514841c2fc68fc8055772a3b1e1a4c179,ngageoint_opensphere
2512,2a052aec0cf7bbb856b3834b430bee28e5b862f6,ngageoint_opensphere
2513,2a072f120070a0558a1ce67cc5968cf1f482c51d,ngageoint_opensphere
2514,2a097fd1ef0c2c3b02e5ea00bf048a4335eb5aa2,ngageoint_opensphere
2515,2a0a1e9eebd8daa504b401e9e1a630487ece8687,ngageoint_opensphere
2516,2a0b665513599c1ef7c01ea7bc4f3e0bfc23c9cb,ngageoint_opensphere
2517,2a1b33672a0c1b80f632f800987f0b37d573ff8a,ngageoint_opensphere
2518,2a1cc0c62d184f6edf231add66a3043a2bc00110,ngageoint_opensphere
2519,2a2187ee611b2fa844405765ca524c2ce10f4a2f,ngageoint_opensphere
2520,2a23cae412ba4efd0f7dfe91c6ae3d314839a24e,ngageoint_opensphere
2521,2a23f8245f2b8fbd2c72fb0fd9e81ae8ccba600a,ngageoint_opensphere
2522,2a261578a69b4c997d27d17a3782f3ca406409d1,ngageoint_opensphere
2523,2a2904ac9fa1a948b3b30bffee47029e07a9f704,ngageoint_opensphere
2524,2a2940a3a9de7a6ab9720164446561c2137ea22a,ngageoint_opensphere
2525,2a2a52ca3a5b9c9539c181fd067ca1c1ce380050,ngageoint_opensphere
2526,2a2f7c08bd7a1789980bc332139e328f511f98c7,ngageoint_opensphere
2527,2a35aa45270d64fa9ab20e14961a8519a7221fe0,ngageoint_opensphere
2528,2a3b36962151794969069f92c509a99a639707d6,ngageoint_opensphere
2529,2a4366cb59ba36718c696a5e40ca69f32baf2f85,ngageoint_opensphere
2530,2a43a9054d6042d647635174b3753caf2ae19108,ngageoint_opensphere
2531,2a4691fe128b20a0ebae47777799ba187dbce3d8,ngageoint_opensphere
2532,2a49358e462a8b73b4455964b4da2f688726cbd4,ngageoint_opensphere
2533,2a4ccbc3a95fed977d72c1f01593c8c40d1ee18a,ngageoint_opensphere
2534,2a4da67a79e186c347e404814e704c54400f5f76,ngageoint_opensphere
2535,2a4e6d79af0322e700fbbfc0bf21322f508c61c8,ngageoint_opensphere
2536,2a552d35ca57c3b04cb7069dc2fd9cced7f05d58,ngageoint_opensphere
2537,2a59d3b95755c758c4fec73196ab466c686da774,ngageoint_opensphere
2538,2a65144bd55235494813389620ec3bf8e6d363d4,ngageoint_opensphere
2539,2a67207890fbf48ae2f3685ddb44bee166dbc07f,ngageoint_opensphere
2540,2a68bfb0aeffdb161d1b138dd069f6d964d8490d,ngageoint_opensphere
2541,2a6fe44b82857bb9f278ea850f6d0557ff45a6e5,ngageoint_opensphere
2542,2a74c60fed1a4cb9b6038cbd06cad9b43e3de1e4,ngageoint_opensphere
2543,2a78c348ab207057a2a2e8d37ccd96c1067ea197,ngageoint_opensphere
2544,2a815c212bb07515c7f7f7a20b0c34b2681132dc,ngageoint_opensphere
2545,2a82532174baaea6fd8ccd41e790a5f24ca1af79,ngageoint_opensphere
2546,2a888305aa90665b483d16b96128192d3feb7b0e,ngageoint_opensphere
2547,2a91be14f3110261d4f02b655c267b982b70eb8c,ngageoint_opensphere
2548,2a99b02a658c9e3ecb018ca85e150f6e2bdde955,ngageoint_opensphere
2549,2a9b9ab823b8ad641b1764f53de90589b6ccd315,ngageoint_opensphere
2550,2a9faaefa87281a0e8cf68db502a403872b136c6,ngageoint_opensphere
2551,2aa151fd6ce85e703cb8b3f18b8da67c01e4d66e,ngageoint_opensphere
2552,2aa912e7ae9559621dbdcd091c5b4f7775c5108a,ngageoint_opensphere
2553,2aaaeed877b0c8a2c2939f683638ded997bb00ee,ngageoint_opensphere
2554,2aabb17f3568f16a87446b2c4b943fa9bf8b20b9,ngageoint_opensphere
2555,2aae8ef0c3b73698e80aeafa9635105f44775156,ngageoint_opensphere
2556,2aaf395901ef8c6cb5ff6e5d15ca83fb98b399e9,ngageoint_opensphere
2557,2ab501883b1108e93358357e3bdf2cf9ccda3205,ngageoint_opensphere
2558,2abc92d228175aa1041fd56e195e36a8076ff40b,ngageoint_opensphere
2559,2abd942262431863a656714c3d2000a362c69797,ngageoint_opensphere
2560,2ac809f6efda3c5babf572de412048e61d49c4cb,ngageoint_opensphere
2561,2acb82ebd756bfbe66f66ce8585c2240b0382ad2,ngageoint_opensphere
2562,2acfdc870664e44ff93f99ad82f1795c24f4da3e,ngageoint_opensphere
2563,2ad0dc393d0adf5f7d970624186d0fa36288d630,ngageoint_opensphere
2564,2ad40e0b2c51769a286931951217a5527af52258,ngageoint_opensphere
2565,2ad7f2d6d6842ebbe8471dad81a1a65ebf06507c,ngageoint_opensphere
2566,2ae131cbaba46a783911249f1be66113d85a8c83,ngageoint_opensphere
2567,2ae332cf4bfb641b7853335a4586b7c19eb17d60,ngageoint_opensphere
2568,2ae5570c136b84c42d83c52510bf805d50f14b49,ngageoint_opensphere
2569,2aef5fe343412125dfa94cb8781d98ac89e4fe0c,ngageoint_opensphere
2570,2af0df7a62a631799d6db71129e1dc7ebb9b9178,ngageoint_opensphere
2571,2af252a386a1fdf2c177662e9637706871eb81d2,ngageoint_opensphere
2572,2af2cd3a1e02be57ccda16e8bb3d95fc33d01abf,ngageoint_opensphere
2573,2afc7ed579d7d64f511fb375b6f5af6de0268232,ngageoint_opensphere
2574,2b0277c2167b326ab75c17d20741d47615c69ad3,ngageoint_opensphere
2575,2b0a57e92f518988a161fa9f865216a9db70658e,ngageoint_opensphere
2576,2b104705a0dca3c14138e0eb91b2a00e646ba32b,ngageoint_opensphere
2577,2b19b4f730e8e43ffb5b18dfc952015513d5c757,ngageoint_opensphere
2578,2b1ad0556cf33a2ef72a4d14af340f1d88ecde8f,ngageoint_opensphere
2579,2b1b40ea6940e2a094dbed7ed9912983939d154f,ngageoint_opensphere
2580,2b2221684b2d646fd43b1513ab665cf5487f8238,ngageoint_opensphere
2581,2b2260159ad011b98679d374305e5f4242ee2c40,ngageoint_opensphere
2582,2b2273de603b5f0965d9116817aa4eae25a54369,ngageoint_opensphere
2583,2b251412713babc106a9b0be8ba30e04e7cdd1b8,ngageoint_opensphere
2584,2b2be996a55dced68f5547c62badb92a24cb7bca,ngageoint_opensphere
2585,2b30491ae31855ef4b0b6fadf14a8cc1aabdd14a,ngageoint_opensphere
2586,2b33b9589b812d14f68062560b6218c65caaf143,ngageoint_opensphere
2587,2b34841f07829a697526c4d8238b9addc729039e,ngageoint_opensphere
2588,2b369316ce4257675fcbbfaf93ec81f48fe2c016,ngageoint_opensphere
2589,2b37c655cc84272ad7ef6a71aa7b6ed8a1902c20,ngageoint_opensphere
2590,2b3a8ff0a2a4f8639017bca4ff6485a1897eaf4e,ngageoint_opensphere
2591,2b3bbd66150d73d51b0ff7469afa12010a619e4a,ngageoint_opensphere
2592,2b406dda6471323d0e4e716f1be39c8ee898bc7c,ngageoint_opensphere
2593,2b43ef480e7d689e6f4829b68016a7437ff5fe9a,ngageoint_opensphere
2594,2b4c03eeb6ec5e371c0b4a66e216839f6db31849,ngageoint_opensphere
2595,2b60f891f7e234de059f34b2c1702325a358fa23,ngageoint_opensphere
2596,2b688a6d76441529643be73453310d00e41c3679,ngageoint_opensphere
2597,2b6c6b2fdb328502b1797d950706ce424cfce238,ngageoint_opensphere
2598,2b70652014eb3fa26a9af84c4e6886e7b174da84,ngageoint_opensphere
2599,2b72c767235ba4068985f4a57ee29ac0d2dd2841,ngageoint_opensphere
2600,2b78e6549bd1e1317ae29321806a640b2ab1485b,ngageoint_opensphere
2601,2b8c0d78290381be5dfb6e7cccd6819bb33c32ea,ngageoint_opensphere
2602,2b8c812a8e30869b4c96cae9192541439fd1fec1,ngageoint_opensphere
2603,2b8eff83ddfb8f4a4d9d02530fa7ce187575a6ce,ngageoint_opensphere
2604,2b903863732dbb2eb6ca5894ee8996a4fba16672,ngageoint_opensphere
2605,2b9174bb19f751126bc9ff922421ffac7839d417,ngageoint_opensphere
2606,2b924c0bd066506fe7e63fc0bf30f190186c10e5,ngageoint_opensphere
2607,2b93abee94b10cfa0139c57f7d2a8466fa609de9,ngageoint_opensphere
2608,2b9752722a2f41511ec56b3a0a3d08fa7ee533b8,ngageoint_opensphere
2609,2b97ea3aa55059b189efe0ef1d91a970eb9892c5,ngageoint_opensphere
2610,2b9952bd0fc577b8c33a6801c37a008f9e4b6dbd,ngageoint_opensphere
2611,2b9f4e6b5571d5035dc90490ab729a04c2231fc8,ngageoint_opensphere
2612,2ba2c055c132d6b269bdbad05e0e1866cd9540dd,ngageoint_opensphere
2613,2bab77b02a99e2354f0ed6d65a4cf49b966ea192,ngageoint_opensphere
2614,2bafba1fe9ac01323f2ec575fbc4e408d0e9ead9,ngageoint_opensphere
2615,2bb6d613d3f1ce407923def394879858b776ba78,ngageoint_opensphere
2616,2bbb9bd66beda944acf5185af2466646422ec0f4,ngageoint_opensphere
2617,2bc21fc45f958a985bb5d85f6e933ec3f14ac5b0,ngageoint_opensphere
2618,2bc3415203907604fa2cf00209ea22501e53af6c,ngageoint_opensphere
2619,2bc92601b01004eaaab3df05fb69ac24b5b2fe14,ngageoint_opensphere
2620,2bccbec254172f40548ae974cdf265b4838f1865,ngageoint_opensphere
2621,2bd291b53ecc2c4fb867bd839fa70229cb0de798,ngageoint_opensphere
2622,2bd3810cd3aed0223e76abd25763b6ba28c0fbd0,ngageoint_opensphere
2623,2bd5f9662e84fccebe43140199e8dc05544ad96f,ngageoint_opensphere
2624,2bd8d2d69e82574fdea19f3f716c22ad6186eba3,ngageoint_opensphere
2625,2be216f9d9fd5e00fa04fe13795c397b387c1c59,ngageoint_opensphere
2626,2be25c04b135979ca47c4408b35243b1c6cc844f,ngageoint_opensphere
2627,2beb64de26cc7516cc10f06c640ca2d1d45fc4be,ngageoint_opensphere
2628,2beba1eb9cc69cd3669a9fac2c60abffbb53b7f8,ngageoint_opensphere
2629,2bedaa5cc5acb43b27537f977e82c06e89802243,ngageoint_opensphere
2630,2bee956e2f02321322ec75574b04599ea6f7e7f0,ngageoint_opensphere
2631,2bf9133e030fb7179ebb213f40da598f33408f74,ngageoint_opensphere
2632,2bfb43a88eed1116499a65034fff76de9e1650bc,ngageoint_opensphere
2633,2c03ad7c3513f410e0e684b4deb215243d398248,ngageoint_opensphere
2634,2c042377709ad8f34ab058c44d747e71de759e33,ngageoint_opensphere
2635,2c08bf850de94704fd4de9a01face0561e72b0b0,ngageoint_opensphere
2636,2c09ab4477165bc8c5ae7b23e41cfbf57db53d45,ngageoint_opensphere
2637,2c0d1a0c41ed3e737d586f3d94fc35ac377c75a7,ngageoint_opensphere
2638,2c11529d5325394a1e2939876624cb2829c75ae1,ngageoint_opensphere
2639,2c12f1557561fdf14c49d491a235b169aa382b70,ngageoint_opensphere
2640,2c1d6d858a4579242bb515786eabad745b6afe05,ngageoint_opensphere
2641,2c1fb93912b8ad0c9a234145f7a59f0bcf7058cb,ngageoint_opensphere
2642,2c28d37c1a8f76d0d87adffc4940eb3bfcd986ce,ngageoint_opensphere
2643,2c2bc82d05f2ab0bc0a63a6ae18bd80480dff401,ngageoint_opensphere
2644,2c32c16b09577988d5afee31a696628599dae0aa,ngageoint_opensphere
2645,2c3b9a757289f86bab8e1403f54f2c5e019f70fb,ngageoint_opensphere
2646,2c3e53a4f7f4c8b113ae0b82aee89b02da862a45,ngageoint_opensphere
2647,2c450ab28b1c60d66bbb7db96b1e0061b63d39a1,ngageoint_opensphere
2648,2c49cb4cf768b664ba4bfd22ead6e3c6148c371e,ngageoint_opensphere
2649,2c4f331a978183f1b6a3ced72d98a76e1863c454,ngageoint_opensphere
2650,2c55672d73fb64fe29e2197b64016742177998ff,ngageoint_opensphere
2651,2c59f4c2b10b8e15512f2fc8f92eef9a5dd1d984,ngageoint_opensphere
2652,2c616da5629c07545c7392da7a584051833a5d9d,ngageoint_opensphere
2653,2c61ac9fe31b573b4b0007ab0b29e4d0b2b92fd5,ngageoint_opensphere
2654,2c621176231d526a5c8dd4c688acefb6c722d4e1,ngageoint_opensphere
2655,2c636776f3be2d8d6fe0d73d59e9ad1756f5cd9c,ngageoint_opensphere
2656,2c6b672663e52a00005b20e6720210f53065b91c,ngageoint_opensphere
2657,2c71a5d2bb739d9aef8e56962fcab076ee777596,ngageoint_opensphere
2658,2c757d2c4f48d596597fa957470e29e2252534ac,ngageoint_opensphere
2659,2c757ea505830e5f96c345d508650cd357f67b15,ngageoint_opensphere
2660,2c842882a1b6ebdc7daced40c161b613a5b9acc9,ngageoint_opensphere
2661,2c86ab3eb6de60406efafa6be2af1586eb0352f5,ngageoint_opensphere
2662,2c86f78625978b6f4b8818e18159421e94f01076,ngageoint_opensphere
2663,2c8c07c5f622b38e01020fe189a45d19183bca0b,ngageoint_opensphere
2664,2c8d387014fb9b9d38362be357b6517b4c3edc47,ngageoint_opensphere
2665,2c93633971816bc01ea21a3e211c501c80a343fd,ngageoint_opensphere
2666,2c968ef2d7eb8d21762082df65ecf4abaf9a0c3c,ngageoint_opensphere
2667,2c97eb34cdde4b441c1125a90b1636e8a16e347e,ngageoint_opensphere
2668,2c99dccd1e453e8f52a38576bf214fe51cb15ad3,ngageoint_opensphere
2669,2c9a506e8783ca3a35117cc337fee72f2059afe6,ngageoint_opensphere
2670,2c9b2b301970bdd7fd2fe4adc05f9a54c15d8456,ngageoint_opensphere
2671,2ca44556d7515c26a0c4820267a867d4e8d41219,ngageoint_opensphere
2672,2cb2d444c77bf5de65f4c111dd1607c02cd954d4,ngageoint_opensphere
2673,2cb3e940e8ca3dbb02146fb5d0d2770e5bf7ed3b,ngageoint_opensphere
2674,2cb7e9f18ec0ca3beabf074f308bf3f3b16ede01,ngageoint_opensphere
2675,2cba1bd14fd70b168b88b1e8359a3ae52360d518,ngageoint_opensphere
2676,2cbe85a37b69b266391820754541674cb0a3bbcc,ngageoint_opensphere
2677,2cc7aed0cc09ed5361c6c4b9d16c17bcd3db1d90,ngageoint_opensphere
2678,2cc973e75d31410463eff1c5513db053070a7499,ngageoint_opensphere
2679,2ccb4a3caad72fff33a427ec3ea6832f64c721e5,ngageoint_opensphere
2680,2cd40f9894f4fe89557a3c368ee887bc26e278c2,ngageoint_opensphere
2681,2cd6207cf80b79a98b090e172cd74cccef273f1d,ngageoint_opensphere
2682,2cd6ab69c401d1fe9615fe4670925e6a1138a021,ngageoint_opensphere
2683,2cdb65c42c8aa9014de420eb481212b276efa461,ngageoint_opensphere
2684,2cdc5a6dae83cadae0ede73ac27b901166bc633b,ngageoint_opensphere
2685,2cdc9b89f2b0eb262aa4012caa6173c965e2c58e,ngageoint_opensphere
2686,2ce0f23a35df6249818595dfc82bbafc0c19f4a1,ngageoint_opensphere
2687,2ce584fdddaf027a5c2fc280bd6d61a4e3db9e59,ngageoint_opensphere
2688,2ce7e6fdb97fcc00246f74867444f5dae95cf446,ngageoint_opensphere
2689,2ce9e0680cda3aa945d19ff78930fa8d1c032c91,ngageoint_opensphere
2690,2ceac2f7aa4b1a85cb105217440a6e6779a544ca,ngageoint_opensphere
2691,2cec825e8f5954cc9f02a434c1df7615f0379045,ngageoint_opensphere
2692,2cf319cdb88b558d126d40114fbd6d48efb8c6e4,ngageoint_opensphere
2693,2cf6119dd54c2a0a5c3d6136c280971eb7abce94,ngageoint_opensphere
2694,2cf9c28524bb4996a33e6a75dfa3d06828248115,ngageoint_opensphere
2695,2cfaf0d6dff3223582ed1cbb73b87d4f8bf5baf8,ngageoint_opensphere
2696,2cfc6b4d9eb25483059b237b4112abebd14c6acd,ngageoint_opensphere
2697,2cfd8d5baefeda4f716bbc63cb69454fb466a927,ngageoint_opensphere
2698,2d0071dfcfbbd967b6be11e3a7cf1d6f76c36ab1,ngageoint_opensphere
2699,2d090a56fefeed619a5f582558b6b6ac58c51325,ngageoint_opensphere
2700,2d111b0795eaee33a73b21238dcc31f36c0fba8a,ngageoint_opensphere
2701,2d19438dc8f4120877165025f3f0726aa1bf7221,ngageoint_opensphere
2702,2d21fbc12cd46d28172f7f93895aac1cbb0d6e29,ngageoint_opensphere
2703,2d2522b1c909b7985ed277ec3a5dc2718ec5a4d7,ngageoint_opensphere
2704,2d261e58a5b3551a1a966f4a909779f1cf5e1e33,ngageoint_opensphere
2705,2d2b05cdfda513099f434b967791691df9e70470,ngageoint_opensphere
2706,2d30b4e9c7e4fc6e00c0e0f2a95b0810b522253a,ngageoint_opensphere
2707,2d32ec63343e8e985c5d6f0138590be09a9015fb,ngageoint_opensphere
2708,2d41e58ad93545c337b6feaf22b38c2f573716c0,ngageoint_opensphere
2709,2d48804d5f3ad57e62c1316f3c2dad8fd345d730,ngageoint_opensphere
2710,2d4c1ec96214db1191cc453e90e56897cfbd74df,ngageoint_opensphere
2711,2d4eee8482730d2690a5fc83430c7a1fa822b147,ngageoint_opensphere
2712,2d50e4b6f9fb0a6215c6499fcc6566d2a0b67fe7,ngageoint_opensphere
2713,2d528a384859ac3d260db6ea02b0dbad5b34e740,ngageoint_opensphere
2714,2d5f385598f9a6a16599cb8fbf56027d482b0fd4,ngageoint_opensphere
2715,2d5fcaa27ae9f3bc0232968085bf72050cc0b672,ngageoint_opensphere
2716,2d62cbd411d228ec335c9f31e49b38bdc6f3f4e6,ngageoint_opensphere
2717,2d66d9e6206f6ef6028d3a80b610966613e17c2d,ngageoint_opensphere
2718,2d6abc2c53c92eeee5ebfe9bf841cc0d40cdc156,ngageoint_opensphere
2719,2d6d5ab4b372fe6bad763d1a5097fcd73ef3e95e,ngageoint_opensphere
2720,2d71b82b058a964277ff086772d8c66955c5f51c,ngageoint_opensphere
2721,2d7d21c59ce93d07e82a4c23d955aa390b7550bc,ngageoint_opensphere
2722,2d7d346597684cd39343f9b19df7f74a755a528d,ngageoint_opensphere
2723,2d80344c2483b3b6b8300b6e5e377eff4c5e20d3,ngageoint_opensphere
2724,2d80be018864cfb3c90238dd70c89fa4c20339c7,ngageoint_opensphere
2725,2d821e64b794e88e37be0e8a1eee0f8de83d5faa,ngageoint_opensphere
2726,2d8fb31289bd412b5f83bd193391343cb955cdbc,ngageoint_opensphere
2727,2d94f5ed9787ffd4ddd1993bb55c9c221278da3f,ngageoint_opensphere
2728,2d9574024c7f94e620dc012d56a6e9948efaf5c9,ngageoint_opensphere
2729,2d965a5f9c856e49a8ffdd355e858f0ac3e7cba3,ngageoint_opensphere
2730,2d97311b7b101d786b45f97ca61ab805b8386765,ngageoint_opensphere
2731,2d99b62f1846e8b054e157363bd289aa8d08af72,ngageoint_opensphere
2732,2db5a6d3eb4aafe744c8d1076b05954901b836f6,ngageoint_opensphere
2733,2dba95c96277713109ba7aacc37b4649a0c6fa07,ngageoint_opensphere
2734,2dba981111500d7fb6f163b777734201eb45ff02,ngageoint_opensphere
2735,2dbf105474ac8fcc4ee9f823ed74d6950fb64afc,ngageoint_opensphere
2736,2dc67615be45973ae75fbff6dbdf5facdcb9adf4,ngageoint_opensphere
2737,2dc9818dba4b4697f8dca6628d06c2dfada1b313,ngageoint_opensphere
2738,2dcb0c0cfdbb9faef2559f4f39f45a2b41c9d127,ngageoint_opensphere
2739,2dd7bd41addea2a114da24089dbf9c010a1f94a3,ngageoint_opensphere
2740,2dd7c5e108207bbaae1ef440d868a79c80ea7282,ngageoint_opensphere
2741,2dd916c49e4393670e95d7156defd1e635d34dd3,ngageoint_opensphere
2742,2dd98ae7f9a53e7928975d657bdf88ac7327270f,ngageoint_opensphere
2743,2de79121e9ab3d41b0b48a43009af0ff4b8ee5d6,ngageoint_opensphere
2744,2de8e1a91c50210777f2077e377037adbdceb5e3,ngageoint_opensphere
2745,2deada7670a3bb8e4b489199fe8c49a842364b32,ngageoint_opensphere
2746,2deb6a12595d67b1667f8171967f5b2f9191a39b,ngageoint_opensphere
2747,2deb83790da6420fa231a6277cefb79a3ea37da6,ngageoint_opensphere
2748,2dec176055513a78dca5d4a28fa61c615e7dc316,ngageoint_opensphere
2749,2def540aadb90442e5867d08c3165a874dfb77ee,ngageoint_opensphere
2750,2df6139e3343b2c0e8963372b719c816d8e4fff1,ngageoint_opensphere
2751,2e00a808c4511277ff4d9302173d934c93605071,ngageoint_opensphere
2752,2e014f21c8099319881849d1bc0eaf4866a1f58d,ngageoint_opensphere
2753,2e046a87343baa6f75a1a47c4ed5802bdb28754f,ngageoint_opensphere
2754,2e080978e32c0bd932340ba47ea0973fd4be95ec,ngageoint_opensphere
2755,2e081f275a773157586cde6a44e560563f993ca3,ngageoint_opensphere
2756,2e09618b867360ebde7ad77d9a803c215576a0a2,ngageoint_opensphere
2757,2e0d710834ac35ac80dc02a9c357005c463987cf,ngageoint_opensphere
2758,2e0fde20fb5d82b19b2ea4aa44dff674ad059ec8,ngageoint_opensphere
2759,2e1bc872e72df6012971a7cf186881a378932c92,ngageoint_opensphere
2760,2e1dc14e09591838b49f5b53d8707451fca0cf41,ngageoint_opensphere
2761,2e1ee7540cbd93f64b8ce760bd6e39b05db04fee,ngageoint_opensphere
2762,2e326039507a7c545f7272ea3e8804a7bb569d55,ngageoint_opensphere
2763,2e33c0749ffd722701f4b80753ab29619d248e25,ngageoint_opensphere
2764,2e3b4d6fc2a41e8ee7979b271a17fc926488f227,ngageoint_opensphere
2765,2e3d484a49accd980306be6f3adac707f54c20a4,ngageoint_opensphere
2766,2e403a555aa3121c6b3c697c3dacf1ce15a117cb,ngageoint_opensphere
2767,2e494bea08bb7f9afaa12cbcd4912c90c4337d1b,ngageoint_opensphere
2768,2e5f90c2ebfec64e0866a605952f62defd38da60,ngageoint_opensphere
2769,2e627b1f88c498b35a7a1decc1c6563be1bdafc9,ngageoint_opensphere
2770,2e637b74e510244d4f36c50e4ff12333590cc948,ngageoint_opensphere
2771,2e649d29e1651cb97d9d2289972ec78ca2377d89,ngageoint_opensphere
2772,2e649fe601dd7d930d69658b877eb7633f369c51,ngageoint_opensphere
2773,2e65f5298b89edd5d13fd1d65aa9044d55960d91,ngageoint_opensphere
2774,2e66ec6f1e6c87d59b86f97bdf4004d5d7f68abd,ngageoint_opensphere
2775,2e712afbfb10b2032f8cb4078c99a378a74ae9d8,ngageoint_opensphere
2776,2e772923ec2a72f4b396a297a2444e91b044c26c,ngageoint_opensphere
2777,2e77ed59a6cbe41321e16cbadfdf81d3b00f9c91,ngageoint_opensphere
2778,2e7883ea1d3a32979085a5f329ba2297dcbcb1d8,ngageoint_opensphere
2779,2e8134fe111ee73a8a8caa7363178ae690d1bf3e,ngageoint_opensphere
2780,2e8995d303b87fe2ad26875e19ddf3e1c84ca8fd,ngageoint_opensphere
2781,2e8e9ad45e4615dccd0495bd5682083a49e74ac2,ngageoint_opensphere
2782,2e8f872ac46d507c5e3183d786aa2086a5046e56,ngageoint_opensphere
2783,2e91e22e2b2729fb8ff457bfe2766417451687ba,ngageoint_opensphere
2784,2e971e948d66a3dab8e065a94c309c4a62cd5a37,ngageoint_opensphere
2785,2e97f194c97734f0fd6a04ade25a2073d37195f9,ngageoint_opensphere
2786,2e9804ecf5f7ac1f816e9e3b8f420a3596302be1,ngageoint_opensphere
2787,2e99b10ad7c668e2dc8a11970b5a861a1692e602,ngageoint_opensphere
2788,2ea4883d33e0e0af7bcbebab6430110f44092400,ngageoint_opensphere
2789,2eab0a28dd53da00045bf60498d94d6c1c12bb1f,ngageoint_opensphere
2790,2eaeebcb5e34e6e4afb9da956f10af4da5e939a9,ngageoint_opensphere
2791,2eb23219136c814993a5aeba4528d59f35667b7b,ngageoint_opensphere
2792,2eb51a29acb193106e14668ff9fab1b978c7abba,ngageoint_opensphere
2793,2eb5c5a3eb8d5a445339824d911d580d978c7014,ngageoint_opensphere
2794,2eb9153ca25a6a7ae0533b348072e1ec9811ce0a,ngageoint_opensphere
2795,2eb961cbe7b9cf74b4f35f253db4cd7593b293e8,ngageoint_opensphere
2796,2ec1717b0bbd7b37e672a8a6334597780d0bc83f,ngageoint_opensphere
2797,2ec3cd7f87fecf99c342aa59256440fa7b3e846d,ngageoint_opensphere
2798,2ec7c516633508b97010707d2b564791f32fb40d,ngageoint_opensphere
2799,2ec82f31773898c74dc12c5c54a304d7e4123a0a,ngageoint_opensphere
2800,2ec84a75c382a5a122e497669a982d7358192b1e,ngageoint_opensphere
2801,2ec910c6a3634b6edc8ccb8a82c2d9f7dc19d3ea,ngageoint_opensphere
2802,2ed251fbed09970707ab67b84332ae15a020d7d6,ngageoint_opensphere
2803,2ed5ed5b5b13eab16baf601d8e31bacd6744aa06,ngageoint_opensphere
2804,2eda2d45a38ea12966281b14ed44b8a31ab0b032,ngageoint_opensphere
2805,2ee4b37755af818a38e7e2c59fa875da04cc4b18,ngageoint_opensphere
2806,2ee58db7bb881300661fc581bf75bb275a930f47,ngageoint_opensphere
2807,2ee8aa9bfe301dc92468aae576f6134efd3c1529,ngageoint_opensphere
2808,2ee9882e281ffee1182bee2c5b5246556e0d03c5,ngageoint_opensphere
2809,2ef007a13aebf10c2ffa14933b9133ff2f64225c,ngageoint_opensphere
2810,2ef04e0c0898b2f07fc28c8d5830e364d88ee884,ngageoint_opensphere
2811,2ef97ae5b8bc66baec8d06a78cf7e9c67824df30,ngageoint_opensphere
2812,2efa19f475db9461c9a21d7c97def8fca784fd04,ngageoint_opensphere
2813,2f072184255239b9fdf5ba9fc131e32071112456,ngageoint_opensphere
2814,2f11caa40fe58a9fa234f46d214671f7d99bc779,ngageoint_opensphere
2815,2f135ecc593a61770e0ef414daaea1db3c1fb7cc,ngageoint_opensphere
2816,2f151e6fb94db4cd4062037ac89b951a600bf2ec,ngageoint_opensphere
2817,2f1b6ff18b820ec2180e88c984df79b93f321979,ngageoint_opensphere
2818,2f1bd9517674546efd880e216673f615e1571035,ngageoint_opensphere
2819,2f21aaee8aa7327f98e87da492cd5584a3edefbd,ngageoint_opensphere
2820,2f28c03577e0e0e50368e880385fe096da706282,ngageoint_opensphere
2821,2f37b8cb4b922e6eb7b5ddd5c41d963e75e8c740,ngageoint_opensphere
2822,2f380256681eea5d00be76a1ede2afd8ad121730,ngageoint_opensphere
2823,2f394173e0d91f5729e5a31fbce8aa8a5e795e61,ngageoint_opensphere
2824,2f43ca3969915421a973f9f30d7c830bddafd3a5,ngageoint_opensphere
2825,2f4951fe3c2cc2960165231cee2ebaf75f053265,ngageoint_opensphere
2826,2f4f643252aec61ae3be85304da79c320f8c3fa8,ngageoint_opensphere
2827,2f58bdc3fc6f487aa4be8890ec447f61180c1cbe,ngageoint_opensphere
2828,2f5bf97abb374ad128cdd289bfbaa7e581cbfdbd,ngageoint_opensphere
2829,2f5c2883503111d9e5c9c939e0264604b0ba5a44,ngageoint_opensphere
2830,2f706d6e9cd00a28b06d33b22b1f41388d678f0d,ngageoint_opensphere
2831,2f711a025eeee8e0a83d450b668eac7229adc1f5,ngageoint_opensphere
2832,2f77f74d51ac830246938f7dc5b09c4a1f2199aa,ngageoint_opensphere
2833,2f7d93c8ddfd390c5836d06dd9a2c6097e8d8b03,ngageoint_opensphere
2834,2f7ff65a6950a13494bcb5049168f757001a0706,ngageoint_opensphere
2835,2f8095fb1f582086fcb59cfcc519472a4e15b7ef,ngageoint_opensphere
2836,2f815ea05125e8937d96f45b570f0bb16ce0fefb,ngageoint_opensphere
2837,2f846c63bb65465900cb13baf633fc1747abc897,ngageoint_opensphere
2838,2f852be2a3230b19d58b82bc6ba621e0d4094258,ngageoint_opensphere
2839,2f8a939d64032a74d9256087369b8a7d8729eb49,ngageoint_opensphere
2840,2f8c1eb64c7812b4945f3e9337e2a4c8293752bf,ngageoint_opensphere
2841,2f8c2d55853f485a68fc80faf1fc381896aa2bd3,ngageoint_opensphere
2842,2f95d6d17f694bd5ece045d4a52cbef00ac1704a,ngageoint_opensphere
2843,2f97929c1110e014c0516277dce2b2c19940cc70,ngageoint_opensphere
2844,2f97cbe51f5e105e63afce94a9722f7b3360b4b5,ngageoint_opensphere
2845,2f97e5e094ec41df1c9cdf30df3dce7be49a40c1,ngageoint_opensphere
2846,2f9a8adfd9b58371588a098eaf5293359b789bd2,ngageoint_opensphere
2847,2fa3f957f36826ec639f249e91135e16743cec8b,ngageoint_opensphere
2848,2fab3c97a4025dfe0db1be927a0462b2857e7567,ngageoint_opensphere
2849,2fab3cb84016a3e1edfe6da4652ae40089ac6c08,ngageoint_opensphere
2850,2fac423f8a61cfcafc2c53af560ee9eabf5cbb03,ngageoint_opensphere
2851,2face315b1951da6b7fa915b9eca1e3b50eb2a88,ngageoint_opensphere
2852,2fb52faa4d36d260b0e5e727fa5e5a0e95f3fd3b,ngageoint_opensphere
2853,2fb6fcfba6be3bcbf6abd289ca0b2b9dcd6a2147,ngageoint_opensphere
2854,2fb893e13d7f617cb90dc39f5e62e5ee46f2428a,ngageoint_opensphere
2855,2fbf7846a3dd800d32b656f07327eff76a2b0a41,ngageoint_opensphere
2856,2fc18b09333869fce9f3f323a99238b96e10513a,ngageoint_opensphere
2857,2fd1225c7f59a5f5ecad68c303b2ac667434d2c9,ngageoint_opensphere
2858,2fd6efef09428d909fd767982ab0d2038d9f0dcd,ngageoint_opensphere
2859,2fda50f3c851f30cf6332c71424b5ac9bfab88bd,ngageoint_opensphere
2860,2fe4b2fa57fb501585e97d8a18d143aea0637100,ngageoint_opensphere
2861,2fefe0cc6e3e5f27179ec7753cc1a9be08b56405,ngageoint_opensphere
2862,2ff88fb7416cb4ed209997162683cd5f6a536e04,ngageoint_opensphere
2863,2ffba291982cfb96deef8d9e538c38f0e913464e,ngageoint_opensphere
2864,2fff9a857d9837c50b3f1a452670c7f7cca24288,ngageoint_opensphere
2865,3013af4779fad9e30fe5e9ea3528aac689f92e56,ngageoint_opensphere
2866,301c999eed0fb47f5b3978750f95e47a93a46cec,ngageoint_opensphere
2867,3025d8ad73bd2fb671dbb181137de4425ecb8006,ngageoint_opensphere
2868,303547da30261930543a0b4f2c270e55c2a227e8,ngageoint_opensphere
2869,30378072e2fbeaaace502b8b6ce60ddc2ae7b0e7,ngageoint_opensphere
2870,303c941d75cf5c8e25c31010b33839b232154fe7,ngageoint_opensphere
2871,303c96ac20bf2af5b9997080ac5d394306b43074,ngageoint_opensphere
2872,303fdaa17efb953191bb32de5c192dc9b73de4ca,ngageoint_opensphere
2873,3043c020391e28ef5079557067ba65b17d8c5ebe,ngageoint_opensphere
2874,30572b58a3c3a3c26d5fa6c48c7d39955543afd3,ngageoint_opensphere
2875,3057cc6b37e779210b940416793af3299574d06a,ngageoint_opensphere
2876,306258774114ac735b7d57c6d9c20682dcf20e92,ngageoint_opensphere
2877,3069146307cbe1df19121264ccf81b8028e048b7,ngageoint_opensphere
2878,306d6aefb9b3991ac1b86d17052fa1d75558f893,ngageoint_opensphere
2879,306ed1d35342d2d3b6c10c0840e56c8cb64df8f1,ngageoint_opensphere
2880,306ed3c3e948cecdec2d353facd5cf5aba0ceb05,ngageoint_opensphere
2881,307fd6dd8f2f3d766b2f284c7c6648ce27d86bd2,ngageoint_opensphere
2882,30818837d5f7fdbfdfd6d155839fbbd3ea225ffd,ngageoint_opensphere
2883,3092d0387248236fd608bbd296732c9073b23482,ngageoint_opensphere
2884,3092f6009f1281c8e382be9d40917d34b4302286,ngageoint_opensphere
2885,3095a98ec00bdadac08a1db7d94957a92380874a,ngageoint_opensphere
2886,309710c9d2349530a2d27c4642cd3088a7586bce,ngageoint_opensphere
2887,30989be917cd44980761eedc7898e4f0e9d5afb2,ngageoint_opensphere
2888,309f7aca60fc8079254c2d183898bd5b8d3cfda1,ngageoint_opensphere
2889,309f97b7754e95d9b0aabaac4ce050125e2005a0,ngageoint_opensphere
2890,30a224a03dbc0a098ba03b50e1e7eb88db5a38d8,ngageoint_opensphere
2891,30a3f75b4571d1b8c12f5b8058b0b7f3ed249a0a,ngageoint_opensphere
2892,30b0d5ec040b6b9d7774745f6cb39a5857e38d78,ngageoint_opensphere
2893,30b8476bf9a5e3b00d9f2f54a498ae0b34ef8d50,ngageoint_opensphere
2894,30bb77c27e07a55fc8916dc638046c67066c7641,ngageoint_opensphere
2895,30d15323341120e496726764c14e242718e967b9,ngageoint_opensphere
2896,30d3f784122a2c5e2524c8a265af0f3b4f35f80c,ngageoint_opensphere
2897,30d684e0e674a46e6a302b5b8ac0420ee3e63e70,ngageoint_opensphere
2898,30d77f356eb4338fa422ba42a12be222674e8103,ngageoint_opensphere
2899,30dcb0b0268c6110b050312fd937d11a0b2fcc76,ngageoint_opensphere
2900,30e3e9bd302e9a0252a35411917a462067aedbf6,ngageoint_opensphere
2901,30e9a61d8eb10560e7d9cf54f6768eb511c72263,ngageoint_opensphere
2902,30f61019e118feb5fd616fbe08303d67b78c0129,ngageoint_opensphere
2903,30f7307466078a3e2c7a899caa2167c22a5a431f,ngageoint_opensphere
2904,30f9255511021b0cedac8d4188e0aa3ab7b8653f,ngageoint_opensphere
2905,3103a89af6b392ffe222082bbc1ce2df99998f64,ngageoint_opensphere
2906,310be0264ba9729ffb063660c8eca10dfc801a7a,ngageoint_opensphere
2907,310c67df5d91f3378308cb08b3c3e5e1480fe072,ngageoint_opensphere
2908,310caf14bb3280132a72403f1bed0816d8562de9,ngageoint_opensphere
2909,310f45f34e3d74481c2449f5c81186b1e497295f,ngageoint_opensphere
2910,31107011a8b18516c949ada6ff99f505a3c575d2,ngageoint_opensphere
2911,31121ba75cbdc75561af9643f5b9754001c20b78,ngageoint_opensphere
2912,311691545b5b4847bdbef06515072b2e0604d446,ngageoint_opensphere
2913,311f55a6bdef325ec0ff6ef8e80847180cf2e4df,ngageoint_opensphere
2914,312297c0731e4ca4fb9b0239f34604a35f3fc612,ngageoint_opensphere
2915,312ab0da42e2fdacfabbdd1c01d7c5c55f99611e,ngageoint_opensphere
2916,312c883bb03809f54ef4149985bb59db7c32fd70,ngageoint_opensphere
2917,312f8044454d1130f6229a9229a99274550d817c,ngageoint_opensphere
2918,3134ee00e6e42407f84f5417d9918a128cc45f4e,ngageoint_opensphere
2919,31357eee387756a48e8dbf36613591d52179ef01,ngageoint_opensphere
2920,31364334e75f4d652c788360957ba76a830726b1,ngageoint_opensphere
2921,313a6497f4c795336df07c04ebf36732e9c90d21,ngageoint_opensphere
2922,313d2d81939a89c780d84b8fdcb0585e7820862e,ngageoint_opensphere
2923,3141442e61fa942a39e8efe728971b918fc3b5c0,ngageoint_opensphere
2924,314a03d94508b9adf28624d53a7d53d8227b73bd,ngageoint_opensphere
2925,31500310c49b1a04c390974fe0c28274ef3bacf6,ngageoint_opensphere
2926,3150470dbf1004357bf154a452d09664b8abc508,ngageoint_opensphere
2927,31670ae16827a692898e99ae8784de26f66a3747,ngageoint_opensphere
2928,316d6286a0ca6a8203ad3f99808f74b593ad7aaa,ngageoint_opensphere
2929,317185cb342d3387b507bd86a0980d5f4f49e9dc,ngageoint_opensphere
2930,3176ce3a36dcd1caba2af5e726b3357059f1da5a,ngageoint_opensphere
2931,31778fa94d054379db4d747411feb50ac77e2679,ngageoint_opensphere
2932,317d38d22b6714729f953a01c5333e6c86817bf5,ngageoint_opensphere
2933,317e3506f79e15fc116cd47d0230fa2976903b73,ngageoint_opensphere
2934,318f10d7e819558a54d51f9920d135b649d514f8,ngageoint_opensphere
2935,3191d6e70243eaaf97e69c3d7b9ba2a381a02fcf,ngageoint_opensphere
2936,31a2f91c483732ff36f31dd6b122b3519dbee863,ngageoint_opensphere
2937,31a455a3ea066964423fbe9f27ad9f497e063e4a,ngageoint_opensphere
2938,31a94eaf4a2db1ec08096d3da04e478305fd7ef6,ngageoint_opensphere
2939,31ab368a4d1ea939c8b7ce0df636edff43b92d76,ngageoint_opensphere
2940,31b71710f19aef8dfe8bb67313ba20ec18722520,ngageoint_opensphere
2941,31b8c43d0bc54713e2b5ae85c0a66b01bd53756c,ngageoint_opensphere
2942,31bc2fcda3a77acc0c2eaa8cc683c8e40c1cd56f,ngageoint_opensphere
2943,31bf8e7101d866244563b0ca73930933fa44aaba,ngageoint_opensphere
2944,31c6adf59dd6ab9a4ac09f0cf5aadcb8646c069a,ngageoint_opensphere
2945,31cdde4f5ef0bca1576d8760ca010448abf97cdd,ngageoint_opensphere
2946,31d331cf0fd36e21f38cbbaf06dc1b766ac2b55e,ngageoint_opensphere
2947,31d4123b7973ff6ae2f4eefac4fd9dea0c9800cf,ngageoint_opensphere
2948,31d4e14b1b57b8c8d08564f59d57647ed34aecab,ngageoint_opensphere
2949,31d7639b7b0c6c85e4c3c4e143fa2dd5cc6ec073,ngageoint_opensphere
2950,31e051ec4550afed0a324ef1d3a67e7faca7a177,ngageoint_opensphere
2951,31e0cae2005d53f828748be09bccce782a825bc5,ngageoint_opensphere
2952,31e68d3951b33aef442418e81474250dfe1760f0,ngageoint_opensphere
2953,31e8088ce388ccdd98c39a0b0cdc193952a3575f,ngageoint_opensphere
2954,31e915a9fe7938b2384ad9760f5ffa50302f551f,ngageoint_opensphere
2955,31f688b2ce6764ad83df00c38ffb9d39a867981f,ngageoint_opensphere
2956,31f6d5dc3f9b2a76592f1bc9f77bc9ef31fd0031,ngageoint_opensphere
2957,31f7bba62f522771c14973bf7a6b212e9e2cd703,ngageoint_opensphere
2958,31fb8ba53a78c4d8df4fc82f34402f6157bdfc89,ngageoint_opensphere
2959,31fdd9fb4042a428c1b1c9e59c5825d199131a79,ngageoint_opensphere
2960,3202564f291ad9e36bb2fc3a3c862ed3ea5e075c,ngageoint_opensphere
2961,321e83603e1aec3066cb0a32a58c06a36c4e2483,ngageoint_opensphere
2962,32205296e3f1a3f6f30d8a44b2df9a5d4076b9ff,ngageoint_opensphere
2963,3220c19b4fddf262a61644f1413f4c96cc9c5c96,ngageoint_opensphere
2964,3223a1253e9b3d5e863f74766812a33ed038d44a,ngageoint_opensphere
2965,323036a5d8f786cbc7ffa6817bd570fb32b9ccb5,ngageoint_opensphere
2966,3230ad5b5348178cd309cbeb5fa6c8dd2b5e6804,ngageoint_opensphere
2967,3232aee83ba827dcb288267222f641ea67dc4aa2,ngageoint_opensphere
2968,3237ac69be09a38ccb0abff5145ccd3750707238,ngageoint_opensphere
2969,323a8674cf7e379dbd76796a600ed6369886336e,ngageoint_opensphere
2970,323b0db09e315f5250a5b7e825ee53605758353b,ngageoint_opensphere
2971,323bd47d03f8020c76a2d1076fa97bbc595f5b82,ngageoint_opensphere
2972,323c35cbf098db0d781a57f0d93aa330592ed9e7,ngageoint_opensphere
2973,324307cd98b0cd6352ba73d5498dcf53b753a3e6,ngageoint_opensphere
2974,3243ece19ff6022c3c5d786eaa8c5208e0a76fc0,ngageoint_opensphere
2975,3244d4ee1726b6a20be550a88d1a81fd7fd6a86b,ngageoint_opensphere
2976,324c8692c98b26e07cb1ff025ed23a303ba32b5f,ngageoint_opensphere
2977,324cc650cd33cd3d85c36693108619763e206647,ngageoint_opensphere
2978,325c081689df1eb5bea56872b554b2473ab0dbec,ngageoint_opensphere
2979,32671cf779532b9a3f88e75c724e56aa9600f19d,ngageoint_opensphere
2980,326b9c1257cdb697b54f32df0a3098e1e76fbb6a,ngageoint_opensphere
2981,3275ca7e9bbcbf1160400155453d82ea4cb7811e,ngageoint_opensphere
2982,32788a924f22e24d39898dfa86df155a1a715990,ngageoint_opensphere
2983,327bfc1c7a038ef15216b26011bcea6f8c7eb46b,ngageoint_opensphere
2984,32817e872d4af2f6b24218ecbe3afbf7cb815199,ngageoint_opensphere
2985,328709758ac532d7274ea7c1ec2d3f4cd6411360,ngageoint_opensphere
2986,3291d2e2fa7fee46ef97ac3b0040d08387214ca2,ngageoint_opensphere
2987,32966272488e764647ffb2c516bdab0a92b1e53d,ngageoint_opensphere
2988,32974cc7fccbacab4fa0d7ee50bcc7c93a2eaec1,ngageoint_opensphere
2989,3298b154bca97565d9673201c287dd500f7cdc88,ngageoint_opensphere
2990,329b62befbb056d88118b519c46da2524cf866c5,ngageoint_opensphere
2991,329e13726d33ca21eb803d577b4254e8c552283b,ngageoint_opensphere
2992,32aeb63a574ab7a510d7d5c3df9b095798702123,ngageoint_opensphere
2993,32b280d768d06c5a0552c2e7aec23f9ae39e3625,ngageoint_opensphere
2994,32b8096734ef1eb5435e4717b4e65bf991ba517e,ngageoint_opensphere
2995,32c2ec7ea8398c6c21fd3d712dd505984a97ac2a,ngageoint_opensphere
2996,32c38bd32bc6625214075f8aea151afe6d3289b5,ngageoint_opensphere
2997,32c4b03be0ba1ca1325d854752a4d3f17b5fc9bb,ngageoint_opensphere
2998,32c4b2323d61aca2978a857252678e925b087b2b,ngageoint_opensphere
2999,32c81878f2d8ac8d429426ac50ac5f3e32bbe93a,ngageoint_opensphere
3000,32c9819c2abb4e8176851a1d746975888871d9fd,ngageoint_opensphere
3001,32cc57594c9c9fd37cdd62db605019fa718a2342,ngageoint_opensphere
3002,32ccd93a3ec3f2e6eca6c30caf93610c93f9d76d,ngageoint_opensphere
3003,32d47694f2012516a443830e68560af07c9a0e9b,ngageoint_opensphere
3004,32d85f423bc2b20b12b969093d5b983fb2f02b90,ngageoint_opensphere
3005,32e7dd600a19c8524921c27703a5fa929c868415,ngageoint_opensphere
3006,32e8c25d2ec9d0198cb79629f9b243be612aeb59,ngageoint_opensphere
3007,32ea46502b8af9cb5ce853d629b269589116b16f,ngageoint_opensphere
3008,32ebb15f1a66ed87f13e1bcde036037ae178338f,ngageoint_opensphere
3009,32f0c43feb5317ae0aedefbde00a7125e141de7c,ngageoint_opensphere
3010,32f7f1b9d86f334ae32c88157aa928315796acd5,ngageoint_opensphere
3011,32f950561f26d1dc4a8e7ce7f566ecbb8cdd6c71,ngageoint_opensphere
3012,32f95eb2b97a362065c2065dccf8ea84675a0d6a,ngageoint_opensphere
3013,32f9d615e1aa0f241c57cdcc41455c47b0208940,ngageoint_opensphere
3014,3304b96cd8894f34a7d435f7d09384c168b02c4a,ngageoint_opensphere
3015,330c01e88e539bdbeb248e3e24304c49f20de4ba,ngageoint_opensphere
3016,330c94b3a7192cb0060de6c1df0c67da2ad90d3d,ngageoint_opensphere
3017,33129e13b162c96c6bfe8d8d8a5d180ebf555a9c,ngageoint_opensphere
3018,33159cc6698bb2feaf7b2020bc640cdec1919384,ngageoint_opensphere
3019,3317f199fb106a4b09cdce141fb05cb358c05169,ngageoint_opensphere
3020,3319e2589bf1628449a24c0672b184b5f31c2d01,ngageoint_opensphere
3021,331e4c048eec62ec04904703170eb980017761ab,ngageoint_opensphere
3022,331fe2d0f309c76a34972c5d056a19f4b0a941cd,ngageoint_opensphere
3023,3321521b0bb325af40ba9e94d277816dc2241b9f,ngageoint_opensphere
3024,3321d982b48137d0bbac69fa2014c1ebbc09dcc2,ngageoint_opensphere
3025,332a2da130ddb18837d0b5309e5362f49aa9825c,ngageoint_opensphere
3026,332f04f96227c77dc19d6ab505933936e77b16cd,ngageoint_opensphere
3027,3335a70f37c8899271f1830653d51eb5147da1ce,ngageoint_opensphere
3028,33398d45af44f248104730125b7cb867fa07af91,ngageoint_opensphere
3029,334205a562404106aeba8367dc3c3ecc6edfc753,ngageoint_opensphere
3030,3349b30243bf69df4c36462a3d6011f9a5bccab2,ngageoint_opensphere
3031,334c350696e3592b38dd222f8dd323d445623698,ngageoint_opensphere
3032,3351c100562c839c4c8e5e720e57af6fd4ca1a3b,ngageoint_opensphere
3033,3358c9834e249082adaa8b79b9966dbde28ab222,ngageoint_opensphere
3034,3359cdabe73e8c5f0249d0ab7312ada91074748d,ngageoint_opensphere
3035,335d687992ea0da69390767136b4c18c2fe10ac1,ngageoint_opensphere
3036,335f9e1be9c592c675aa6562b8d5b3550d053e67,ngageoint_opensphere
3037,336190f8c2b30b22a0eaa384edfb9f67510d9d4f,ngageoint_opensphere
3038,33689116be91d4757cf292d683bab34ed949c50f,ngageoint_opensphere
3039,336ba64becdfd8782b2f3f4a6dbf0beec7e6c288,ngageoint_opensphere
3040,336d03ddbfaf8c275a858f7aeabe64fd3d4b21b3,ngageoint_opensphere
3041,3371c33a8608dc703c08fdd69564cbf7f6ba96c9,ngageoint_opensphere
3042,3376b1d08d42e54c841b4b6a6ae8e8f2e0db497c,ngageoint_opensphere
3043,337a41c0f001b647feb5fac6ae8c7e09f3089983,ngageoint_opensphere
3044,337af32c8cfa2ad13aceae6f8a26ddd0affa45b6,ngageoint_opensphere
3045,337c01581016152ffb8d466e92cb31e07166ead0,ngageoint_opensphere
3046,337c433ee3bb57cdb2e0791e1811651d5f7ddca6,ngageoint_opensphere
3047,338494c2e796c8bf314591ba4f4d3e0dd9990adf,ngageoint_opensphere
3048,33851586f2205acbc2c6d236731066103ec16af9,ngageoint_opensphere
3049,339a202a9772b53338f96a4b48cc17b43b4b2859,ngageoint_opensphere
3050,339c4adf5fde2b497fac2e44724258a15cd6c898,ngageoint_opensphere
3051,339d8b4740c95202c8b14b389985f88c8b744d18,ngageoint_opensphere
3052,33a0b744459d9ff978438e2340e727adbf3fb1e4,ngageoint_opensphere
3053,33a17f84fa90e6ebddd9f21cc3577314330a6b49,ngageoint_opensphere
3054,33a295f4afe10d8c08032c2b13a1ee99ba3e6c50,ngageoint_opensphere
3055,33a80d9814a6343833b2757803497e42fb7eb9be,ngageoint_opensphere
3056,33a8bcfd0eb418af02060d081842b047dea0c707,ngageoint_opensphere
3057,33ab82bc281589843512f3860a1852cfb72af585,ngageoint_opensphere
3058,33adf076593b9213a9df1ca558fd0015f173dfb6,ngageoint_opensphere
3059,33b1672edca2bb83c367d8d6c130e9adfb287c0a,ngageoint_opensphere
3060,33ba8eb21c4481c4f29e3c7f1519eefc792905e4,ngageoint_opensphere
3061,33bbc8b34d832e70e7ba6e9b1198955436b776b2,ngageoint_opensphere
3062,33be5e49ecc2c3a6f504db0a945b952c84ae1b7c,ngageoint_opensphere
3063,33be8279fab738c2dd734f6261fed1c0e1d05c1e,ngageoint_opensphere
3064,33c0418e67e3491412928f57838391b120ef2a92,ngageoint_opensphere
3065,33cfec45ba6e07b89f676f1edb39da382d47cb94,ngageoint_opensphere
3066,33d36239cec8fa50208facda8ceb2fef88bdb568,ngageoint_opensphere
3067,33d6f1be9fbbb57032ec7f8a3b6b12ebe0ad5191,ngageoint_opensphere
3068,33d7a808a2ad5d75e1178860bb13d7409a5b1238,ngageoint_opensphere
3069,33dbf311b1956b027dd5c4b41b605329da703383,ngageoint_opensphere
3070,33e0bf3d0d9e21625c1b43d7cb2fdd648b22537a,ngageoint_opensphere
3071,33ed8cf94c2d2f588a1c44f29fe627a011d5f54f,ngageoint_opensphere
3072,33ef1cd178d740b4b867c4266c99cbf14787bd5f,ngageoint_opensphere
3073,33f29a3efc6b7eaec6eec79b06b7469262d9aa14,ngageoint_opensphere
3074,33f433be02141294546d7a07c251bfbfec5ed164,ngageoint_opensphere
3075,33f870daa33680169fa5300fe46dcba4a038b220,ngageoint_opensphere
3076,33fe0ddd0478793b37b377c1043407e333f47b7f,ngageoint_opensphere
3077,33fecbdb92c22776cd16013ee6ee4a099d59770e,ngageoint_opensphere
3078,3400dff8ee4eaf078a8112e46e101530511c8342,ngageoint_opensphere
3079,34018fb34b4d818cc7a0ca045666507476b02066,ngageoint_opensphere
3080,34081581481c09145ffcf6611651672b9e34a3d8,ngageoint_opensphere
3081,3409633f612b9761689a6a34d9a7d9202aaeaab7,ngageoint_opensphere
3082,34098d02a42bc193496270d65d7c24583ce2ef10,ngageoint_opensphere
3083,3409b075e37aca610589923867eb292d5ac70ccd,ngageoint_opensphere
3084,340ab4e92fa8ea406d3033b394405aad18e20c3c,ngageoint_opensphere
3085,341c2522894161904325872cd0faae74780a5f79,ngageoint_opensphere
3086,3421c0ad6887dbcb18d4c34c30393c58c8cb31b2,ngageoint_opensphere
3087,342ecebfec4ea9ed4a47daa01bb692a7c766c262,ngageoint_opensphere
3088,342f7ad9c317935261f67ccd8a1599cb52b356d5,ngageoint_opensphere
3089,3436f20ecf4c95d674ef0fcafc0439bad8f01ddb,ngageoint_opensphere
3090,3437afff82eab2f92db58a6b7db16319249d16f3,ngageoint_opensphere
3091,343ed66bdfa0ce478523568f2c26d11fffdd35c2,ngageoint_opensphere
3092,3440d018e46f5a50efd8bb8c327dc12e2a3d89ac,ngageoint_opensphere
3093,344b6678364b7867e976e95d88ea2b0a1427258a,ngageoint_opensphere
3094,344bcb5333e398ae19699f24014691afbb34794b,ngageoint_opensphere
3095,34538898bdc7874293d7aa74869b3c43725f3bbe,ngageoint_opensphere
3096,34561ecaecd8f6cd6a6a9382f2ea11f0b1bdb273,ngageoint_opensphere
3097,345996f3b70876cedc348ab3eb76356f4137c402,ngageoint_opensphere
3098,345a65ef300d5ba91df690dec11b72bafe45338b,ngageoint_opensphere
3099,345c3cd30d1df7968d17d4ce4a137c39110636a3,ngageoint_opensphere
3100,345eb42ff0b5bf8697073ab1adefd7cc2220217f,ngageoint_opensphere
3101,3462eb9b07d8390e710ade530b8c607611709108,ngageoint_opensphere
3102,34649f9e661b318f40e4f906e8b9d5ec5ed1b887,ngageoint_opensphere
3103,346b84019751f89acef1c3891703a4fc55588cdd,ngageoint_opensphere
3104,347272e9e5a58553e351c0e703eed52de1f14072,ngageoint_opensphere
3105,3476f5db8b011de9abd1d0dd75a72237902c79df,ngageoint_opensphere
3106,34798fc09f4c829d786a20c6ecd087ec92468d98,ngageoint_opensphere
3107,347a1fd559cc3cd164b5bd7fdbae7484a95a8139,ngageoint_opensphere
3108,347eca00e9f0b1b1d085720e15874ec55d273674,ngageoint_opensphere
3109,3483af477c71ca5ad3e15d5ac7fd34c4b5ab38d8,ngageoint_opensphere
3110,34854aa1e32c1fd98319fcd2c45b538199c8bd5e,ngageoint_opensphere
3111,34877a40587b68f610a3ed9d3229c045d33deb55,ngageoint_opensphere
3112,348e3a13b72f945a9f9162432a3f8dd4ac3b4e99,ngageoint_opensphere
3113,349255a0e5d0bebf5a0c7e4d08453c7f4ddf06bc,ngageoint_opensphere
3114,3495f2a06ad82b398e6e475172d678d04c353704,ngageoint_opensphere
3115,34998308db761390a72ee41b97e8b1c071872a7a,ngageoint_opensphere
3116,349e90d20babd4ac4a49fe688899fe2b1d01e7e0,ngageoint_opensphere
3117,34a23cee7326fdd2606312de9c0089cad0b180f5,ngageoint_opensphere
3118,34a2d1c02ca18146cfb4098f1295c53923679f47,ngageoint_opensphere
3119,34a45ae39d46576589f908efaedd733b0c919b6d,ngageoint_opensphere
3120,34a50af8b3d3db74196ec1269069db2bd56a34ac,ngageoint_opensphere
3121,34a5b66890295f139f49238855f4557002c24fa1,ngageoint_opensphere
3122,34a6d51465cb8131f7caf09250c176828aad3d4b,ngageoint_opensphere
3123,34ce1e71aa433a59185faddfb0b5380349a88ea4,ngageoint_opensphere
3124,34d0f7b080f751712d779690119f4aeebf9fe7fe,ngageoint_opensphere
3125,34d7f6b1ea991cb94ec3e42f8bd4bdccc470bd36,ngageoint_opensphere
3126,34d9c1d14555e140664282cfb26168a11d7adae1,ngageoint_opensphere
3127,34e09f043b882b1fac3345ee133928f4c509e562,ngageoint_opensphere
3128,34e86adce118d229ef64fce820562474dc20e804,ngageoint_opensphere
3129,34ea05483ae7cbce7980565e1a82f566797a4736,ngageoint_opensphere
3130,34ed430337061e6d3c5432db11e91cbe8d723748,ngageoint_opensphere
3131,34f657992161c3002f0b734e0472f4004d0b97f9,ngageoint_opensphere
3132,34f7895b5305930e5fbd158925ec250cd0f2fbe8,ngageoint_opensphere
3133,34f8c9c54e0655a5b3856951fb16eca03fce3119,ngageoint_opensphere
3134,35025619b76474bd4a1a76769fa4a3b3a057382b,ngageoint_opensphere
3135,350a72081c74195cffecdd0701e651bba889ddcd,ngageoint_opensphere
3136,350afae6085d5a94c6e0128fad7f75f8ec3135c7,ngageoint_opensphere
3137,3515f2a0c9d4b88a37361c9795cca0b95c13752e,ngageoint_opensphere
3138,3518928bab7759c87be6d876f13e0881245f4fcd,ngageoint_opensphere
3139,35277857082665b1d5c29472599ce3e10b221906,ngageoint_opensphere
3140,352eb7d28d7106d64f511c42cc66f3b9869a4643,ngageoint_opensphere
3141,352ed309f2aa4c28825c7255e4efd95e42731dd6,ngageoint_opensphere
3142,35314576f99cb0ef93acdd26cbc2d830efccb43d,ngageoint_opensphere
3143,35321460dfe1cd3c695e3f64bd088e8f01ff013e,ngageoint_opensphere
3144,353252a1353c0ba9bb7766c57e8e27c8d347a139,ngageoint_opensphere
3145,3533ab56be4d6a1bd792eddf725f3578d60a0d1f,ngageoint_opensphere
3146,35342a11648e25a0b734ace5c4cfd3aa6c66a4c2,ngageoint_opensphere
3147,3538518577d591288041acd26534fb0fabb12169,ngageoint_opensphere
3148,353b4f0e13bf749e39efdcc2f624034e3e46baa4,ngageoint_opensphere
3149,353ec531049e3a602effc43beedc37ce0a78d0ee,ngageoint_opensphere
3150,3541a88627eb91fe3b5e109f97bf98a974ca12c7,ngageoint_opensphere
3151,3549be3e35d49ef60ad99224c52b3f9cefa868cd,ngageoint_opensphere
3152,354c15f925305b18f59b84667b26b22d02100c6f,ngageoint_opensphere
3153,3550eda5c20645c59173c20909d82c2988b39bf5,ngageoint_opensphere
3154,35532d3f50e9996ca6c0d0a8637977920d82fbc0,ngageoint_opensphere
3155,35536cb3b5a8303e97296ecafe1245795f02bc9b,ngageoint_opensphere
3156,3557695ad360790dae2d2c44e5a9a8d4a3679e39,ngageoint_opensphere
3157,355cd97b5f7899a839f3322b502c2a52c8d5dfac,ngageoint_opensphere
3158,355d0351d35c77f3734b0117742f2b493fb59605,ngageoint_opensphere
3159,355e8dcfb876ffb0d0909e84c46dda2c133462a7,ngageoint_opensphere
3160,355ecf820d82f841cf207c783010de65811bfe3e,ngageoint_opensphere
3161,355f366b5f5dd45cb46691bf4eb173210f455264,ngageoint_opensphere
3162,355f632740e3b7e5d4c0ea81f4d757325b123071,ngageoint_opensphere
3163,35646f4e8abd55a3471cdbb08917d6ec9dc76b9d,ngageoint_opensphere
3164,356832fb9c6d91b4598c42b2da1c356df0af4879,ngageoint_opensphere
3165,3573bc61afcd7307f53a1c0fa9ee5ce336be2837,ngageoint_opensphere
3166,3582c9975ebb5039a3e6be61736bdf7f5dca1ca2,ngageoint_opensphere
3167,35830b07bd01d6fa84b0b7140007d0e2f6c99175,ngageoint_opensphere
3168,35854144e289cb0063f59b5ea3b91a095d41f631,ngageoint_opensphere
3169,3587c81050800f32e9262aeffc34b4279cfe6fef,ngageoint_opensphere
3170,3587ffcebc6c4dc0b6c9b1df2fbaa0b7e25fe1b7,ngageoint_opensphere
3171,3588dcc4008881f4783abd689184ad3dd2c93674,ngageoint_opensphere
3172,358b6cb18f67ff3cfb2c1e92c3370bc6c82c12cb,ngageoint_opensphere
3173,3593e185dfc054fab469c6300daf3a31ce7ddaec,ngageoint_opensphere
3174,359491909f5730f90557625392428515f2ee7ca1,ngageoint_opensphere
3175,359adac5a7e52faf4389e68e31f57192622204a0,ngageoint_opensphere
3176,359b1ffe24b765fed91f24d3acce57b56ab60b8b,ngageoint_opensphere
3177,35a93df5d68466dd5142a711a784a19f02bc5b94,ngageoint_opensphere
3178,35b299f8d886805c01ccb9031a6e57a30d7f39b1,ngageoint_opensphere
3179,35b67a785b763e967db98d86cfa52e83f3661fdd,ngageoint_opensphere
3180,35b8b0d5c141568b142af0b7faae48eb4cf88b63,ngageoint_opensphere
3181,35bcc2aab3356dff5b3a3f390bedfa8c65d713c6,ngageoint_opensphere
3182,35bd6a2471ac063b357e69916d265cb409acfd79,ngageoint_opensphere
3183,35bfc18c10b5d736d95f998fd4222448a875bfec,ngageoint_opensphere
3184,35c2a449a71cb0287a02551f7658fca71ea82c17,ngageoint_opensphere
3185,35c32b88449284a48fbcc168c57da1514d34fe1e,ngageoint_opensphere
3186,35d95ad1d0b33ed3df3e0109ebd61a5c7f40a9b7,ngageoint_opensphere
3187,35dc501672141774b64f15e0eac38198e00753ff,ngageoint_opensphere
3188,35dc73c7443de7db9cf7f366963067b1399e245a,ngageoint_opensphere
3189,35e1f7cbda7f57803cda8e9752d0e9b4cecc9d2f,ngageoint_opensphere
3190,35e2371d55c121d9777d50601745dff232ecf256,ngageoint_opensphere
3191,35e2f2577985722d756fe01edef46b47eb6826e5,ngageoint_opensphere
3192,35e64296f7f88925210e51cf7ff2a994d12092a0,ngageoint_opensphere
3193,35e6599791330e307307b81641f0c4a7c5e05e09,ngageoint_opensphere
3194,35ed432bebcea2aea3c9901b9a090d252d51bfdb,ngageoint_opensphere
3195,3608b5ad2e8c85ab02ddc576eaa9e1072395daa5,ngageoint_opensphere
3196,360c8869e5995f6c531e50ae3f054f8c8e153a9a,ngageoint_opensphere
3197,360e0da077ce18b3066f9f00bbd42506f9fc9373,ngageoint_opensphere
3198,360e32cb3134bda965c9700a9ee58abb8b85a218,ngageoint_opensphere
3199,360fa8e5833f80866995060ec6963df38ea81577,ngageoint_opensphere
3200,361584be1442e2ad89424ba4be73819205c3165d,ngageoint_opensphere
3201,361c8a3ff8015b80908659521844943badf76e72,ngageoint_opensphere
3202,361d9cb09b2b3a9d2ed23a8e2753fac03c1a8392,ngageoint_opensphere
3203,3622094ffad72bb440ed6a28a9d52ab2c997b890,ngageoint_opensphere
3204,36274f63681b828534ba1282d8b0e149e608495c,ngageoint_opensphere
3205,362d3c85666ffc82c7a44862eb021202fcb06cd7,ngageoint_opensphere
3206,3630d573a11c982b29ea9349a30f7dc15bd5cb0e,ngageoint_opensphere
3207,36389f002111a2a8f9b3a1699240a0c02b748fab,ngageoint_opensphere
3208,363f4d9e6bd2e1be1f81240f3d10abc27466bff1,ngageoint_opensphere
3209,364781666476cb5b95305f6607fc5d22138dc636,ngageoint_opensphere
3210,3647fd3629d8ef36394dd4088c2aa99935b2c9ac,ngageoint_opensphere
3211,364bd8b0ed81a751a818ec919996f60a60fae279,ngageoint_opensphere
3212,3654b19f6055f4958c80c31ad1dd0eb5e65e9271,ngageoint_opensphere
3213,365996dca47e197429f643d1aefb48b278718b60,ngageoint_opensphere
3214,3659e2e0d7972029e9facc75ab835bef67c6b69a,ngageoint_opensphere
3215,36608f7005cc88ffbcb73d5accd92ce856eed8d0,ngageoint_opensphere
3216,36643462b61b0c0d5bbe43b659ca1ec2fb61ef1a,ngageoint_opensphere
3217,36732c2bb947c23f6730b1b535bef02e90f1577e,ngageoint_opensphere
3218,367663aa3ffb85032f81a9ff5de7d7b9d7a97aa9,ngageoint_opensphere
3219,367828ba29cf472926923f146599929c248497b7,ngageoint_opensphere
3220,36783fd14eca98657de585850eeb542298d57667,ngageoint_opensphere
3221,368d7dddf9c152ae68feff6ad95cf2ee2e72ae57,ngageoint_opensphere
3222,368f958a4a0011f7c0c86932bbf3c2e38fe49520,ngageoint_opensphere
3223,36959d58519c2df7c547aada41fc7862625a7048,ngageoint_opensphere
3224,36a32a8e79145ab1809172f9900d72112d9378a0,ngageoint_opensphere
3225,36a4f9851b4a936f4f3524bc511371a6ff54a038,ngageoint_opensphere
3226,36a8c6934b4db10bbc697312f67ec410cdc643a8,ngageoint_opensphere
3227,36af905da605df5a0360d2f6feace1f2fc9ee72f,ngageoint_opensphere
3228,36b035cb5512cc8faf0a75bc59623eb1a6e09ad5,ngageoint_opensphere
3229,36b0d9f6d0c5fca1ccbf95a084dbd7a7aac2421f,ngageoint_opensphere
3230,36b63a2c104cff6522a2079337e105744e2ae6a8,ngageoint_opensphere
3231,36baba66ff778a954c9c681058d185f806217dfb,ngageoint_opensphere
3232,36bd75e130cb2a7a501501a31b02229a1468835c,ngageoint_opensphere
3233,36c385f2de3681845daa2342bba3aae6ce7c884d,ngageoint_opensphere
3234,36c3a249e536dad1a4c7e2c04b3da866ee911c67,ngageoint_opensphere
3235,36c4cd969997d4dd97a318559d67703656c34178,ngageoint_opensphere
3236,36c5b19bc9f32342463b67150d76c36593fadf08,ngageoint_opensphere
3237,36c7a7cd4c17fa8e1a98699125b5504a9e5e3c3d,ngageoint_opensphere
3238,36c9eddec3fb94823eb85c0d9c7650088ff57b93,ngageoint_opensphere
3239,36ca788422e6596cd67853fcc6d0f28bf0f90f86,ngageoint_opensphere
3240,36cd152277b33938b3a358f679015500c115d974,ngageoint_opensphere
3241,36cf9547022847d42f61b298af3f53f8d03ff894,ngageoint_opensphere
3242,36d2308351c986ed6d8afe349b60c4f36a0b2858,ngageoint_opensphere
3243,36d3c3f7efcc303608c71d8736cb93a4dcd59650,ngageoint_opensphere
3244,36d40867ebb07950c1674c0985f71a07a780e4a0,ngageoint_opensphere
3245,36d584e3267029d38e76ce5fc935366288c22de1,ngageoint_opensphere
3246,36dda9981c5739b5fe7fff3a5b8f8076c6470a64,ngageoint_opensphere
3247,36e463be923a07670d7386c6dc1330487e4b1cd6,ngageoint_opensphere
3248,36e4ae03000a4e1b96305144666cbd355151daf6,ngageoint_opensphere
3249,36e8cb7ebc10ca428e9fb60cdf0f6457f5b13a5c,ngageoint_opensphere
3250,36e91dd084776152fc73ade287425f91022d2dd2,ngageoint_opensphere
3251,36f7283d644a22254d712c0545e7098807e4c5ed,ngageoint_opensphere
3252,36f8206456062571f754a5283de2650c40706270,ngageoint_opensphere
3253,36fb90e5a0e97ee7665aa4b99575f108f804b7fc,ngageoint_opensphere
3254,36fba40dc70e2cefa2999bafabc4161e62c13b8d,ngageoint_opensphere
3255,36ff9f5e62e4da59bb5f59a7adcb0089ce2ac4bb,ngageoint_opensphere
3256,370056aee92dbfb5a1bbb581299c98700e00d198,ngageoint_opensphere
3257,37007fd6a61ce7abd9e0f47edd84144ac07036d0,ngageoint_opensphere
3258,3703e33a61d13d76dc4d8a77e98dc2ea8da07736,ngageoint_opensphere
3259,37067299e7b7faf5edc4afee05153f29a9e1086a,ngageoint_opensphere
3260,370c32b61b5e9233633a8e03bdb1569dce6a28c6,ngageoint_opensphere
3261,370c9d8cf8e265b5b4be00f7c39e8274282281b0,ngageoint_opensphere
3262,37129ba1b5025696563e234f4d4ac6ef2320a1e0,ngageoint_opensphere
3263,3716ddd6b750a9318333012ecde05961598a4fd9,ngageoint_opensphere
3264,371736763c1d4ae278e22e8d34f9aae264359509,ngageoint_opensphere
3265,3717428db800e1774068082f677ca3736ea1c16d,ngageoint_opensphere
3266,37176671543cf1c6850811e62809381e4117bd55,ngageoint_opensphere
3267,371c7281bf2eee9833f876bea6c29c99d2031408,ngageoint_opensphere
3268,371d663218e66511f090df9ee535cb5e612c605c,ngageoint_opensphere
3269,371dd8f3099670de188742349830641e155dd615,ngageoint_opensphere
3270,371e5c83a7323bb99b5ef173ffaafae9a45c8e39,ngageoint_opensphere
3271,372330428ffbf68fa5babe87e34107d8cf233e52,ngageoint_opensphere
3272,37319915095b266bf502fc91a0cb5e6a9c5ff1b4,ngageoint_opensphere
3273,3734bfc45096c9b00ae9aa2acf800fa122f5db7d,ngageoint_opensphere
3274,37374e2a47225c178650a011d9960f7518c86f41,ngageoint_opensphere
3275,373c79dcbba580822b36695b3fd2f2021ba0a2b5,ngageoint_opensphere
3276,373f8d55ae5612eed993378a63e8f1356a9bfbef,ngageoint_opensphere
3277,37401091686a446faeca9d632e9ab87977fe1cd9,ngageoint_opensphere
3278,37487ae8374affcf9489bfb909dad63d6d16831c,ngageoint_opensphere
3279,374f23261ea147fbe548124cc48bacd2e7fab7fb,ngageoint_opensphere
3280,374f880c5e736745667cb5af2f70641ce18da13c,ngageoint_opensphere
3281,375138267d29a505c2b53f751419be002a24ceb0,ngageoint_opensphere
3282,3754020da82b3b4a96a05653fd882bb786cf43cb,ngageoint_opensphere
3283,3761f219c0240eb23eafc02ba2d050e24a053f59,ngageoint_opensphere
3284,3762895c42f2cd67fdc74ef200217d67cfeabaaf,ngageoint_opensphere
3285,37635715264851adbde0ead0c6bf70875e9373e3,ngageoint_opensphere
3286,3765e4c6abc24195f358765abfe70c8d2c84bb5f,ngageoint_opensphere
3287,376b93f2429311a391c4e565875adca2c3f4cfd9,ngageoint_opensphere
3288,376dae2411353ef789e3bdb568f1858f7ad9efa9,ngageoint_opensphere
3289,37748ee2b86da97ac86b0e0f2a4436e81ee35cbb,ngageoint_opensphere
3290,3777274653b963b6edf4238e7f89ad35ffc0bbd1,ngageoint_opensphere
3291,3777671823befcb954aece995a4db47fee61f0e2,ngageoint_opensphere
3292,377e7c7f8fb5c29627b6effab4addccba0794249,ngageoint_opensphere
3293,3781fa2ef6394c428148718b5f3695e4c6f60860,ngageoint_opensphere
3294,378efd1b8faab03c76a5fbfda658aba4d9ddc36d,ngageoint_opensphere
3295,379961f577e892a293fa776e80e3c08ca82a7642,ngageoint_opensphere
3296,37a50d967ef9d63cc1c01f38836ab8ee278dfb29,ngageoint_opensphere
3297,37a5e8e6dd62e4d08a772b871a24de6681d0f80a,ngageoint_opensphere
3298,37a7ba1353affb35c92442b46d0179ac4eaa448c,ngageoint_opensphere
3299,37aa80aedf93b601ef0a18a06d859aadef167be6,ngageoint_opensphere
3300,37b7e7e51a3b0437d1acfe81dfa701dda34acc52,ngageoint_opensphere
3301,37c35fbbeae9d702b05cdd05ef4d9dd8a1b533c3,ngageoint_opensphere
3302,37c65fe26ca6c22d64c4f94ac8aea2809686833d,ngageoint_opensphere
3303,37c6b7ee792ceeece99c6fca0228a58f8118d7da,ngageoint_opensphere
3304,37c8dcc99c624b7274336ec633e05a4b074da729,ngageoint_opensphere
3305,37cd5a241c6a8a1fac912f97133a929fa8f9a379,ngageoint_opensphere
3306,37d31aa598430486bf8f1188b4182ad9ea9194c6,ngageoint_opensphere
3307,37d93824bb66853b231df939a6f2645e35af6cf8,ngageoint_opensphere
3308,37d9ec32a227fd717e4fd415c52dbfce1a4fc95f,ngageoint_opensphere
3309,37db14c850795ee470b94589a97a0afadb2cbd98,ngageoint_opensphere
3310,37dca50fcf86e57b976d0700ad7bae4d54f6fd64,ngageoint_opensphere
3311,37ddb372763799097791e5bc724782b26d27db79,ngageoint_opensphere
3312,37dde6573e26efa6f203de7e8df178d70396ff3a,ngageoint_opensphere
3313,37ddf1be98f08d427e556c7f9d319d08ed9ec12a,ngageoint_opensphere
3314,37de26b6aa07c2400841ce5a62c6988bae863ecc,ngageoint_opensphere
3315,37e0c42525b7182347b1c115615d7e34cb972998,ngageoint_opensphere
3316,37e39a170894b2004eff29491f6de99211bebe85,ngageoint_opensphere
3317,37ea4b893d51b8eb8fc006d95057f6b5c2bf092c,ngageoint_opensphere
3318,37f1d2afbf86b11d872b27bce6234c84a24368c8,ngageoint_opensphere
3319,37f7482ee3880afa7f65e95c4b389554c69e07e3,ngageoint_opensphere
3320,37f975cd4caaa7f3992b81fdb4f668811425da33,ngageoint_opensphere
3321,37fbe731996773cffddafbf3f19a8166068ca8d8,ngageoint_opensphere
3322,37fce8db40d1e165a156b4e61c9962463e759e15,ngageoint_opensphere
3323,37feb6edcd473f06d70a47e587b5973099a7b4bb,ngageoint_opensphere
3324,37fee2e1ff42d7f73ddd3f6bcc49faa70d122273,ngageoint_opensphere
3325,3804f75e8b1a57df70c93ba0816133e2ea175039,ngageoint_opensphere
3326,380aa17459a9cda06076649a0ac063b184259a40,ngageoint_opensphere
3327,3817be355636902630ed6532a5e9cf5a9ff382ef,ngageoint_opensphere
3328,3819f648253396c2d22e73dc636c4b857afd5dc1,ngageoint_opensphere
3329,381c6447c784cbbd35bd5b5c4691fe5e85056086,ngageoint_opensphere
3330,381cd7523e71cd57ba3350881347258025fb2ebf,ngageoint_opensphere
3331,3821b9721613f2cb16336b9993fb5549226b4750,ngageoint_opensphere
3332,3829491d5aacf66f0b3c33b62c88a6ab74141878,ngageoint_opensphere
3333,382a484e77de941e4ba9a0e6a9258d016be2436c,ngageoint_opensphere
3334,382b5c223f3dfd135443f15fa32686234ad49bfc,ngageoint_opensphere
3335,382f4120e7fef86a8c8b4f107c384fa7d4949e39,ngageoint_opensphere
3336,3831cb02cdc4a80c0a062de20421cd9b6288e3d3,ngageoint_opensphere
3337,38342423cf0e36187ccdee47d9558f3a7fcac890,ngageoint_opensphere
3338,383f1f0871173eadd465ceb8bde58b8767b473e6,ngageoint_opensphere
3339,384044c71190badc46fe7714cd171716942c6bf9,ngageoint_opensphere
3340,38421e57ac4dc2a18450e550933247edd7e61cf4,ngageoint_opensphere
3341,3847e1386bc71abe3271b6db4cbf629bd9b35bd7,ngageoint_opensphere
3342,384ca55995772428b8805291a19e9f4ad9a559ee,ngageoint_opensphere
3343,384f93ec07ff63d8ee328c604572523cd7b6a436,ngageoint_opensphere
3344,38618c9e0bb73a898cff0b780cc777e1d661ca4a,ngageoint_opensphere
3345,3868018343e88640388d76fcbb0bbfaf9e8c051c,ngageoint_opensphere
3346,38700f7a2c87915b5bbf55e606f021a09194f028,ngageoint_opensphere
3347,387035a5db1dec814b2c499d25b7b501872fcf18,ngageoint_opensphere
3348,387afd2403a631e964a0d43144cdbb0507077aa4,ngageoint_opensphere
3349,387ea31b09fb93c6bbbc16cf65222913d5fe51da,ngageoint_opensphere
3350,388029144ac6a86d4c085e9671959c630160b0e1,ngageoint_opensphere
3351,38866b332c1cd1c6447b78faba42727b8b1855c2,ngageoint_opensphere
3352,38899f6da40f43a2a18101ee6f10cefae2e074d6,ngageoint_opensphere
3353,388b32a7ed8f70c58ee27a19a053359f02135a2f,ngageoint_opensphere
3354,388bcf3a51a8f1810e2d4632b953615d7a7f94e8,ngageoint_opensphere
3355,388ce30d0312b56e57a5b9a70d55d8837fe56f5e,ngageoint_opensphere
3356,3895ea1f15ce2d87a4b38c742d9b78a0e22c8e0a,ngageoint_opensphere
3357,38a0db2b900caf62f03027c73d5ac02b96718f39,ngageoint_opensphere
3358,38a1cba332383b2b06aa5c9e34fc456da3fc638f,ngageoint_opensphere
3359,38ac182d28bcb70b09411d80a3f0c26c4be2c44a,ngageoint_opensphere
3360,38b136e9c81365caf7a5acde34e85cfe556b2cb1,ngageoint_opensphere
3361,38b57b03bec0fe22b3c23d84023ef1e8502105b8,ngageoint_opensphere
3362,38b7f0ed7055ec2929afaae14f690640f6634721,ngageoint_opensphere
3363,38c09d7938163725eb7a153a53d6c822a3398a99,ngageoint_opensphere
3364,38c29457eb48624e8934646c9a8342e31570f722,ngageoint_opensphere
3365,38c3f85be2cc64fef08e36f26a83616b5a2c58ae,ngageoint_opensphere
3366,38c7d3ddc0df9fd8a467c85443808bccfa47ae9c,ngageoint_opensphere
3367,38cb290b5c7d3515410bdfa561502586b7513946,ngageoint_opensphere
3368,38cbc7967484762324bf589d0ff9c4a2fcbfd27f,ngageoint_opensphere
3369,38cdc4110004bf2b53f7145eae31eff6bf58d0cd,ngageoint_opensphere
3370,38d679c43057508c44712dabcf725443d13cb3e9,ngageoint_opensphere
3371,38db32377febe399cf9903c3c1803a421fe0d535,ngageoint_opensphere
3372,38dc30fd208a2d4ce14f7325677e16beccadc2c6,ngageoint_opensphere
3373,38dda1ec77beb975ff52c37767274ac880414c21,ngageoint_opensphere
3374,38e11cd61c3905bd8209dafc24260f664f97eb28,ngageoint_opensphere
3375,38e17e4c67e59582aeb34340eed628ee3ff6af62,ngageoint_opensphere
3376,38e2a4fd6e2e6128ab8585e7bed336b6b45ea7cb,ngageoint_opensphere
3377,38e87e9d537ccb4f5bf530a15edbfe9493ed34f4,ngageoint_opensphere
3378,38f1edb97ca0205b651cf98df861e8714bbbc3c6,ngageoint_opensphere
3379,38f311f4428216280d94d87e7fa57c02975954e4,ngageoint_opensphere
3380,38f60184bb903bfb13dbc92e3e9d66aec0c82e25,ngageoint_opensphere
3381,3905a8a71e995382367670e075c5bc9d2a6f2a74,ngageoint_opensphere
3382,3906764ea4fd9beccc5165e932b2dc3e32e6a646,ngageoint_opensphere
3383,3909e1d8234876e7160adb15196a8c993211a7cf,ngageoint_opensphere
3384,390be445307adde680bf8e3c589bc9ec29308696,ngageoint_opensphere
3385,390d5b417286b51ded756a1592c4d642ff7e40ff,ngageoint_opensphere
3386,3911219a70ddd14bc690c3445caee4d3dc7b4669,ngageoint_opensphere
3387,39137befdb6caaea2836cd958cbdad3f7366b9d9,ngageoint_opensphere
3388,39197578438459758335d4c35b35e2479077fca7,ngageoint_opensphere
3389,391a396744623e3ddb5f6d98ad42987440cf27dd,ngageoint_opensphere
3390,391b444878020242c64faa52754f91dc4c59726e,ngageoint_opensphere
3391,391c77ceb51c5c9b089fa52d1c468c097a0533f8,ngageoint_opensphere
3392,391e7f73841f0f3f6db2249aa9e82d5be6d827b5,ngageoint_opensphere
3393,391ea83225684d61908d2da42a4933f30bb73746,ngageoint_opensphere
3394,39207b88a0360b4183053d1204c0275c89466d96,ngageoint_opensphere
3395,39245990b7cb63945b555528843fc5cf16ea8ce7,ngageoint_opensphere
3396,3932d4a3fede571a7bbcf0b59f9d2e65ab7ad492,ngageoint_opensphere
3397,39414ac0ee269415ffc8bf7798e70509ce4cb3ff,ngageoint_opensphere
3398,3943864c05d0ecda335d33fdcf3a6bd27489c3fd,ngageoint_opensphere
3399,394496eb8090c821b1b8d4e2012700e2438c4996,ngageoint_opensphere
3400,3945eba57923527af6d5594643dcad0073b5a0f2,ngageoint_opensphere
3401,394627959213198ef98de18bfa63267f65c1f1bf,ngageoint_opensphere
3402,394d0d8397572812065f5dd6d31b3704c4b21639,ngageoint_opensphere
3403,39539eac8d91e46cc8a2863a9d776a090bc994fe,ngageoint_opensphere
3404,395fc2117451b69018f26766c4a950483e105590,ngageoint_opensphere
3405,39641b3c26167d68bab5638e445c03c43d756d8a,ngageoint_opensphere
3406,3969df99f9aeabae6d1be8f4d5c87a0916af29b1,ngageoint_opensphere
3407,3973b2314e78be5787dc8d41730935b388703d5a,ngageoint_opensphere
3408,397632f06395b64afd3ab8d153a037d18fd8e288,ngageoint_opensphere
3409,397788acf3c3a27094b432a7802d61f8e274dcca,ngageoint_opensphere
3410,397bd6e0e20fc4c11fb17ed4c7901db752fd9701,ngageoint_opensphere
3411,397e03e612eb7bca74719b2744cb52dfcf2aea3e,ngageoint_opensphere
3412,397fed78eb48e45fe8369397e63d2b0f61aaea0b,ngageoint_opensphere
3413,39891ff3a31c46a3f85bd388db20533ff3b0411d,ngageoint_opensphere
3414,398ca9a9e1ee83f680cbf39c7bd799a251d6163c,ngageoint_opensphere
3415,3991ff9e5a465c60e2ae566971648aa2700b2810,ngageoint_opensphere
3416,39941d9a41fd1dc1230ef28937b6dff6adfbe1bc,ngageoint_opensphere
3417,3998c0e671e4bf9709b9798bd5432308d88cf946,ngageoint_opensphere
3418,399c721427884356ab1c47e6080a066b259f3d11,ngageoint_opensphere
3419,399c78fa86c49d50de676e3a332118a820eb453b,ngageoint_opensphere
3420,399f9a6fe7c37afdfc59d7c5ee5ea9985a6e55da,ngageoint_opensphere
3421,39a12167947bb26ddf42defb3255bac44a21ab77,ngageoint_opensphere
3422,39a294d613be19629a8cf3dc76e5e8603578e29f,ngageoint_opensphere
3423,39a38709655a72b474808c60add3574ccdbf3def,ngageoint_opensphere
3424,39a4fbfa44970ba1e8a24624bc4518c9cc10d2b8,ngageoint_opensphere
3425,39a72e5a6a9ed3d38ee674929ee41d93ec651b10,ngageoint_opensphere
3426,39acc29fdaf69ab293b256054585688e2ab0554f,ngageoint_opensphere
3427,39bdb69974c9d869e1c80de2e257724e18e09cad,ngageoint_opensphere
3428,39bee55a6be19974e31154431ae425a268ace0f3,ngageoint_opensphere
3429,39c77ea3294bf888b364979bb84fbbb585127068,ngageoint_opensphere
3430,39c7c91c906957ebb3083c46e2d6ca74adf4b386,ngageoint_opensphere
3431,39cf23b9afd835f674d7906abf126257ddc51dec,ngageoint_opensphere
3432,39d7378e0bbbddb8f53965fe338a8ce349e56f56,ngageoint_opensphere
3433,39d8deb8ca0c46579b557cabdca6f3e555cf854b,ngageoint_opensphere
3434,39e2de85605085c53d1edf15920d507080c13898,ngageoint_opensphere
3435,39e5d675e5695abe8e81bddfc932a0fc0f857648,ngageoint_opensphere
3436,39e71d6235c002c0f5cee0f02faf1592891c91c8,ngageoint_opensphere
3437,39e7abac05f4b2f9f847e2c037dfda85f389e7bb,ngageoint_opensphere
3438,39e848025d71279a48af4177695b8b763133f22e,ngageoint_opensphere
3439,39e8bdb56fc00c0bf8770f35d8a058630cc09520,ngageoint_opensphere
3440,39ef8ce1a733d15368efca15713f44bb876cce51,ngageoint_opensphere
3441,39f179f543b3159626f279388125b062922752d1,ngageoint_opensphere
3442,39f18b5abb1752a4858b661cb3fb66f472e990a7,ngageoint_opensphere
3443,39f4a22dd7590390724d8bd6ac3e1553e8918a92,ngageoint_opensphere
3444,3a059231f0ac0ab628fe2d5a2079313729740f21,ngageoint_opensphere
3445,3a05d163db6824fab1830b603e8126cf14d9c7db,ngageoint_opensphere
3446,3a096f24a9f4bdc96db6fb37962204b488825528,ngageoint_opensphere
3447,3a0aa88b61a09d70c744b1f142517534c8d79db8,ngageoint_opensphere
3448,3a0bd0557779167f00434f81a49507e07779522e,ngageoint_opensphere
3449,3a1058a7ff828dc59ccbbf67a189892b47381fac,ngageoint_opensphere
3450,3a11ae22d5170e081fd9033598f906edf9ee777b,ngageoint_opensphere
3451,3a18f05ee3cd409a04e3f8ee7d723c2345910a68,ngageoint_opensphere
3452,3a1bee426786c70ff67696d523a43703cec7f549,ngageoint_opensphere
3453,3a1e0cbd83b102dada3f90119c811c5939e41f9f,ngageoint_opensphere
3454,3a237372a6ea2cd938d136b252a8e77283d2610d,ngageoint_opensphere
3455,3a2a00d1f22b45fd12ad36b9c9426dfeb6315b7f,ngageoint_opensphere
3456,3a33b475e5d07153d1f75e010701cb6692dbafbe,ngageoint_opensphere
3457,3a340c7105320d8125a1cd8cbd3ca96f1fedad57,ngageoint_opensphere
3458,3a34f21cd35caa18aa967e3925cc9c20b340de58,ngageoint_opensphere
3459,3a355d975754655583850903935fb0ed1983ee1b,ngageoint_opensphere
3460,3a370137c597f40ed9a6c84cbe4f29f2f5f5b8e8,ngageoint_opensphere
3461,3a3d79b54b3d9b588704be83b779109e468ef492,ngageoint_opensphere
3462,3a4496a1f22fbca171c0559e933816e5a1069911,ngageoint_opensphere
3463,3a46730a30f1594ac99c4377a6e46fa46126864d,ngageoint_opensphere
3464,3a47a334a40afb7b90d92b7a6687e69cb3c36121,ngageoint_opensphere
3465,3a484d411e4989db9eb57c9f90ce2e564e08a25e,ngageoint_opensphere
3466,3a49007683b40210e10ab71ce46ed5d5c45a2b96,ngageoint_opensphere
3467,3a4c852594458e108583c492a40a52e0de917e2e,ngageoint_opensphere
3468,3a516c899424785e5eb7bdb688f7b0293def47a1,ngageoint_opensphere
3469,3a589952e9a5f5ea28c563af34320ca1d0a0398f,ngageoint_opensphere
3470,3a594ab0487256ee22c5da480f5dcd2e144deb20,ngageoint_opensphere
3471,3a596dfb37c22a1f23ed91f7cd794001e1894236,ngageoint_opensphere
3472,3a5f67cbdacfb4205001a1938ff9242f5cda53de,ngageoint_opensphere
3473,3a62144518cb55b2abe6dac0278b020308d4d7b7,ngageoint_opensphere
3474,3a63fc476fddf2556d3424f5ebb07de94ebde092,ngageoint_opensphere
3475,3a725b3586f33ad13d3a76c1be07d65b00200ab1,ngageoint_opensphere
3476,3a775058ba6c61a22121ab7c745479dcdc61fce6,ngageoint_opensphere
3477,3a77e1069261c2aecb1f4eafae6bbbd025a12bcd,ngageoint_opensphere
3478,3a821528254853c0ff7b41e6890bd6860af9649f,ngageoint_opensphere
3479,3a90cd81b4a4a5031496fe2a1de56fdb409fd485,ngageoint_opensphere
3480,3a94c12a6d2912fe550dd46300f6c92e630f3d43,ngageoint_opensphere
3481,3aa078207595664ef842fd03c1b0000dda66fa9d,ngageoint_opensphere
3482,3aa73d0e2a00665a01cbb51ae59bd37565effb87,ngageoint_opensphere
3483,3aa91c950490db53772b95eda6434badf4b0bb1f,ngageoint_opensphere
3484,3aab74e3c05d777ace3b81f62b52773a68655aa3,ngageoint_opensphere
3485,3ab1748631d105b7356911772c5fdb12b364a242,ngageoint_opensphere
3486,3ab198656102507c2b747413f8f3d1f9c14f35c8,ngageoint_opensphere
3487,3ab1e0e3ba9b1f73750c1d90bfc06dce0a755599,ngageoint_opensphere
3488,3ab7474963730089bbe6267b43ad0d641559c0a0,ngageoint_opensphere
3489,3ac0de6872385deefe877149f6010e11e5c54148,ngageoint_opensphere
3490,3acb59dda5593328d6f6287e5bfdc5497f85bf4f,ngageoint_opensphere
3491,3ad15e46c03c5158f7cf6b02d0aacb5fbb06a7ea,ngageoint_opensphere
3492,3adfa7629d032362702b938a8949e50d41caf300,ngageoint_opensphere
3493,3ae0df2327863d003e013119ef324105df7e7349,ngageoint_opensphere
3494,3af0327e40bb3f234617f8247a2ccdcfc0a95c6d,ngageoint_opensphere
3495,3af5e667f494f6964788dfd05cee99a8f3948293,ngageoint_opensphere
3496,3afe4ca1fd74b5981095c3899244599f4a67ec38,ngageoint_opensphere
3497,3afecaae66c4f9c3cbc604ae14bb227c35ca1cd0,ngageoint_opensphere
3498,3aff9141c31a6e5065e7e08d2b2f03884bb6e8aa,ngageoint_opensphere
3499,3b01503f62419d393a663df9c8a48aadab9be97c,ngageoint_opensphere
3500,3b04f0e89c3e71c43ad7472c24d0ae1285d989fd,ngageoint_opensphere
3501,3b0671001b27daa73a4c2c2e910a2cacaead0952,ngageoint_opensphere
3502,3b077e28e439b07586b434769c69dbf0e0038137,ngageoint_opensphere
3503,3b0a4491bd604f18812ecfd68e61444658757084,ngageoint_opensphere
3504,3b0a463a014379207123027628dd24a08e2ceaa7,ngageoint_opensphere
3505,3b0d97ede07e2c6bb004deb046bf53310df04298,ngageoint_opensphere
3506,3b1c8d2ff4db0b2bbc252072e3e0ce7a3c054f9b,ngageoint_opensphere
3507,3b1f69388756d1d8c7c94ee35acae5f7fab54ff6,ngageoint_opensphere
3508,3b1f921d20051e3ca189e0f768b0cdf682cddf6d,ngageoint_opensphere
3509,3b2d27ea12415efbb9c7237531c79d3818c92198,ngageoint_opensphere
3510,3b2d992fe78b3df0457cfb34ec6ceae19f46ee83,ngageoint_opensphere
3511,3b34c08103803e0f1324f0ae6aa332e56f2c56b6,ngageoint_opensphere
3512,3b3e057e8cc3427183bc4b513413b9305a3c1be0,ngageoint_opensphere
3513,3b401aaec63ba354a13ac0ae12e627db6e00f7bf,ngageoint_opensphere
3514,3b41695214f5f6af3cc30079fc2354cd5c06ca2f,ngageoint_opensphere
3515,3b4774a92ecd143eb987419f0e68827fbdc9163e,ngageoint_opensphere
3516,3b48a9fbf2e234949ef3c445136e65dca3e801a8,ngageoint_opensphere
3517,3b496fa255744ab8c1c4863f67e7a56db08c5147,ngageoint_opensphere
3518,3b4c774cd152b3567280cb653e66715d19f6e2cc,ngageoint_opensphere
3519,3b50577c8c15fb41b55278175d5c1ca01d07d15a,ngageoint_opensphere
3520,3b5097a0a793d3ad1d733d490238763828e533e4,ngageoint_opensphere
3521,3b56eb9e6b6aa8ffaf964184e33306c2f2c5b07f,ngageoint_opensphere
3522,3b56f08274c90e7e9140dfea5b2f2a6a6989ee2b,ngageoint_opensphere
3523,3b5d223e795ff2e9bfcb2337282c55ae3a6d7fae,ngageoint_opensphere
3524,3b5db3e1dae0c12942cef6b3caa95cc9fd7271d1,ngageoint_opensphere
3525,3b617937df6a55b3c3e8913bc92a7c68d8efbfa2,ngageoint_opensphere
3526,3b66ec68e05379b0349878cbe697b624dcf46a36,ngageoint_opensphere
3527,3b6720f337ca6135078ba16f8a4d477db1e87590,ngageoint_opensphere
3528,3b68f2f24252d9119fb3a46250aef35b1a85def0,ngageoint_opensphere
3529,3b7dde2d95a16e39752d4d42ea17900baf528813,ngageoint_opensphere
3530,3b7e55834197501b195c86fec2ba3249a34cb203,ngageoint_opensphere
3531,3b7f15b01320b33d10fb0dc8d8ef08a5bb7d56e4,ngageoint_opensphere
3532,3b8496b18cba8d4b2876af1948f5889ea537e1bb,ngageoint_opensphere
3533,3b87f2a0246a2f45b4177731c4fccee3f5e79c84,ngageoint_opensphere
3534,3b8c1c681c16db4f2ecc60951a8245b738a68caf,ngageoint_opensphere
3535,3b8c31e75b2e9370fcf231842a127079bec28dd9,ngageoint_opensphere
3536,3b8f82e1b7da3eb82b7b6bda85a2d142edb09cb7,ngageoint_opensphere
3537,3b918ed72020191b6cc235ea46d38df9b84ea54c,ngageoint_opensphere
3538,3b9bdbfe517612c2f8a8a340151c660ec3810b83,ngageoint_opensphere
3539,3ba228dafd0604c11ea8ef85cfb625da818e34d4,ngageoint_opensphere
3540,3ba4fbe21e861e888858caceb29813f4cb53dbde,ngageoint_opensphere
3541,3ba829c53aec60380dd2d4feaebcbf3ad4dc01e4,ngageoint_opensphere
3542,3ba832f9104557747c211a97b2cca1517ab76fb7,ngageoint_opensphere
3543,3bb0cc04ab613655e389532f25334568f5a4b6c4,ngageoint_opensphere
3544,3bb34424c278b5db3660f23a5db0862f628bf087,ngageoint_opensphere
3545,3bb5c1d04da535901a05b2f5a9a2bff48e17d5c7,ngageoint_opensphere
3546,3bb8beab5385aeb5904bead441a8ffa7aef437ff,ngageoint_opensphere
3547,3bba7a7310456d08bd619132c62f75212100ed7a,ngageoint_opensphere
3548,3bbc785e53b6a6d04ae9acc3f6a9dc246484af18,ngageoint_opensphere
3549,3bc1668a5042085e5d4621841f337d163c274e4e,ngageoint_opensphere
3550,3bc1ab032f200b4f9c1a24731e7f04f00014739a,ngageoint_opensphere
3551,3bc6c98de2e3cdf322d23dd6a69b2670c79b3da7,ngageoint_opensphere
3552,3bc87a1c41dd0244aabf2e9e8e8a7f4f67993a81,ngageoint_opensphere
3553,3bcb20d3e15486d893fb0a5bc569b3d5da790135,ngageoint_opensphere
3554,3bcfb506b6594e69988d964d68e12ef3cd3cc9bc,ngageoint_opensphere
3555,3bd41ed48b9b697f96fa5b031caf0a806e40ae45,ngageoint_opensphere
3556,3bd82aaa7e122a89e0ce67e1ba486d02cb920cef,ngageoint_opensphere
3557,3bd8606e9bc05c8a4d8c2ad203032619ae8cb471,ngageoint_opensphere
3558,3bdbf011530aebf600dfb7013ae425f1c59eaaf1,ngageoint_opensphere
3559,3be1088e029e2e925960a735d9ae785e370d0d30,ngageoint_opensphere
3560,3be40138971463eeddabf127608aedf872de8476,ngageoint_opensphere
3561,3bef4d6dd2f30c444b852f980aa6b77a96b4d333,ngageoint_opensphere
3562,3bf4725bc21cde9094874675069571b721a83b3d,ngageoint_opensphere
3563,3bf5560562e0a227c9030f918a02851cf9464f6b,ngageoint_opensphere
3564,3bfc3ecf2b104f1bf308f24f9ec179967b0b7295,ngageoint_opensphere
3565,3c037876c370242cb1d8c2a00463b7545b032c40,ngageoint_opensphere
3566,3c04cb7c00cbca594e27d37f0dc06851896933d5,ngageoint_opensphere
3567,3c0f0cf6aa73a95deb940a1b6523b6a76a54efb9,ngageoint_opensphere
3568,3c10e74b3adb5828a5f9074e063de5e9bcd7ffb9,ngageoint_opensphere
3569,3c13ff99a2563a792485d503c0b24f6cd3bc1018,ngageoint_opensphere
3570,3c1481d2345438ae0a30e9d1dcb9028c3b8a4a5c,ngageoint_opensphere
3571,3c15bdea2d1909d773c09b98adb7876240b66593,ngageoint_opensphere
3572,3c1bb12d43f6ef340ab09a8de6234d046f572bfe,ngageoint_opensphere
3573,3c1cfd99a47c737c25bfcac3e646efb76c277545,ngageoint_opensphere
3574,3c260eb4022644c1dfb0bc3860b017c7ef2e6214,ngageoint_opensphere
3575,3c2c9a39d4085eb2ecf8e08bd51085cc7de95575,ngageoint_opensphere
3576,3c33bb50e5ec4033b2ca054d8c2cb60ea64f5513,ngageoint_opensphere
3577,3c39b45f7571e0120e04e79fcbe2a758ee2bc211,ngageoint_opensphere
3578,3c3c56f3c087f34def880483f375b8f7eb70b329,ngageoint_opensphere
3579,3c3c9bfc90820dbd186edfa2f8f7f50a6225e06c,ngageoint_opensphere
3580,3c42ed247706792a32ef9fbc44db1d057d4066b8,ngageoint_opensphere
3581,3c4790e8c18b304803e66c5183a7d33d3402069a,ngageoint_opensphere
3582,3c58a5174f490ad2d561d8f917ac972919d6efe3,ngageoint_opensphere
3583,3c65814b73e845dff3fa39ac5ffa209943fc2022,ngageoint_opensphere
3584,3c681e4c738a9a8b4b5d44e20089b1890986fbee,ngageoint_opensphere
3585,3c68bcef400af66ab41f20ca57b2f4abe617263f,ngageoint_opensphere
3586,3c6969c9e04fdcdaef51d64d28d5affdc57fcdd1,ngageoint_opensphere
3587,3c7025449e6ef518b3cbfd4873f12a719e62b04a,ngageoint_opensphere
3588,3c705ffd43f3b52a941a48b7f97a0943e0663cd1,ngageoint_opensphere
3589,3c7393a7e5258eaae061f56dbde6b804358a2e01,ngageoint_opensphere
3590,3c7ecb2445133e1b244041a4aadb86d5eb34e948,ngageoint_opensphere
3591,3c8654b2719729919f48c26ec4352e09a3132314,ngageoint_opensphere
3592,3c89a177593805a82e98011e9ea6fc014b6336c6,ngageoint_opensphere
3593,3c8a4458f8f767c118c30d896deb4a81c61621e9,ngageoint_opensphere
3594,3c8ce9ccb15c8022602e920162270981139bfeaf,ngageoint_opensphere
3595,3c92b2a144ac83e940bea449f4a31fa82f6979f9,ngageoint_opensphere
3596,3c9474ad408f72be4644eb3127bb0aed2c9ecbba,ngageoint_opensphere
3597,3c96ead6725aef3a27cb0f11c4cb095d5acbad88,ngageoint_opensphere
3598,3c97dab50e9905176f7371f937b2cec686b8b77a,ngageoint_opensphere
3599,3c97f5acd26641162db4eb05979661820aa289f5,ngageoint_opensphere
3600,3c9a1a7601bc6fa65beaca4fc253a532f8372e66,ngageoint_opensphere
3601,3c9af7176bc11fac65201a6cc3d3bc7c77bcc63b,ngageoint_opensphere
3602,3ca2078cde867712f6fb218a90ea30927b246ff4,ngageoint_opensphere
3603,3ca3fc177abe331a9bec6961c3579997219cdeb4,ngageoint_opensphere
3604,3ca623a000ad51fb9388a1113976072911b87f69,ngageoint_opensphere
3605,3ca760da877c12ff26a481d9fa7d8a9b2ced8575,ngageoint_opensphere
3606,3ca891236ff2df2dd24dd1781a8f673ddb4b56aa,ngageoint_opensphere
3607,3cab9a37cae02bf3eacd341aaec27b26707136a2,ngageoint_opensphere
3608,3cb62b4aa023823d5a41a2c7e1e9b53de54d61e3,ngageoint_opensphere
3609,3cb7821e207d52d6d74e342056d54de8a0e18d4a,ngageoint_opensphere
3610,3cb83b87b07a970b1eaba5c3a1091ac92d26defd,ngageoint_opensphere
3611,3cbcaa8b7f525dae0d5791bf182c1b7acf7f16ca,ngageoint_opensphere
3612,3cc2e666fdeb19a7014de414b21a007c044dfa4a,ngageoint_opensphere
3613,3cc4a4e3b333f4f7f07e0342e2bb4a7ee1840f43,ngageoint_opensphere
3614,3cc5ccc2e42469596284670b819955a47bbb09bf,ngageoint_opensphere
3615,3cc80e3160c89d297eb3719be5a06ca15ac50826,ngageoint_opensphere
3616,3cc9ec669ca2fa7bbc3d916593513a3e07a5053e,ngageoint_opensphere
3617,3ccb345016553eb0c588015f46c46aa93910f9c9,ngageoint_opensphere
3618,3ccb4fb297718c7caff1c8e0c018014da964df9e,ngageoint_opensphere
3619,3ccff70a7d9bc005a5c423f9567c7e81f9189e48,ngageoint_opensphere
3620,3cd2cfb82a70f2ff6ea0e0a9e40c36e0530720b5,ngageoint_opensphere
3621,3cd538f3e0438a4e2d4e87fefb81e12a022c7335,ngageoint_opensphere
3622,3cd5957b291e179beca024915cb283d2351f14d9,ngageoint_opensphere
3623,3ce4f9e6c98e682c674077c96331262a7443e796,ngageoint_opensphere
3624,3cf64e96a72da060ff728c39021e4b2f82cc7ac3,ngageoint_opensphere
3625,3cfc28f84930479f3a4bd0d0529de8c4596e874d,ngageoint_opensphere
3626,3cfc5d7c02a691fae2cafcb0807034849092ceef,ngageoint_opensphere
3627,3d00bf96be8b3461651081dfcd2a510cf79b118c,ngageoint_opensphere
3628,3d06b392b938b38829f29a2cdd444cc013282851,ngageoint_opensphere
3629,3d0ba7c3a096158ba8cda8812223cdeb249506e3,ngageoint_opensphere
3630,3d115becc664c11c77af5e2c370041d3bd544bae,ngageoint_opensphere
3631,3d131669190df62fc0948af4cf625684666695ae,ngageoint_opensphere
3632,3d136d812085b7cafe9418607a6fdb68f2c6094e,ngageoint_opensphere
3633,3d1681c00263fa2431e0fbee33d57538c4b0c846,ngageoint_opensphere
3634,3d207479711234b248616ec8d4ea44b7ebe21e3f,ngageoint_opensphere
3635,3d296fedf9fcc027887b86c48964ff0c68496962,ngageoint_opensphere
3636,3d2de88a775fea2916ee0f116de923133b205f4c,ngageoint_opensphere
3637,3d38bab57c868308d04786bda7a3242b62e4df82,ngageoint_opensphere
3638,3d39d28a389c61dd41257e885ae5468c0d57656f,ngageoint_opensphere
3639,3d401a60e95de1f49a51d33daed4854eff1a9e8b,ngageoint_opensphere
3640,3d44a375838a192f89f2d682fe25d9b0cce3c020,ngageoint_opensphere
3641,3d4608687d8e4f8df6f35c7aba00a44067dfb89d,ngageoint_opensphere
3642,3d496fc3d55e2601e5dbf17a1aad315f17193316,ngageoint_opensphere
3643,3d570923a421020d7457d7dacba2bd26f37c1837,ngageoint_opensphere
3644,3d61f502db2c215e8402065342095d85bff5cc95,ngageoint_opensphere
3645,3d62580e561d74b0752eac558a7ba8908ed4a028,ngageoint_opensphere
3646,3d63be3cec4270d6d4c7fd344a490d57a6705f89,ngageoint_opensphere
3647,3d63fd04207dc57107e61fd8d8abfc3bc56c3c71,ngageoint_opensphere
3648,3d6429f043461c7f95aa7d4fd55e893e8d4bbc07,ngageoint_opensphere
3649,3d693d5c4de0198e695b9c12b5dc97a1352f6adf,ngageoint_opensphere
3650,3d6def61046d856ad2d72efc06d072ae9ef42675,ngageoint_opensphere
3651,3d6f079a868f590f731803e576a8653dd2726db7,ngageoint_opensphere
3652,3d7330e6e2cc81d2e391df5224d76e046126c3cd,ngageoint_opensphere
3653,3d74e35402065b47f5421c9ed53fb08c4d4e5e65,ngageoint_opensphere
3654,3d7a2504ff1b41ce5fca39df5b6a6623c473372b,ngageoint_opensphere
3655,3d7fcdfbf8335f90f6258c3078097fa16973f717,ngageoint_opensphere
3656,3d80f1dd522007c226f15fefb005b8ce3cb06522,ngageoint_opensphere
3657,3d8472c84b3883b6e0325ac96a79121634a94305,ngageoint_opensphere
3658,3d8ac79f35025809da831538007c67cefcb991bd,ngageoint_opensphere
3659,3d8b167fdf3faa12766f70be74f23750d4d1c2d9,ngageoint_opensphere
3660,3d8cd94e9fafb0050fcc63d5ee7a2f7cd74a674f,ngageoint_opensphere
3661,3d92ae43417c20e83bb2e2ffbc4b8f7e1e4510e6,ngageoint_opensphere
3662,3d93a89131de93963b26afd2428a28b8ffed0e89,ngageoint_opensphere
3663,3d94727185037bf6ac71740bb969cf32953e6d02,ngageoint_opensphere
3664,3d9c1da7fe49c8cb84120ed2b99f610a1be68a3d,ngageoint_opensphere
3665,3d9d9e4e9630e6d4363a6c450e1ead5f74ce488c,ngageoint_opensphere
3666,3d9e46b06277172f1fa0068aa5c1d0c4aa53f086,ngageoint_opensphere
3667,3da3e20f8cd47fd11de62ef6e29c1cc86cadbb3c,ngageoint_opensphere
3668,3da6155a2e249a2e0b202b84e4380d4f04e127cf,ngageoint_opensphere
3669,3da7167941f17abad423a88dd03630a4194ff1bf,ngageoint_opensphere
3670,3dab845246c4b80d13da9540d45642a9c64e94f4,ngageoint_opensphere
3671,3daf2567a15572e926fca75a41923d6ed2127318,ngageoint_opensphere
3672,3daff20c28eb109e4d5654fb49d2fe814ce5f68e,ngageoint_opensphere
3673,3db02eac3569e00460d81ab7a0548ba11985178e,ngageoint_opensphere
3674,3db0cd67503ba32b3d41bf42333773fa26a95a04,ngageoint_opensphere
3675,3db279aac37cdef1d400398c17a5939ad41f0d6b,ngageoint_opensphere
3676,3db470c6938a9f4a8956d848341fefa3458b7ab0,ngageoint_opensphere
3677,3db4b251bc13794663e32ef9cbc94993d16d9fee,ngageoint_opensphere
3678,3dbfde7067dd6e4ef00090e9f9e896e0c1441dc3,ngageoint_opensphere
3679,3dc5692acbc436f4fd3da159fd5b9a11a9e747c3,ngageoint_opensphere
3680,3dc9df7601d22547757e7bbfef5a30f6e0e2846a,ngageoint_opensphere
3681,3dd56f8ae6bcd548891d3ab18d505dba896845ab,ngageoint_opensphere
3682,3dd60cefad5001272c683a6fc4938674ee022ac3,ngageoint_opensphere
3683,3dd8befad3e9a39170a0950cdf06accc38a536ab,ngageoint_opensphere
3684,3dd9e7bd9c1d91da9c185808c5034fec36c558bf,ngageoint_opensphere
3685,3ddc63b7d91236b9c18301e681f18f547db537ff,ngageoint_opensphere
3686,3dde7e402806e9cb18bf5b5c75567f32ab2b2358,ngageoint_opensphere
3687,3de1949342fe7caf1775c886ed693191f411c28a,ngageoint_opensphere
3688,3de41b6ffde7a61e890eb427a14b2c7b14464378,ngageoint_opensphere
3689,3df0c18b5d809d8ad65fdc1d6408fd8d6bf8d6e5,ngageoint_opensphere
3690,3dfbdb02d4f80bd033041ac0514dabce64800e22,ngageoint_opensphere
3691,3dfd7deb5fa90336a10f0618e9dd7779aab319ee,ngageoint_opensphere
3692,3e05db0c8bcc542882d2d683ca2f2bd18636b77e,ngageoint_opensphere
3693,3e06ad6a9fc786ba63e53331b973bdad3e50cd0f,ngageoint_opensphere
3694,3e0a908a2e38a93d05901138064c74ace4f4c9ee,ngageoint_opensphere
3695,3e0a9a85a3cb53b45ab1867520ff901a886cb2fa,ngageoint_opensphere
3696,3e0b8f9f306698531882b20fdd5cb30fa1719b06,ngageoint_opensphere
3697,3e0cba519d25b313876e400a2813aa5ca35312ae,ngageoint_opensphere
3698,3e0e0c9e6a61c74e3ea07055225565ec9c46e799,ngageoint_opensphere
3699,3e0e0dd52b2adadf99e6675369783f5dd100bc7c,ngageoint_opensphere
3700,3e0ebe8de9d84c6b6ef102cf240369e90776a491,ngageoint_opensphere
3701,3e0ed13c734bf892053cbd3f827a3b7733e33ec9,ngageoint_opensphere
3702,3e10cdfb3494adbfb85d92e0b5d152d1fdda66bc,ngageoint_opensphere
3703,3e14fec75329cf4c2248c3ce56d2c6874379d36f,ngageoint_opensphere
3704,3e16bca921cf5c692b0b88f528aa3301db059d53,ngageoint_opensphere
3705,3e1a78bde366963bbd22d8f3d1b1cf533106094a,ngageoint_opensphere
3706,3e22e160d4b68e1adddac4f0cac6d2a02990b1e4,ngageoint_opensphere
3707,3e239dab3dcda4b25ae60cdeaa416f5588818571,ngageoint_opensphere
3708,3e26e229c217d86140da3b506e61471eefb18b09,ngageoint_opensphere
3709,3e2e5c8f6c46a221661ec43c4622599392b9634b,ngageoint_opensphere
3710,3e346ad497eb131c6647c92b3aa8eb39033d6310,ngageoint_opensphere
3711,3e3514cdd9f6265234e2b14a5599e0ae89d1020c,ngageoint_opensphere
3712,3e3c0a48046b71d8bd52008a4f2357057cd98ce8,ngageoint_opensphere
3713,3e3c99089866928fbb325e5bc2f7c5fa8d8a6de0,ngageoint_opensphere
3714,3e3caecac1984431a86071bf88e62b6b3a729dc6,ngageoint_opensphere
3715,3e3d0cc7aa63786bc9b468fe75fd65a2f115d02c,ngageoint_opensphere
3716,3e3def4a6b38e38a6b650435b6c394795a1fa36b,ngageoint_opensphere
3717,3e3f1864549917cbe69d5717b414732f55a8f192,ngageoint_opensphere
3718,3e46e46403a1da334bb3ba0976abff34a0c27169,ngageoint_opensphere
3719,3e4de32c6b67a6eb9e20896dff765917497f02f8,ngageoint_opensphere
3720,3e4ec7561e688fe58758ccd4c0b005f380df9578,ngageoint_opensphere
3721,3e5717a4a7530d77b734874a01c8ffbefa56476e,ngageoint_opensphere
3722,3e5a90895b889c22641cd2ad85ac19cf035e1ffe,ngageoint_opensphere
3723,3e5fbff0eaae038f67c5d7d18146cbd903775a85,ngageoint_opensphere
3724,3e6001a8064290e779d6128702791c901ee47b66,ngageoint_opensphere
3725,3e64ea34196ec8a4aebbd34ca6cbb83018c3dc93,ngageoint_opensphere
3726,3e69b4e880e57cc2a16d755ac9d0138eda35bef4,ngageoint_opensphere
3727,3e6d5b14f6fb1b8353f6ad9079ba0e3e11230d80,ngageoint_opensphere
3728,3e7148da17f9ca97cea0e7f7022c134c394335a9,ngageoint_opensphere
3729,3e74b5d29d3686b3238f644c18d69b66aed3d366,ngageoint_opensphere
3730,3e74ca5512a384daf863df2c0929c8358a399f9c,ngageoint_opensphere
3731,3e75cd0d5deafd475fd9bd41bcdd21b83f227d80,ngageoint_opensphere
3732,3e78249c753c5da90ca87bbc0e29b773be7d1cdb,ngageoint_opensphere
3733,3e7a7bf0d58052f9fbcedf3bd8647d09cea42ee5,ngageoint_opensphere
3734,3e7f5f96c744d70435e7bd800ee023d21b99365d,ngageoint_opensphere
3735,3e8000f2c24461312472028d8519edeef680a4ee,ngageoint_opensphere
3736,3e8041e45b334b621795ce54b25c56d19c53de3b,ngageoint_opensphere
3737,3e83159ff46db2b078ae2bf9194efa7a4106808a,ngageoint_opensphere
3738,3e8337123d36e632220d8f152ffaa91a4ddc0503,ngageoint_opensphere
3739,3e8a3e50331efa1aef4558493ceac849fa76d937,ngageoint_opensphere
3740,3e8ee78aca008e6595138630c05b2accce802b7f,ngageoint_opensphere
3741,3e8f1a8d0432e61b8c98742a0f67ee740718fb22,ngageoint_opensphere
3742,3e9f0bded81a4b409b0bcb575e49923e4aafafff,ngageoint_opensphere
3743,3ea0deb9709fa953957db707e1e57004d4608907,ngageoint_opensphere
3744,3ea30d39aef4065c4d171081d6e7231bb9c54796,ngageoint_opensphere
3745,3ea5feffbb92e0c15f0d53b15a46f9f6d09549fb,ngageoint_opensphere
3746,3ea79789f11acd71354b3439f029a2438148bf9a,ngageoint_opensphere
3747,3ea92aa83585c2cb04ef5d4dc80b59d7759b040b,ngageoint_opensphere
3748,3eacc69f35b41c2f4cf0bd2ebdb8dc1839d6835c,ngageoint_opensphere
3749,3eaf6b2cd0198855d9cd92de7c618c605720eadc,ngageoint_opensphere
3750,3eb5a54d2e4b5bea12343da12b61cb0cd7b2fa78,ngageoint_opensphere
3751,3eb80d62d06a3b1bb047fd4a9e25df442cb02e6f,ngageoint_opensphere
3752,3ebe10902889ad4d44ff0430b0d0c2959d4718e7,ngageoint_opensphere
3753,3ec049bd041c474893f7f3257dcc6a887813604a,ngageoint_opensphere
3754,3ec4e9cb096177f25e0464a051bf1075bfcd4ce0,ngageoint_opensphere
3755,3ec5323cb687a0fd3a623d251b7e850ef9eca751,ngageoint_opensphere
3756,3ec60029d8e63440cc3e0d2eaad2c3d22d9b2621,ngageoint_opensphere
3757,3ec7985c2669c5e226c439754bcae3004bfa06bc,ngageoint_opensphere
3758,3eca5c08f9e2261aac7b444bb3dd5a982376db50,ngageoint_opensphere
3759,3ecba1ff9fd14298a45d8d1c1f7843b52fb8cbdb,ngageoint_opensphere
3760,3ed1cce4f1f610dd15726151983501312c23e7cd,ngageoint_opensphere
3761,3ed206cc26469d363123c74ed497eef5f8b2564a,ngageoint_opensphere
3762,3ed623a08a4a23ffef636565b5bc14478e717b83,ngageoint_opensphere
3763,3ed69538d5f51b94c4d07a3a06926d5477a379d3,ngageoint_opensphere
3764,3ed800b85933e9474e831665b5a7e22d4c3bc060,ngageoint_opensphere
3765,3ed90e3d14d3f994e6762d4e6e3181b3d98a80ba,ngageoint_opensphere
3766,3ed9793b2eaf7ce82301e241f1ee6a48dd294bf9,ngageoint_opensphere
3767,3ed9d82adb45d78c2a2d9156e86e413440a9d4d2,ngageoint_opensphere
3768,3edc151e580a9f1f2087479ef02098160561d4bf,ngageoint_opensphere
3769,3ede63fa064bcf82efb385002c04c5f499550806,ngageoint_opensphere
3770,3edf9624e6e36f929f0c68b95924e24814108779,ngageoint_opensphere
3771,3ee2c0952cc8dde97d83e13d4c49c129a5aab3d1,ngageoint_opensphere
3772,3eec63529fc6d8cfb6c8f1edeee2f3c2533ef04b,ngageoint_opensphere
3773,3eed7479146dbb20b67f5b8084f1b6edc174f82e,ngageoint_opensphere
3774,3ef226a8d86bf1ecaff6b1e1f049795efe16662e,ngageoint_opensphere
3775,3ef53bbf18676e5f624167dd0a691600019465ed,ngageoint_opensphere
3776,3ef5e27b0653cf47edbc0a0b634ad653e898158f,ngageoint_opensphere
3777,3ef65c458745048d8a601d5647819ba8917d7443,ngageoint_opensphere
3778,3ef6f7bcd24ab321df033f86a74d5710f7bdb038,ngageoint_opensphere
3779,3f0d74b324f302d34249c77c7e4e8d2ff990bfd4,ngageoint_opensphere
3780,3f19738d3a332835407e94d0d82947a0fed2845d,ngageoint_opensphere
3781,3f1aa92daeed0633923adeb6391077d877cb6801,ngageoint_opensphere
3782,3f1eb1602b12b935c169a53991aa7a5f02affaf3,ngageoint_opensphere
3783,3f2499b01c2f8e019b048f696c22a79df5d7bfa1,ngageoint_opensphere
3784,3f26e6e24a004891072da8d5ab5e8c86e66440d3,ngageoint_opensphere
3785,3f31341649bf479fab0405b4de84b0a6c5436ee1,ngageoint_opensphere
3786,3f356765a6e12714f01f08a9cc604c4f6fd652de,ngageoint_opensphere
3787,3f3e0942b46c7eddfb4112c2fbcc3272a59c26cf,ngageoint_opensphere
3788,3f3eb378c0c5f07adc6e15e7d2cc84282acee149,ngageoint_opensphere
3789,3f4653ae40b0766c056702c93f3eeafc4035573f,ngageoint_opensphere
3790,3f4a6a324f1e17f81fa9c84c61d03be5e74c86dc,ngageoint_opensphere
3791,3f4e1871f44d30665ed8516ac718b6436a523bf2,ngageoint_opensphere
3792,3f50e7006e01d3e4e79091c6a2f2b01d5f5c4edc,ngageoint_opensphere
3793,3f530fecf15bc9a89b753e42d0ece066b41b2988,ngageoint_opensphere
3794,3f59863da479dba30b9ad07a23d44a3e7ec2967d,ngageoint_opensphere
3795,3f5b92e2f3a945957796a3463c4ce5ad70b086c3,ngageoint_opensphere
3796,3f5ee5345277afa1636960d7b2bffa12edc14935,ngageoint_opensphere
3797,3f606b3771d456c39dc5e60487bad00e26ff9eae,ngageoint_opensphere
3798,3f608b42bded8fe643e7676ee6ae47b56f73e296,ngageoint_opensphere
3799,3f622913f16266b1964c7e3f9d5e95192454471d,ngageoint_opensphere
3800,3f6230f362320971483ff17ed9897909410636aa,ngageoint_opensphere
3801,3f63686ff421104f76950d7a90bce87dca9fbefc,ngageoint_opensphere
3802,3f646911e4316357699373a77b55735a042d0a7d,ngageoint_opensphere
3803,3f6621005ca547ca7337b8a6feaf06175cd8d3a1,ngageoint_opensphere
3804,3f69561a282912339bd48c9c98928e7d9482aded,ngageoint_opensphere
3805,3f6a6c97194bd8b6edca4ccb7c564fd8240f8da2,ngageoint_opensphere
3806,3f6b4de9297806332c92b1c09b0cfa0d71b3a5f2,ngageoint_opensphere
3807,3f70bfd8f084c28f5665a81abc9ba156a3a139cf,ngageoint_opensphere
3808,3f715ccf572768002218548b08736f63b354ff43,ngageoint_opensphere
3809,3f7264d87aadb733fd2a20234557452e37a77c12,ngageoint_opensphere
3810,3f7a41da410384fab5f55ee96da559db50001f03,ngageoint_opensphere
3811,3f87263e0a0aa630f0c77f5de563a109ea9a4d47,ngageoint_opensphere
3812,3f89a4957b4db2d73c5b28e9fb54a04621b95a4e,ngageoint_opensphere
3813,3f8a51be7e5f77abab249c12fa98ef1f4c309bca,ngageoint_opensphere
3814,3f90a4ec539a2ccd61ef5653f984f566792d3e5a,ngageoint_opensphere
3815,3f92a180d04f0ee16d730d80230a4d863989d4b7,ngageoint_opensphere
3816,3f96aa8bd3522d3f6fc8b3213f3893c002380193,ngageoint_opensphere
3817,3f9b127e8c6b02272b11c6e547b30a751aa5197a,ngageoint_opensphere
3818,3fa53638899b55a896df0e905b0c9bbe7c15dc19,ngageoint_opensphere
3819,3faf20e08aac060f9fc7c992079489fe8f973f23,ngageoint_opensphere
3820,3fafad112370150605a44dc439028b4c98a7d631,ngageoint_opensphere
3821,3fbdded55456a3d0d4e7b7074f522b9374135b7c,ngageoint_opensphere
3822,3fbe8c49a5edcd796219cf0a1dfa9f9d1d1d7557,ngageoint_opensphere
3823,3fbee233bdb12a3c1df1045b4664d5c812e9a155,ngageoint_opensphere
3824,3fc6815556f6cd26f74ee0d686317da146eed2ae,ngageoint_opensphere
3825,3fc7a856dc6bd4f0b4b06cca755c807c8030b801,ngageoint_opensphere
3826,3fc870a4731b67e8b34e1788470a77b8674d275b,ngageoint_opensphere
3827,3fdb84f46c47aacf38397d07a0566c5416240d19,ngageoint_opensphere
3828,3fdbaa77ee366262cabed5e0e2f36732220519ad,ngageoint_opensphere
3829,3fe5811522c845a4d203dcf7e2a8df136161c17d,ngageoint_opensphere
3830,3fe6684a6aa1ec5d66b715982f87d11d69529be5,ngageoint_opensphere
3831,3ff08aa8c1854f120b2d8f57b769adb2782f9e68,ngageoint_opensphere
3832,3ff47394807828a4d02b3c7e64e805767b2f653b,ngageoint_opensphere
3833,3ff738332a46d8f007aee2d8d9d371a0ab3f5e53,ngageoint_opensphere
3834,3ffe08b0d637c96a711653e0259fedb14e6dce8d,ngageoint_opensphere
3835,4006d7ccd5a5ac4e350c09d1e0dc5bf783bc879a,ngageoint_opensphere
3836,400c47c09bb75be006df84cb916058928bad5fb7,ngageoint_opensphere
3837,40108e5abc70f74b85d70cc2f682cda6c3a28d08,ngageoint_opensphere
3838,4011756b6908064aee84d1ef9b7d162719e6dac2,ngageoint_opensphere
3839,4012ecb5f73cf5bd2c3bea783bccf17510dd67a0,ngageoint_opensphere
3840,4016c1dc31829e90270e4e0a8d89007fa4ef3a18,ngageoint_opensphere
3841,40195f22b7fb5d5523fa9d4acd1d01080a76ce1c,ngageoint_opensphere
3842,40199601ce9d75aaa32f880704c8d119e08da4a0,ngageoint_opensphere
3843,401bd76c95d568e0c9c9fda1c5bc7736e23a53ca,ngageoint_opensphere
3844,402cde3e2c413e67a22cf24e5b1b6cab15424c2a,ngageoint_opensphere
3845,402d944bb94318bd04babf2eb6a07f434537e4fe,ngageoint_opensphere
3846,40316af8c3b035a0c493fe0a1877ada584b8d53a,ngageoint_opensphere
3847,40359d31b9ab839ca09536b0e9048231c3045e55,ngageoint_opensphere
3848,4039f91ae36bf340c041b4dcfe2077d6bdf390be,ngageoint_opensphere
3849,403b463dd709a146e86db84538e836b96ee44a92,ngageoint_opensphere
3850,4041fc7acf3406e1ff75196346fd82bd1631478c,ngageoint_opensphere
3851,4048e3713076c5e9f3644a63fcc4fd6e1fa0ecdf,ngageoint_opensphere
3852,404b378f41de80976397504a2791a1ffac644a8d,ngageoint_opensphere
3853,40527d882836739119fb4c8fc1a10c84bd625f1b,ngageoint_opensphere
3854,4061908ca95c9f8c6f209f063d0552fb004c72ca,ngageoint_opensphere
3855,4064ac25c09368fc9ab946d220f1c9bed7b362d0,ngageoint_opensphere
3856,40678f6b5273f9af8ad49d6a0036760b14febb19,ngageoint_opensphere
3857,407a8765a3b18fbec0e190350239d376c285383d,ngageoint_opensphere
3858,407cffee32a0c51a8bd05528d5847c2db4f4578d,ngageoint_opensphere
3859,407f2a6349384c02ce9f0411692040ebf2211257,ngageoint_opensphere
3860,40819a9dee4a1c993db4eafbb2c35fef69087743,ngageoint_opensphere
3861,40886230279d7a2f90a175b8b4ba604ca94911ec,ngageoint_opensphere
3862,408ad5436dfb953c082f21d6901fa3e7183b8161,ngageoint_opensphere
3863,408d517258b30ec59c01b0c1c0f6406c61c5a479,ngageoint_opensphere
3864,409147af5ebd80a93462b8f8de3c56f3109a7cfd,ngageoint_opensphere
3865,4095f9195248db4d6dabe655ed643fbadbed69f6,ngageoint_opensphere
3866,4097785e93cb3e4c5897dad46489e6a8fbdc822e,ngageoint_opensphere
3867,409959d0058f3e5d944341ffaa28f41260dacba9,ngageoint_opensphere
3868,409c5e28274a52e7d038f968949bd16ce695cfdb,ngageoint_opensphere
3869,409d50c74dfc128527755fd3725d2413b1ac6505,ngageoint_opensphere
3870,40aaf9af84878dc0a3d092803b6e029750282a5b,ngageoint_opensphere
3871,40ab881511915caf041fa31fa6ea1f89c95caac3,ngageoint_opensphere
3872,40ae2b5bfca50a78a19ebfb7fd7875a9dbc65ece,ngageoint_opensphere
3873,40afbe50805022764496368215649dfd635ebc37,ngageoint_opensphere
3874,40b17313f37adbf51a467765be0483d1fbcb7adf,ngageoint_opensphere
3875,40b615129de35b1864e173e45347038538c63e74,ngageoint_opensphere
3876,40debf7ea347aaec97edda60a935e99e48348911,ngageoint_opensphere
3877,40decfaad251f69d36053b556e8390546f950b72,ngageoint_opensphere
3878,40e4c1eeb39675f75708d0addd9f768c7eba1b50,ngageoint_opensphere
3879,40e599d90c900e83238e7022d0ea7d1d4d074c87,ngageoint_opensphere
3880,40e5f1afefacaeccf5d4b5d2fcc690847f320728,ngageoint_opensphere
3881,40ef4026c8bfc31f3265c2e5172fcdecf31ff041,ngageoint_opensphere
3882,40eff0f195f28a53e20c1620fd1db2a729ff62a4,ngageoint_opensphere
3883,40f0d84b5beb458fa69fbcfd6a0a695e7c648dbf,ngageoint_opensphere
3884,40f41d9f6caee8e73b353449898a5904cd860f61,ngageoint_opensphere
3885,40f4b339412c551b2718b5b5d70d12e5aad8a932,ngageoint_opensphere
3886,40f5a457267c1b50af02142e8ec71fc1842b53d1,ngageoint_opensphere
3887,40f76282d66d771b400ee925d02956e7a87836cb,ngageoint_opensphere
3888,41004a9d91a0b59fd011178f826290e07a652e6b,ngageoint_opensphere
3889,4104100b33f4f43aec0d35e96002b13f7fed28f8,ngageoint_opensphere
3890,4104bb3aab0e04f2e3dfcabcb014ef5ac1db7dd6,ngageoint_opensphere
3891,41097e69c79b87d37205a3bc99a03626eba248c4,ngageoint_opensphere
3892,4114f2361459b57ec98e02130662d2a4de767842,ngageoint_opensphere
3893,411ae372e4586a87e67ee0942491f07bd3978bda,ngageoint_opensphere
3894,411b472e08cc2791e97f224175c2a03ea9130c38,ngageoint_opensphere
3895,411dfada14462f0b1f3b4cfb6459aecbfd1df46a,ngageoint_opensphere
3896,41327f1fa26157649d59828c64bdbfd51c5c0fd6,ngageoint_opensphere
3897,4134b51834c0cd1f641d7991c0d9c0ef47eac995,ngageoint_opensphere
3898,4143fa01a013064cf41d05f3b9d66ad86fa4bd7d,ngageoint_opensphere
3899,414c0c6fb79625421c01ed294d0bf096beccae27,ngageoint_opensphere
3900,41515155c982da418de5f2026fb9f0297cc746c0,ngageoint_opensphere
3901,41531143795d0671c8050245c519d4a35bf0d30e,ngageoint_opensphere
3902,4153eafe28298887580a04480415ced2a678240d,ngageoint_opensphere
3903,4155f8825d0c24a82707f0f5f9692e8ab84f66ed,ngageoint_opensphere
3904,4159aa87a7d9e6ebcfc2d0fc83d0eccac79031fc,ngageoint_opensphere
3905,4159e6831e4c1bc2964351b2aa4cd4ea10a1db7c,ngageoint_opensphere
3906,41618c025203b3cf5b3808a98417d296231c6058,ngageoint_opensphere
3907,41668eeb679e3043a69b6a9101514388cb7dfb7a,ngageoint_opensphere
3908,416dba50c048af2ade8bd03876933920b352ed18,ngageoint_opensphere
3909,416e4e9c05e54d7d104c12f60d17e4536ea30fb7,ngageoint_opensphere
3910,41900f0b001a2cfcbd4f5a788b13de783e127588,ngageoint_opensphere
3911,419503fe3c21dca0765093e4eca8558484799116,ngageoint_opensphere
3912,419ac0f024fbb5495cdd16b103104c89219228f8,ngageoint_opensphere
3913,41a7f2b95c27b8b590ddcb219ba53eb1b1b5c8dc,ngageoint_opensphere
3914,41a88dfb948a5bbec521847b6a15e9d8ea523680,ngageoint_opensphere
3915,41ab3a408437048d8808d3ce3920ab074e3ac876,ngageoint_opensphere
3916,41acf3d0c4d0005add6223290bfc63163bf5bf5b,ngageoint_opensphere
3917,41b4d3b03d903850cb8c7ea92a4ddb571d091e68,ngageoint_opensphere
3918,41b786cf85fddae9cbcd72a0963f6597877b0db2,ngageoint_opensphere
3919,41bb955439098854774e8ccfaab464ccf58c66b4,ngageoint_opensphere
3920,41bd007380c54d762c65f23717110f684c136f9a,ngageoint_opensphere
3921,41bd4e484db7231e990cd777eadd5e85322c7023,ngageoint_opensphere
3922,41c380a69f14e42940b5207a0631609d1734f24c,ngageoint_opensphere
3923,41c468b7f6a81a84b7319c7eaec378ec576eb665,ngageoint_opensphere
3924,41c4726eee0cf9cd7f559d12b01bbba10ba02d0f,ngageoint_opensphere
3925,41ced3c501a95ba50d4152c8784a9abd42a0699b,ngageoint_opensphere
3926,41d095189f6612286248a9e58787bbb23f84f754,ngageoint_opensphere
3927,41d577a5bf3993cc7714484cf519a6d518fe2acc,ngageoint_opensphere
3928,41d5ae5bb8d89465ebb9107fbac4b790eab53095,ngageoint_opensphere
3929,41d638838ffbe5b0a8b9e41e01ce14214ae077cd,ngageoint_opensphere
3930,41db80a877346d217f7404c5fbf87097ecbc6d9c,ngageoint_opensphere
3931,41ded40f22f53079c35282344fbbc15d205324dd,ngageoint_opensphere
3932,41df689fb7689cca51398196b3271f39efefa792,ngageoint_opensphere
3933,41dfa814612540dc6c7fb5024fa3e2d824b02fc6,ngageoint_opensphere
3934,41e2bf1af00e28ec07d8f15787dd612d3960d0ad,ngageoint_opensphere
3935,41e67de30ea80c5344ff1995330c3a7014752034,ngageoint_opensphere
3936,41e7a82c14b8b669cfda9ac02e56e46430d8b696,ngageoint_opensphere
3937,41f169a3623477a00e1c3f2986d215698cfc82f8,ngageoint_opensphere
3938,41f2bde92148d90871983536b1f9a6eb71d7368c,ngageoint_opensphere
3939,41f32c5a52c9249890cd7e5d0de9eca6c0730518,ngageoint_opensphere
3940,41f3d19fc9ecb6c70d6950ec56e66e7df7c1ad68,ngageoint_opensphere
3941,41f45d14ee4146502fdb381a876cb3e843c6267a,ngageoint_opensphere
3942,41f511705f724ccff05bfdbed40ece49a1a203f0,ngageoint_opensphere
3943,41f863bc8991801dfb791f9e4b4439a9dc1d86df,ngageoint_opensphere
3944,41fca443f6fb4125981954b77f8bc08057fc0fbe,ngageoint_opensphere
3945,41fdf3aed244c367bfff55ac8c7dcb8c01703273,ngageoint_opensphere
3946,420076d324c9a888b82f36589e370b6ba913c83f,ngageoint_opensphere
3947,420387e6d167bece2a0b7c039ce2de1247f62349,ngageoint_opensphere
3948,420b8d0c807633594ef089cbb2a5623e7ef2aacf,ngageoint_opensphere
3949,420e2b4c2fb505b403259fc1c85b664994f4701f,ngageoint_opensphere
3950,4210a27cdabd47eec9f8875a806935809f68f2a9,ngageoint_opensphere
3951,4219c9960a838790277820531d3a228de84bafb7,ngageoint_opensphere
3952,421b299941f4e8aec3b770d9ed891c3239e1b176,ngageoint_opensphere
3953,422af9cd5de9ecb9c783f0b730ad6dc91dcc8cc2,ngageoint_opensphere
3954,422e83f532650724aee732d0927f44934325bad8,ngageoint_opensphere
3955,42342ba6e292fd52658b32aa4664a67f618ec95a,ngageoint_opensphere
3956,423d57799a9a66d308dd34d7fad4566b5e3072bb,ngageoint_opensphere
3957,423ed504d313775dd1cadc09c0018f8877e28e6c,ngageoint_opensphere
3958,424db71e3fcfd74df25a78010a29f3bedf546ced,ngageoint_opensphere
3959,4250fe603693f6ebabaaef3848e1fc4514f469fa,ngageoint_opensphere
3960,4256f8dee2503c47dec542f909a35f04b5e7d68b,ngageoint_opensphere
3961,4259386d7aa4f369a2509709c118e016950954f4,ngageoint_opensphere
3962,425c8539e670738dfdef83d5326de6ce4c38fb69,ngageoint_opensphere
3963,42691333e50b2b7ee80b8a256cdcc22744a84fa2,ngageoint_opensphere
3964,4275ccd29a9fcb5a57c9c24b0e97510ecfb00c9f,ngageoint_opensphere
3965,427c26017a7a3cfdded34f56fe5bcbe608b403bf,ngageoint_opensphere
3966,427c77759534c081535efb3ab0cb326fafa49e75,ngageoint_opensphere
3967,427f83f00e45d3b5155efd0c6a88148ac62f79a4,ngageoint_opensphere
3968,42831020f7c32a418dbceef980289362766c47b1,ngageoint_opensphere
3969,4285331f7765dc56997aa943991199d79dd77e4e,ngageoint_opensphere
3970,428a9502e82109982431459d9c1e102f6e3da579,ngageoint_opensphere
3971,428c705280451cb4fc5ffd2df6f377c37d6c77da,ngageoint_opensphere
3972,428fb36b60805db498e7269318fceff1525e345d,ngageoint_opensphere
3973,42912d93d2f790ae00f406518c41e3e1dd117cd1,ngageoint_opensphere
3974,42a1adf96962ac9d786b8053182136aa65638f38,ngageoint_opensphere
3975,42a2170b4b975274ac3a57ce69ed64466f3a3773,ngageoint_opensphere
3976,42a237fd124effebcd4a984a9d48cd07c8243c23,ngageoint_opensphere
3977,42a6da0cb67c09f1ee112e930eaa98581a341e89,ngageoint_opensphere
3978,42aeebfd0011e7a5ef9ea30b7a53b003993904ac,ngageoint_opensphere
3979,42b1f6e7a457b654180bcc733c29792cadc7d49f,ngageoint_opensphere
3980,42b370ece872a677f3de0bebfa8434c8e8829100,ngageoint_opensphere
3981,42b93a0985e30400a0d243f291df1305a5fb12df,ngageoint_opensphere
3982,42bcd2103f2cc5b55c5e2ac5cdc2e08296b1d198,ngageoint_opensphere
3983,42c2f150398b3a71a44c1fcede51ce7f69ba9296,ngageoint_opensphere
3984,42c36583e210ce03b6f6593deb09881943a6ef0b,ngageoint_opensphere
3985,42c8219c1800270c27f4acec4d1c370a652d09a4,ngageoint_opensphere
3986,42c85ff0bfeb7ffbbef950e2b5e6b255ca797ed6,ngageoint_opensphere
3987,42c8c0d40e1e8a71d0f21eb2dcd9233ed7d00cec,ngageoint_opensphere
3988,42ca18b63687feaa317e5b2e4d1294b31420fa9a,ngageoint_opensphere
3989,42d087fc87e1d2bec0a939ac750935d2984306dc,ngageoint_opensphere
3990,42d51a336239986d371e516dc647037afc3cac18,ngageoint_opensphere
3991,42dc2faf0df8e05ccfbba64aa35d82138ab04dff,ngageoint_opensphere
3992,42dd343b7fa46a32c81eab080a016ac1e8b17c02,ngageoint_opensphere
3993,42ddf4f313deec5aae235449402c8372006120a8,ngageoint_opensphere
3994,42e2873f2dc599ccd2bc2151c6b458f8fdd8ce2f,ngageoint_opensphere
3995,42e48a4676e7143b3033bb053f9f66000549c469,ngageoint_opensphere
3996,42edb78288968a44b8a50a15506bb26395ab648b,ngageoint_opensphere
3997,42ee4097feeb1a73e7e24a70915117c08041bf96,ngageoint_opensphere
3998,42ee77e0e3582106d382a9139e12799f11fb1736,ngageoint_opensphere
3999,42f970e8c060f183b19d76d38f76de6883f3fe51,ngageoint_opensphere
4000,42fdb51d462c2350e8a85c09775a1e84fc7656ed,ngageoint_opensphere
4001,42fdc1f04f724da73fcb71acb15ab1a6765992a8,ngageoint_opensphere
4002,42fe75fea267750b7faed099759402b0c4f8c330,ngageoint_opensphere
4003,430b155d2ea3891c859f97c9f918d235c4f6a5d5,ngageoint_opensphere
4004,430c0664c2e98dfeb9dd0fb13699502937c49f35,ngageoint_opensphere
4005,43196423f48985ee82730479b75c8a9b92b6f16c,ngageoint_opensphere
4006,431a2247c14aa546ad57e4fb036a41decc8fcd6e,ngageoint_opensphere
4007,431d41746f0fcd7f690bfe26ca31f35d41ad7084,ngageoint_opensphere
4008,432086354dfef481ab8f9d75f5e1ec1af73752ad,ngageoint_opensphere
4009,4321d10a468d2b11ae05b1ca83cb296ce00f6ffd,ngageoint_opensphere
4010,4327b2d81c330fa06a9cdddc5e35618e16f27ac8,ngageoint_opensphere
4011,433cf397e14535d1a8880a7430a2abad6c107257,ngageoint_opensphere
4012,433e736f28a4a11ec12c690a55911506458a233f,ngageoint_opensphere
4013,433eb2ed557632a0b99d1ce0102acfc3952c7191,ngageoint_opensphere
4014,43406a430f475f5910f235a52200e3f049e3b026,ngageoint_opensphere
4015,434361adae1f765ad9e2df67743fb4808d0014f1,ngageoint_opensphere
4016,4345b22d3d2a6fc557cdbed8065b4e7673a6cbd0,ngageoint_opensphere
4017,43461ff1396381858b64d4aae3e883a367665236,ngageoint_opensphere
4018,43473a186824adbf902ae40c5cc34befef831f42,ngageoint_opensphere
4019,43481d5d10e8b1d821340c8af2c5ee90d7aa5655,ngageoint_opensphere
4020,4349f9055d8a3acccdbc1b417541061fa5c4664e,ngageoint_opensphere
4021,434ed40d316c915d67f5da3cf5d9fe8db7d53b67,ngageoint_opensphere
4022,434f447f32ab3b3b5b3b7a216ee9013282210b6f,ngageoint_opensphere
4023,435608635bc7f1194f74b73cbd01ad42223ec35f,ngageoint_opensphere
4024,435f93422b276f09936f84bbdc8095eb59628f3a,ngageoint_opensphere
4025,436644d98f6da11230c712b4ece9e33dd3f4b9b5,ngageoint_opensphere
4026,43665f00f31381d370a3bebf417b050d84dcae12,ngageoint_opensphere
4027,4368803afede0a9b6c01058cc4a9822ccd0c273c,ngageoint_opensphere
4028,4368d72f7f783fdacdca3cb85c871b0f819a19ad,ngageoint_opensphere
4029,43692e19112e1fe3fd01f735c039acd951b343c1,ngageoint_opensphere
4030,4369d2f3707773684b5bd6501d510638956dbaa8,ngageoint_opensphere
4031,4373306b617a737738a01e6ba071a7b3d51ba7b9,ngageoint_opensphere
4032,4373f157790f398ca631281023529aa504c1b3b9,ngageoint_opensphere
4033,43778df01fa43bb2d1fb36d2b685590c9e3f520b,ngageoint_opensphere
4034,438032ae8cac10bb06a89b59bcfcc5b993f5b010,ngageoint_opensphere
4035,4392eeb54f1ce40d8c8c4539f7417ae45f16771a,ngageoint_opensphere
4036,439300941f1cf963edb1da0de371e8bfc95bc586,ngageoint_opensphere
4037,43993fa1cad3fa911203595a80e4c15c34ade426,ngageoint_opensphere
4038,439b7e23cfa814139d9aee753eab6c86acac31b4,ngageoint_opensphere
4039,43b327f49221a0ea18ff10601e51837f17d5896b,ngageoint_opensphere
4040,43b38e68edc2a28704d51e68f36e35b3179bda56,ngageoint_opensphere
4041,43b4dd7a62191117ddd81db8aec0146902c0e6e8,ngageoint_opensphere
4042,43b51d369c056f40081ae4a3769112f8727e019f,ngageoint_opensphere
4043,43b667ad8da8573cd13d1765e95c228aff8eef56,ngageoint_opensphere
4044,43b7643ebb4d1eb309efc9a5ac2f714ff026d4a7,ngageoint_opensphere
4045,43b9e1de1592603822db6374412483fa8f0e8d7c,ngageoint_opensphere
4046,43ba4f0b57178325a2d7ac92725a7bd6603c2ec5,ngageoint_opensphere
4047,43c7409a9707be9c31e215f6e10ccf38a6d68ffa,ngageoint_opensphere
4048,43c9646398eca8705b2b82190bc824e7c5e3d158,ngageoint_opensphere
4049,43cb3ab9d7f978cda7bf56460133bb197e23df33,ngageoint_opensphere
4050,43cece4976a04f38d30a8a831e7721e3b7440d39,ngageoint_opensphere
4051,43dbbc40bdb2b15498166ec8464a9971831a2760,ngageoint_opensphere
4052,43e0d8be697f497a654bbb44c8346130475bac57,ngageoint_opensphere
4053,43ed52d4a0a5fe1a05e520a9d81a23c13c3c4f6c,ngageoint_opensphere
4054,43f5a40e0ff687d4c5e3735fe5dec6614c39ce79,ngageoint_opensphere
4055,43f7eca3b5e5e4d89350f810e9996cb892a555db,ngageoint_opensphere
4056,440386cef7c9bb58f12410597880d4b70e5ed364,ngageoint_opensphere
4057,4408035ff705f42973719159c5f19aab95a3ee0e,ngageoint_opensphere
4058,440c3c9542ef39f098e1bf652ce1b1da34ebf5ce,ngageoint_opensphere
4059,440c6a4b06bef85e8b54261d1fe9c5feca8c29d5,ngageoint_opensphere
4060,44173a08c446dadf0b93c47a5af5bf21a43b02ba,ngageoint_opensphere
4061,44219daf97ae556ba96aaba50c159bb0c5779964,ngageoint_opensphere
4062,442910e0e0572e78d2883a025dc6b38d94d25afb,ngageoint_opensphere
4063,4429add65acb5da2ed3d4ca878ebf2cb7b8efdbd,ngageoint_opensphere
4064,442be38b249f03c2c8d641dbd0f3a0b465014cdd,ngageoint_opensphere
4065,442d06bd728a79fa5a62bb501e589be4d5ac743a,ngageoint_opensphere
4066,442e2e0ddf87948a6c0a69fad568541d6b8e2642,ngageoint_opensphere
4067,443076c412544e8c54ce7aef5430c2951482f794,ngageoint_opensphere
4068,4432d3b8de99e2dc221e0d064e8372d1561d8010,ngageoint_opensphere
4069,4435e2e36433bf3859227710354af47a23facb8a,ngageoint_opensphere
4070,443d2ee308fce340c574791c0501c68cff896a2e,ngageoint_opensphere
4071,443ee30942fc981a2f85386022f9c634ed505b29,ngageoint_opensphere
4072,4442e00f43c4af81434684990149602e566573e9,ngageoint_opensphere
4073,44444ef814ecce66ce4b6a2165b9cf3084a55bbe,ngageoint_opensphere
4074,44468a8fc1e048a2b2b81d308ac0801ababf871e,ngageoint_opensphere
4075,444ebb09df96a6818d71dc634982cc297b335355,ngageoint_opensphere
4076,444ecc8bb387ffc12d806b71234d75096007ff2c,ngageoint_opensphere
4077,445bfbb4e2122593c58c0a54578d86889ba808dd,ngageoint_opensphere
4078,445c4533600c620ba4d70f68e97fc58b240fa31e,ngageoint_opensphere
4079,445d89a0ce87d1209f8102a7cbc129f061ca9a2d,ngageoint_opensphere
4080,446173a121d937be3696dbbb1764454f18dfc027,ngageoint_opensphere
4081,446791543d23033ecfb22e8cea53c6e858677de2,ngageoint_opensphere
4082,446c414574734862057c5f0759f662d98cb278f1,ngageoint_opensphere
4083,44743cbf69e82cc3225a42f8ae34acbf4b949138,ngageoint_opensphere
4084,44782feb309767e790679133df8a91106cd02caa,ngageoint_opensphere
4085,448246af6eb184d6017a9d44ea667278af76a8b6,ngageoint_opensphere
4086,448886fa9ed1c20bf3643a60d3ef2a73d1fd73da,ngageoint_opensphere
4087,448ca80df52f48ff6345e2f8caa696eca2094a16,ngageoint_opensphere
4088,449f28c8ea0d265e55474840893e70da08718389,ngageoint_opensphere
4089,44a6aac58bcf10c585614b432c7a432917701e0e,ngageoint_opensphere
4090,44a6fb8f88a1e62a13fcd8cfe44d94b449b34152,ngageoint_opensphere
4091,44a7e639cd0f856ff5e7c3a40706726fe8bcd0a8,ngageoint_opensphere
4092,44ac0c1dbf43f955e527d3da4ebf8868541600ba,ngageoint_opensphere
4093,44ac236fca01a90e0423e801656e6f3b142ccfae,ngageoint_opensphere
4094,44b25ef1755f5b918e8c19f816e2300e8b8a2de1,ngageoint_opensphere
4095,44b4c03811ef5f637094d8e4526b12efb26f81c2,ngageoint_opensphere
4096,44ba8e83024f733ca1483f68fd2e4bee18c044a8,ngageoint_opensphere
4097,44bec4c8f58fbb18d6c73a416776f54352a3cd46,ngageoint_opensphere
4098,44cec3e23774b84da692462bb5acd563ae9339a5,ngageoint_opensphere
4099,44d40a8aaa1036d0f42568e475278dddb783926b,ngageoint_opensphere
4100,44da864762858db62a539008d975b450cb4d9d4d,ngageoint_opensphere
4101,44df7bd176ab702b644020c5657baba11f23e2ab,ngageoint_opensphere
4102,44e1df37f45e94bb33c85ac1d5f05be77539fbeb,ngageoint_opensphere
4103,44e2535a05468f372247343e71f1075914fbc027,ngageoint_opensphere
4104,44e47021646cf65204ee9a1629002052a6438e7b,ngageoint_opensphere
4105,44eed143103ba6a089d7c800a90924af739aaec0,ngageoint_opensphere
4106,44f1147effc415abf3297b105c9564e14b2e1afc,ngageoint_opensphere
4107,44f8ed25260705848634595d0ff503998a3d8292,ngageoint_opensphere
4108,44fc2bcd55f102492e9fa9f6b8a04acb90a8c279,ngageoint_opensphere
4109,44fcc51a5314a1c4fdbb7e486a1c1e079e6fb0f4,ngageoint_opensphere
4110,44fcc8fc7066f97ef10e605785749e0ba12da56b,ngageoint_opensphere
4111,44ffce0c77616fe35200275fdf3db4b320e0cd71,ngageoint_opensphere
4112,4505c75c7ec8aa31601d8e7619f8d8a7e05d03b1,ngageoint_opensphere
4113,450d6dbf56577c42a1564cc153d1630f5805c39c,ngageoint_opensphere
4114,450ff2a530c49b800e8e8a0f6bee3bf2019a2929,ngageoint_opensphere
4115,4511c0e8b6c25e1f435a72a3a9faff1ee166d61b,ngageoint_opensphere
4116,451770b21660c9767fc4d9451482dab8c43a5d23,ngageoint_opensphere
4117,451caf83962a8bc52535188a27201c554b7b3798,ngageoint_opensphere
4118,452a8e4ad47e62fdf50c6f2c8d8610ccd3289337,ngageoint_opensphere
4119,4536e62d8689e64687b47895a50675063a7a786f,ngageoint_opensphere
4120,453fa7b609f4e260b26966a692b8d0bfbda2aa43,ngageoint_opensphere
4121,4540e679a04d6112b22becf254d0fc92365becce,ngageoint_opensphere
4122,4543a2df2ebed77b83110b63896bf49827be0e21,ngageoint_opensphere
4123,45454ea88cac0246c1dada4b190b7ccb7123500e,ngageoint_opensphere
4124,454e87b3ae380efa1c0bd166e5231c7fdcbb3bcd,ngageoint_opensphere
4125,454e8ea80f8df02a0d8fb732cce2dcedd0b89fb1,ngageoint_opensphere
4126,455b7c60eed7b0871e3616f88105ca713c990531,ngageoint_opensphere
4127,455ffd0013804f7910e7baaabd1d6096abaa58f1,ngageoint_opensphere
4128,456274988a937b61c33dd7458d387a5953b81489,ngageoint_opensphere
4129,456e49b9a111d021ae014e2b7cc6725b1e27ac92,ngageoint_opensphere
4130,45708859dfb009ceb73efea9252dcbe3ae2cb016,ngageoint_opensphere
4131,4576aeea7a7af00b36199207ba8fe5df5c8b76ba,ngageoint_opensphere
4132,4577bf17f97c385946f56a6e33e89aed85156c95,ngageoint_opensphere
4133,4579d4327a18ecba3feafe683f5d0bc5e9f29fb1,ngageoint_opensphere
4134,457b478df308de5b7eb0e721088c0b097292d735,ngageoint_opensphere
4135,457b5c626a97e4c7f4d142c1cbb4a5cba475218d,ngageoint_opensphere
4136,457e5834a703acc080fda03dfd8dd4394292f12a,ngageoint_opensphere
4137,457eb615c26d3999f3755bd40f0c31865e5f53f7,ngageoint_opensphere
4138,45805049b364d62852eee3f86356e074812cecc9,ngageoint_opensphere
4139,45828112b522f1f26ff92a8fbfdc4794da427875,ngageoint_opensphere
4140,4582d78de4762071b35fb3bb25914bf0d65f9711,ngageoint_opensphere
4141,458456656da5560f060a5d09c2630ffb7c95f5b1,ngageoint_opensphere
4142,45890ddad35b2404d743040bd2a230fb96ee2ef2,ngageoint_opensphere
4143,4593feada014a8a1937aab788c757114b6d2d8c6,ngageoint_opensphere
4144,45a28b90925df7073f4ee1ecdf6100513e0a0ada,ngageoint_opensphere
4145,45a30166d467562461c81be151bbb3964eddec94,ngageoint_opensphere
4146,45b0677721c19c7fe5ac542e1f2c0b8d64a61070,ngageoint_opensphere
4147,45b4a57ed29245ead8fef3e696df4074d199174d,ngageoint_opensphere
4148,45b4a96f7632e4e244577d8d35fa7314c352db00,ngageoint_opensphere
4149,45b8a7f5ffdea684e252f9f719842c80eb39bf0a,ngageoint_opensphere
4150,45c13689c797f842fc53ab2aeb0b09dcbbead927,ngageoint_opensphere
4151,45c2fcfafe17c07e05dc85fb2eba5383b6fe3099,ngageoint_opensphere
4152,45c3ea7f8f798f45e53ced9c283ea376df8f05a9,ngageoint_opensphere
4153,45d1bd28abc3cf06c211ab3900893ac801c5b9a6,ngageoint_opensphere
4154,45d394702ce6359d1bbc9fa308de6cddfd60ad2d,ngageoint_opensphere
4155,45d397f1a0fd7b361b68b2cdd5d53adc4c279529,ngageoint_opensphere
4156,45d8b923cfbbb6507f064d47eaf4b4b3be11aed5,ngageoint_opensphere
4157,45eaca96f8b3ba6f19310e4d9486ce12cf2ffb75,ngageoint_opensphere
4158,45f3158583cf212f10e4eb746509db19f14a68da,ngageoint_opensphere
4159,45f65783e9e6f5e833dff5d405ec605448d9e412,ngageoint_opensphere
4160,45f717f83335ea6fabc3cd9df6fd2e465c0295f1,ngageoint_opensphere
4161,45fc7873c056196c19aa170d349f738ddc178186,ngageoint_opensphere
4162,4600cd473fd1205d8efb9fdb3b2301bfb73b81e9,ngageoint_opensphere
4163,4607ce8b1f081ab5e05e997157b048172646a2a5,ngageoint_opensphere
4164,46124043dd4b793d836824aa2738764bc054e8cb,ngageoint_opensphere
4165,4613d25ead88abcd347525b2748a654e21153457,ngageoint_opensphere
4166,461bf8925ad032b33ec1624cab418afebf662076,ngageoint_opensphere
4167,462816e67846cb38c9a597e1983ceedd841acf10,ngageoint_opensphere
4168,462962d9901bbf5310ba31974d18dc49d00a6f54,ngageoint_opensphere
4169,4631c42664c1b5d8cb2822262838ac81920bc603,ngageoint_opensphere
4170,46443e2b1e290429a95f42b6c9c4933c6f7f4c21,ngageoint_opensphere
4171,4644763218acf8bc64084c4e90ee551e97f534c0,ngageoint_opensphere
4172,464481118b261a74987920d8233adca25457a77d,ngageoint_opensphere
4173,464f9c87808f116e213588e794e124024e39b12e,ngageoint_opensphere
4174,46535508e78cc910cc386e0d68ee45af46ca2465,ngageoint_opensphere
4175,4670556818d6116ae6329b1895a4bf991c47aca1,ngageoint_opensphere
4176,4672d728bebf4921ddbcb0ed47574471be5df0ff,ngageoint_opensphere
4177,467782a2a0aad89a3c7aec82838679eb53409400,ngageoint_opensphere
4178,46809788107bb70cd02a1793729998cd2c8792f8,ngageoint_opensphere
4179,46810ca4102d755d6dd1f4d6c1d733f71c0a15ae,ngageoint_opensphere
4180,46882af5f3c6e2b1435c64013086b7516aa387f8,ngageoint_opensphere
4181,468b1912690d333185d2122a39312129ae72d518,ngageoint_opensphere
4182,468c515fb5fbb5f9a098b0730fc4e09af8f1900b,ngageoint_opensphere
4183,469a919db1b5ad8da6e789573b173b5aa8c07a16,ngageoint_opensphere
4184,469edbdb9d6ecf3488486f0e63887571aea05950,ngageoint_opensphere
4185,46a8c878aec99017c4fbcb258f81263c486dded8,ngageoint_opensphere
4186,46a99e5ec50cee8587b6cbb0e10519ea9fcdb7f0,ngageoint_opensphere
4187,46ac48740e2dc9e12adf2ab0c69251668fcdf668,ngageoint_opensphere
4188,46b192ba47400947b26cbdc10a9c48bc6564afcf,ngageoint_opensphere
4189,46b2db96990e62e332a8b7d951e901f0f40394d9,ngageoint_opensphere
4190,46bb7c8b94f1239a11d38b3ccf725d8e262b6054,ngageoint_opensphere
4191,46bda980cd6811b5fe50f8ad2044c3fb9cb8ea3c,ngageoint_opensphere
4192,46bfc5e1ac56a9fd37dfecc631cd4724b508d908,ngageoint_opensphere
4193,46c0c9fa0f634a65df63fa9453d7165e9499282c,ngageoint_opensphere
4194,46c86daa24fe66682b8a3cd90e607bd3d0928826,ngageoint_opensphere
4195,46cd988b5cd1b1c8399d4725003299721ce08e68,ngageoint_opensphere
4196,46d5022bee582a6eec9eedf426ebc3cbc1aa3fff,ngageoint_opensphere
4197,46da82fb56826c6825b0ddde89ed3f5d698df53c,ngageoint_opensphere
4198,46dfd223802cefa0b8760c5fb19c3d228b5dc5f7,ngageoint_opensphere
4199,46e6130b0b2675ab3b9b01773b86077c3716bbf1,ngageoint_opensphere
4200,46e7300df40791d0bdce14a5ac7dd0279a74f8d5,ngageoint_opensphere
4201,46e7f1b9b6928126e1a1427eb4c0b06213f11dfe,ngageoint_opensphere
4202,46ec9cb45c0d6b1eae618d75cb1499b3069d3fa9,ngageoint_opensphere
4203,46f8033db9cb8f44a6ceb70690b683dd97b28237,ngageoint_opensphere
4204,46fa429f682958afaac1db149db13adde7eb0a6b,ngageoint_opensphere
4205,47014470769f7949380314bf3df9b1b843cecdea,ngageoint_opensphere
4206,47033521e49fbe870ed5df48a6c35eda6ddd5264,ngageoint_opensphere
4207,4708b76cda755720dc7c5679f37c23319df897a4,ngageoint_opensphere
4208,470916e28c78972fbf61c73e054dd632b0cb105f,ngageoint_opensphere
4209,47115e048ea54342d7fc3b6b839275cfe6520200,ngageoint_opensphere
4210,471523fe0c4278fabebb7b3942240833cb97dba1,ngageoint_opensphere
4211,4718f43dd1772e5e4eff0150f5eeab842e6a385c,ngageoint_opensphere
4212,47194dd785d8993c0c8d72ec3d8e0e5538ef506b,ngageoint_opensphere
4213,471aec31e902b0ab4a3bdf8e6031384046ba81ee,ngageoint_opensphere
4214,471be58d31e0530b376dcf939890df5b67b0765d,ngageoint_opensphere
4215,4720cf3f3cb8f60f1eda835ff485703bbff0379d,ngageoint_opensphere
4216,472323d2575e36f8073fedd1737d52c3ac56f0fa,ngageoint_opensphere
4217,472675d8edfae2342a6387c0b0908c24c15bd3d3,ngageoint_opensphere
4218,472e9c201bab388f2041dd59c2c89acf074dfd8a,ngageoint_opensphere
4219,4739234afa07121c05e96a578daf2065774b5a83,ngageoint_opensphere
4220,473931fa4309ca46ed2ef00fe4f0cfb140536b72,ngageoint_opensphere
4221,473c2fec77ac1fb6b1354fd89a4b4f7134f193d3,ngageoint_opensphere
4222,473f2614c68532dd2e5b665c395a07cca4a8d0cf,ngageoint_opensphere
4223,473fe52997ef01cc424810b9e60555ce3455b0e0,ngageoint_opensphere
4224,474777fcfa78733d7aa4789f12a86e12b53b1880,ngageoint_opensphere
4225,47488c46b0b2b9670bed4b2acd52652bfe6d581d,ngageoint_opensphere
4226,474ed2d7540ba66e6ba0d862c98aa99575d93b4d,ngageoint_opensphere
4227,4753858602779628a6d9d3ec789ab9e8423ba256,ngageoint_opensphere
4228,4755ba69eb5df10617f38dde55f741ce4658ddae,ngageoint_opensphere
4229,4756b0169f142e8c465887365e3e4458dd16dc45,ngageoint_opensphere
4230,4758de5bf426054f1fc43a552710e7acf3585829,ngageoint_opensphere
4231,476342b449a2c6852e5ff34508780a8aacb2f2f4,ngageoint_opensphere
4232,476539edfe61a3aadd2e8ab7d77d5f076abf6445,ngageoint_opensphere
4233,4766a6cb5d25851820c911fd3d86ab28ae1a64ab,ngageoint_opensphere
4234,47696e805bd17b0bb41d99662b2672a47ca591ed,ngageoint_opensphere
4235,476dce6c3d4a80e7d0f6a7829bbe0dbd25c30922,ngageoint_opensphere
4236,476e70d97e3280dac2f37e8abc7a4e72acd8a0fe,ngageoint_opensphere
4237,4776588f3cdd4e53138203115f0f641c3ebaf8ee,ngageoint_opensphere
4238,4776b1e65a3e3ac7c4f3a3fe0205d3aaab058c6f,ngageoint_opensphere
4239,4782092375de1157d932f4488b324c4d74ba9df4,ngageoint_opensphere
4240,47844dad53bda39aa5f3fbd35e8a2e658212157f,ngageoint_opensphere
4241,478558b04fa43c29685dc6d197d68245a12c4f1a,ngageoint_opensphere
4242,478ace8caed4662362b0b9f81c5d5d2d04fb0f85,ngageoint_opensphere
4243,478ba121856882d61f52c48d406acbd27a3795b0,ngageoint_opensphere
4244,478debe06e3e4a8be3911ec1d174d0283a89c7b3,ngageoint_opensphere
4245,478f1d620da18a11ff357fba052beae53d745c5f,ngageoint_opensphere
4246,4792bcc9d689dba42904a11e069db0328f26d940,ngageoint_opensphere
4247,479834f309fe4fd2e8886f00afc144b7fcf4c023,ngageoint_opensphere
4248,479863756bbc89f72e71d9ac9a02a0dd2e900de4,ngageoint_opensphere
4249,479a62d96311b1fcacdfe8af3fe8caf0071d8be4,ngageoint_opensphere
4250,479bd85f702493848898cfc2bba259a07feea63e,ngageoint_opensphere
4251,479fefe0f3f9894990276bb0b6d13a5d089b1538,ngageoint_opensphere
4252,47a84118e256ab39aaf613b5acfa19b90c999511,ngageoint_opensphere
4253,47a99a2a78fe9ac81168147736f913b91b91bcca,ngageoint_opensphere
4254,47aabd38243328896ccfd35f328a631a4ffbbebf,ngageoint_opensphere
4255,47b21a958d2626a531d917331287e024baea3cd7,ngageoint_opensphere
4256,47b237fb46fb818d926692ddaedfb91b68fad8f7,ngageoint_opensphere
4257,47bc2223409f8e38809753d5cc88de088919f237,ngageoint_opensphere
4258,47bda6b6f2b9f669bdd2bad57789e832a4a6b16b,ngageoint_opensphere
4259,47bdffbe16b0572314ecf9fcdcc025e475afde0b,ngageoint_opensphere
4260,47c24c6c7b0559c885029ba4c39379aeb52a8d08,ngageoint_opensphere
4261,47c3abc2886d33bcbe50ba60fb8ffefd78f5f0ac,ngageoint_opensphere
4262,47c3d5c278f027278e9eb159009f3289dff302aa,ngageoint_opensphere
4263,47c58f85ea6e02cf0f03d4904cdffb6e19bf3212,ngageoint_opensphere
4264,47c892712e0bd3876bbf7a977a7ea4419234edbe,ngageoint_opensphere
4265,47d1d364a7a4cee50c9c8fac3cb049bea93211a1,ngageoint_opensphere
4266,47d47715d29c2eabe8cb6136a34e93f1790f2cde,ngageoint_opensphere
4267,47ddb6ccc38cda1bd28abd5a79dc92347a0ca642,ngageoint_opensphere
4268,47e6482235d1795041336543443ac6969988010a,ngageoint_opensphere
4269,47ee2063e5c79041a16db8b0314858094eebdac5,ngageoint_opensphere
4270,47ee2194ec9adf830b87c6e33c9db5ce41aaeaaf,ngageoint_opensphere
4271,47ee2d8418bf804513dd44e60ca1adba0af12f23,ngageoint_opensphere
4272,47ef860dd2e115689edca1477c21f78ae9a9d7ee,ngageoint_opensphere
4273,47f26be89b1cec82cc6b7d913b735a2f4ab2fcda,ngageoint_opensphere
4274,47f2f3abfd7d49ee0cebd08719fb7edb6a074f16,ngageoint_opensphere
4275,47f32088b40bd00b53057e03cf905beaa99757f2,ngageoint_opensphere
4276,47f82c93420c7dc488965f20d91c2df10bea4fd7,ngageoint_opensphere
4277,47f8317200f0a3773982bac991280e5ff6d8ea2f,ngageoint_opensphere
4278,47f9ee2f1a66fddc3d488e1cb16bb559aec28501,ngageoint_opensphere
4279,47fb30bdb49e337a873a2ed13ff75e7f8e629959,ngageoint_opensphere
4280,47fddf2b3ca0081e3ff5e11888d47b4faef26a61,ngageoint_opensphere
4281,480270e69ba32f2bb43ae20ce76b59c3357c6039,ngageoint_opensphere
4282,480cfb12627265b4f64bb23a2ab71c53d59b7a76,ngageoint_opensphere
4283,480ed4378190999a73fa87f96fc010cef8a747f5,ngageoint_opensphere
4284,480f87c28ff30eec03440da6da02a8ba1e20a86d,ngageoint_opensphere
4285,4812c2e249a0ef696c0696270008cbd670191b16,ngageoint_opensphere
4286,481300ed306f7a07115ce9af1acadf35e7b170ef,ngageoint_opensphere
4287,4813ae82da2eae8eac940ac59ed1b7877de71073,ngageoint_opensphere
4288,481512646448e054a2b5cd7aa43d0204e814b89c,ngageoint_opensphere
4289,4819c87e722c64e3c58ec55d84ae582b887cf5c7,ngageoint_opensphere
4290,482608e48a0010586eea984d4ca43400736b574f,ngageoint_opensphere
4291,4827b73f29f30f211f1e2a8c5366095987fa8109,ngageoint_opensphere
4292,4839a1404fa1bae708d567d973c83f80c33719f3,ngageoint_opensphere
4293,483da545f396eacc53af394595e5d5708659aff4,ngageoint_opensphere
4294,484440dea162656407f32318aaba479c0d79daab,ngageoint_opensphere
4295,4848c0a08f19c84e1c5abbd32195dec0aed049d2,ngageoint_opensphere
4296,484ba4f7ddef32e0bb777cc0a18b1db684ad4895,ngageoint_opensphere
4297,485167db34156b5f065b874c281163e9ba139e07,ngageoint_opensphere
4298,4856062c6fed578147206f9f57d143df163bab49,ngageoint_opensphere
4299,4857fe6760b64639db7d9c9b406f51f996e158b8,ngageoint_opensphere
4300,4859bfbfaf080a667e55c8fcab44dd25fb6cebd5,ngageoint_opensphere
4301,4863e59ff3d0e557a45da623d6d36875e3a3655b,ngageoint_opensphere
4302,48669dc706fec491ad5ea5f965ca5c6045a25932,ngageoint_opensphere
4303,4866d1f5a3ea37c73358564ebafc4ed289e6a3f6,ngageoint_opensphere
4304,487369a84a1ad3127ac0f8c29a8d8835d495718b,ngageoint_opensphere
4305,48769340a74fd147772c2941c2f409afc5d3e385,ngageoint_opensphere
4306,487dca514ebf99f175e11675f6096595b4614d34,ngageoint_opensphere
4307,488779449b133f7eed4f82ffbb2e2649ad8abd82,ngageoint_opensphere
4308,488d514d6110a5e6e20b4958fdf0cb6ae8f974c4,ngageoint_opensphere
4309,488ea53c546b362790967315b12c34c067dba925,ngageoint_opensphere
4310,4894c8e12e4f18601d6e3df0d667356610668b5f,ngageoint_opensphere
4311,489567058c4710bfb610d2a55f449187c805f25a,ngageoint_opensphere
4312,489f7f8d7e85580e01b2986e542dd853023d3a22,ngageoint_opensphere
4313,48a10aaa6f58a0820f85cd3125d35285be5fc746,ngageoint_opensphere
4314,48a42d6a010e40e434ce327ea2be2b27f52d9c7e,ngageoint_opensphere
4315,48affdf6a50fa65d75087fb92fc1c636e48baecb,ngageoint_opensphere
4316,48b493aa3ad62df45ac842aee3f55798a34f3a35,ngageoint_opensphere
4317,48ba6da142752854d9f2f9868fd2aad3f8813a9f,ngageoint_opensphere
4318,48bc2802a4270cb99eb0eba565c03fada03ceb65,ngageoint_opensphere
4319,48be03b34b48719f0846de620e0f2e8967ed79d7,ngageoint_opensphere
4320,48be8443378e1deaec4aca39ec678d0ec451f159,ngageoint_opensphere
4321,48c1dc0d709f25a3dfb8c677a47445b9c630f0bd,ngageoint_opensphere
4322,48ca9f18fa49fe081c4c44fe75ba6ce2fb52f0c0,ngageoint_opensphere
4323,48caa0022aee8a038cc9248c157c76e846ac6eaf,ngageoint_opensphere
4324,48ced9c62f413a8e7f6d51a96e9c3b638a818170,ngageoint_opensphere
4325,48d3d31f4a9a084afe1871f0857c862b389cc3ce,ngageoint_opensphere
4326,48d68fe3396eabfadbe1080364bbe7fd5d10af91,ngageoint_opensphere
4327,48df83ed271ba401081fcf7a8944638002a8ec69,ngageoint_opensphere
4328,48e1bc3416db814caf7333e4b91572346aa4a8d3,ngageoint_opensphere
4329,48ec0aa513cfdbb40b6c62af14fc2890c7036081,ngageoint_opensphere
4330,48ed80c9da0d2ff7ec2812945547cfced6f543e5,ngageoint_opensphere
4331,48f0d7cdcefb3b80ce4c47cdf6ee545485d38051,ngageoint_opensphere
4332,48f736b4bf2598370acacb3a24f7ed37e03196b6,ngageoint_opensphere
4333,48fe2dca1586d2bad2110ddbf49d30246da2de11,ngageoint_opensphere
4334,4900cb7d18cf377c6020738caeef60d5446de79a,ngageoint_opensphere
4335,4905bf2228fb5d13c5e041c31464cc7fb6b784c0,ngageoint_opensphere
4336,490e142cee0e6f5fe02e5df0d314de9771bf4c86,ngageoint_opensphere
4337,490fa5b6c2c7e43b5dc9d9ccd3aa4151c62d3e44,ngageoint_opensphere
4338,491718b3012cd33602ede987ab6f377947e14275,ngageoint_opensphere
4339,491abc089b7598975bf7718f866e25dfea756b81,ngageoint_opensphere
4340,492396da42017ebfa61d8ec1fe2cb0322b0e3f9f,ngageoint_opensphere
4341,494566bbbfc991e62a7e90d5d96bac5753bf5eaa,ngageoint_opensphere
4342,4947ccb87146e84d8e67a2541e0dee505fa015bf,ngageoint_opensphere
4343,4951e1ec816a6a309e25853f2480747dd428e2bd,ngageoint_opensphere
4344,49565bfd136d10e5c048f73d378c6cb7dccf96f5,ngageoint_opensphere
4345,495bc93f0c473fac688d90f9e017280283cb9804,ngageoint_opensphere
4346,49610dbeece4a2a1472068f63a8ad45b9e9523ef,ngageoint_opensphere
4347,496398f32bacc7f8766a9d541481f90a2e74e40e,ngageoint_opensphere
4348,49649806502ae9ffd6060e987038b075f3497b38,ngageoint_opensphere
4349,49689fd73805434dc687bd98df33f3a3163a0e1e,ngageoint_opensphere
4350,496a2d67cc53185900b0fdcaec42e6cedfb728a7,ngageoint_opensphere
4351,496cdabaa183547d291ca4fa542504f362f54543,ngageoint_opensphere
4352,496f8f3421d458ec660d56634d2b3674e39510d9,ngageoint_opensphere
4353,497296e02376b0b5f2a2e12b84e4f96d8bbd4947,ngageoint_opensphere
4354,4978b0a3009ddabe42c86679d2afccda5a877c0d,ngageoint_opensphere
4355,49790a8f07fccd8a15e4bdcc353f208a41f84ca6,ngageoint_opensphere
4356,497fa936d452eb5bb7b4a909fd596c6477f58de6,ngageoint_opensphere
4357,49820f36b3d1be37f1871a5e6e3cbdd120884bc9,ngageoint_opensphere
4358,498efba3a4a3ece0a8ab4552e7c2693d25f26584,ngageoint_opensphere
4359,49925c1a26d5bd9b60948db92da787507f2de430,ngageoint_opensphere
4360,4998366036938bd83b35976c19d667377d8a0eb3,ngageoint_opensphere
4361,49a5941c4d7edf3d2de87d1141e42ac56ce1d412,ngageoint_opensphere
4362,49a7853291c394f0b1572a5d648fba8e14c64ca5,ngageoint_opensphere
4363,49a8e2f7c014fcef5dc93ba0e0706c0c48a40cc2,ngageoint_opensphere
4364,49aac734e048bdec550e6491cc71f5c39c0bcd5f,ngageoint_opensphere
4365,49b129591f1296737d92daa98851732530f48d9e,ngageoint_opensphere
4366,49b263e9af7ebe908524b171b695dd9a83980513,ngageoint_opensphere
4367,49b7dd85417bf0b1ea3215ba6d14a65368a93f4f,ngageoint_opensphere
4368,49ba0ba2e0f054ae880a401e098167704f78c129,ngageoint_opensphere
4369,49ba610cc2190b433d34c30d716b2258bac7bf26,ngageoint_opensphere
4370,49c027ea223fffc460fcf8ae6f706f9df1856b04,ngageoint_opensphere
4371,49c3a6ae61637f7de9d41c8441146a0f3d4529b6,ngageoint_opensphere
4372,49c8215e78f9508bae8c7a51e7c66c4c31855429,ngageoint_opensphere
4373,49ca4034b65a960fa1e09d596b6654b623a4250f,ngageoint_opensphere
4374,49cafc71a7507d6858bf04a05d8bf27463f76a26,ngageoint_opensphere
4375,49ce40e37a6f2d127bf131cbd2c3e49c8e688b27,ngageoint_opensphere
4376,49d190bf01f1194053700947624900c5d3d32b9a,ngageoint_opensphere
4377,49db2c88f98e660f47aabbc03680ff8aed730e0d,ngageoint_opensphere
4378,49dd5ea49d9da17eca627d730c2820192ddaa5a4,ngageoint_opensphere
4379,49f1b1a8f7b1b385926cccc7b93270a2d7b9bfda,ngageoint_opensphere
4380,49f24c49e68f1f65fc1d1e7745554dfd5eb43fa4,ngageoint_opensphere
4381,49fc6a926450384b7e9e6d6bb4c1213b701fdf7a,ngageoint_opensphere
4382,4a05eb854792a66cefdf518ab6f0b9223e6e323d,ngageoint_opensphere
4383,4a076bd70ad0744f54fe8378ed890c3be01b5912,ngageoint_opensphere
4384,4a08da36bb8bda0dec1de6267d55e45b75489323,ngageoint_opensphere
4385,4a099c1e1d1ed57db25288d1f5529689d2f2a9ad,ngageoint_opensphere
4386,4a10429d8d2a6317038c80ea33f96b2ce2f9c6bf,ngageoint_opensphere
4387,4a12584120e935aa058a2f1f36b1786e95eff740,ngageoint_opensphere
4388,4a13d1f28a12550f79a1b5850f8765b9e4d00aa5,ngageoint_opensphere
4389,4a15b6f5d2dbcc46e3c6ccad2d8e5b9cc12ca3ed,ngageoint_opensphere
4390,4a18b079cf6d62499a8fc95e206aca3a3138d6ec,ngageoint_opensphere
4391,4a1c7988617ddd747c90ddcece97a2d986bb0a6a,ngageoint_opensphere
4392,4a216d8957dd264c24b71fc578a29bd391319a3f,ngageoint_opensphere
4393,4a25167f055e7f98c5f00ad3fdc5ac180ad03202,ngageoint_opensphere
4394,4a2abdc77df3555685d965ccf987f8752ad31eaf,ngageoint_opensphere
4395,4a2d06fb8d47af6b2b68dc87c8411060b5aa37a2,ngageoint_opensphere
4396,4a2d8f2ca4a7d237afb7bcecd69779fdf738b487,ngageoint_opensphere
4397,4a2f5f83b566dd5ef88d70b33a0b3472655f1621,ngageoint_opensphere
4398,4a3a44ad31a4078c7e9a0b9f8509f611581a6793,ngageoint_opensphere
4399,4a3f18e1edaa4ee8f16a0539d7d26dc150e51df7,ngageoint_opensphere
4400,4a4b864406fac96d6c900dc07227ef63b2f6d2fe,ngageoint_opensphere
4401,4a4d4620b593a81905402127812687d4bed578e1,ngageoint_opensphere
4402,4a4eeee3ea9b6e4a4e7d757fa2db92f62fe3c07b,ngageoint_opensphere
4403,4a53ed2adc545724201c954e26cb640c135c627f,ngageoint_opensphere
4404,4a5e1fdfe9a12b80149a64a4fdc3aeab80e279e3,ngageoint_opensphere
4405,4a64eaa57dc4395001256b12f0efe2cd5cfe72c2,ngageoint_opensphere
4406,4a6928f2df9e1b6fe5f28229b0423baffa15b173,ngageoint_opensphere
4407,4a6d138a66f9301050c3b03897b1a4aaf738dfe7,ngageoint_opensphere
4408,4a735eb9dec1e897db23602fd4956b574658fbb5,ngageoint_opensphere
4409,4a740b0c124e46ad03e58f5d6f9e4d020d845102,ngageoint_opensphere
4410,4a80303a83ec1a4611d613b3e572d147bef989b7,ngageoint_opensphere
4411,4a80bfbc6b3dee4476e3716a35c50f416f82c682,ngageoint_opensphere
4412,4a837cfb15dedddd72abb5f711b163c290331af8,ngageoint_opensphere
4413,4a87b7447d9376e391a60b2dd9086ed3cb5db902,ngageoint_opensphere
4414,4a9103bccf5a0c9964ecdde75dcace839b8d1f42,ngageoint_opensphere
4415,4a916cf626e62372265cf719fdb647bef6b42849,ngageoint_opensphere
4416,4a9235cbc88140cd7dd021606503b4f0fc33ffc5,ngageoint_opensphere
4417,4a9eade5c0d2a1a8dccae7b65acdeed9c8a64d94,ngageoint_opensphere
4418,4aa01c37c7ad52057afdcbf1bf400bb017e8dc0f,ngageoint_opensphere
4419,4aa4c40cf7125daeb33b1586c3c1c7f77593ea56,ngageoint_opensphere
4420,4aa7134bce8f9a9b37b24c6c549871fb7cc82e96,ngageoint_opensphere
4421,4aa7282a80ac938628f9ca93548082a1b88adf52,ngageoint_opensphere
4422,4aabd86a5a9ed7e1a450039cc8549f32981d6549,ngageoint_opensphere
4423,4aac329c93e4051fa0649f9e37ee5ab8be249116,ngageoint_opensphere
4424,4aaf2c32a7fe3b3f4e602a3ee10b5dd9d69429cb,ngageoint_opensphere
4425,4ab17768923538133b433cfba9c8af518b1bcf39,ngageoint_opensphere
4426,4ab193f296360b1a8a972ae41e877b67a8bcfaba,ngageoint_opensphere
4427,4ab38fbba1638936229d14ffd2610683c911e398,ngageoint_opensphere
4428,4ab3c0826172f9631ea129db7033bc0322ef773e,ngageoint_opensphere
4429,4ab4b494748f922c38245c82162dd31c51098572,ngageoint_opensphere
4430,4aba3afe16dffedb62b8bbe1683f64c0c0066b9f,ngageoint_opensphere
4431,4abbddb5e17eaf6468df6bf47fa3a86f45ea6839,ngageoint_opensphere
4432,4abdcb466ea2a19c23a1b4de926c2bae86fe9377,ngageoint_opensphere
4433,4ac2cb438365c6d6951e50c1d04bde4f3dd5d0e2,ngageoint_opensphere
4434,4ac79c827bc646d626e68ca1109a98f6bdccebdd,ngageoint_opensphere
4435,4acb71432188088cc6d0c2f03566514ad12302e8,ngageoint_opensphere
4436,4ad05281b0c0cdfe7c07dc1ff2a013efa3c6b50b,ngageoint_opensphere
4437,4ad4bed747c00e80f8216380ff6cca4cb0533e6f,ngageoint_opensphere
4438,4adb1db75208732e8a6af1106f255772d8838fc0,ngageoint_opensphere
4439,4ae08c1aa4baf8da4ddeddf4c6007aba4626c48f,ngageoint_opensphere
4440,4ae7c9fdf66cc648464963e5b9075ba828a29af4,ngageoint_opensphere
4441,4ae96a053394618f00c2bde075f530b1dc1203bb,ngageoint_opensphere
4442,4af0db4bbb51b0c770aa2072a9b5b3913d925351,ngageoint_opensphere
4443,4af24b8d84b0a503079f37d079c09be35da0aeaa,ngageoint_opensphere
4444,4af43f978cfe918a1b3c7ce587ee34052c070e64,ngageoint_opensphere
4445,4af9513faa701dd795a616e78483d38c364e9183,ngageoint_opensphere
4446,4af9c22097d300abd580dd3d36bc5a9aabbb2616,ngageoint_opensphere
4447,4afc00c32997f995b44fa744fa7b22d478068c82,ngageoint_opensphere
4448,4afff6a4035a85d3d0991e8b419e6dbe74aaef7c,ngageoint_opensphere
4449,4b01e697d124d02f4ee3f97fe74cd3e77ac1302a,ngageoint_opensphere
4450,4b026e80905a0c313eff8b28e28ab9f577c26913,ngageoint_opensphere
4451,4b04197d1af68591099d34dc841af9550846f8f8,ngageoint_opensphere
4452,4b04888096dee38257dfba2a79bd1744bec034f2,ngageoint_opensphere
4453,4b0d82883e1541c06a5cd0589cf8791143c84632,ngageoint_opensphere
4454,4b10bbfb4c86f5ab5a683f7f64197dc7a0f4f087,ngageoint_opensphere
4455,4b12d9e4705bc522c09fcd82be72463581e4a66b,ngageoint_opensphere
4456,4b28af8aa196c6e5eee04cd6a5e251a8b684c30b,ngageoint_opensphere
4457,4b2e12dead720a94dc34f2db30ae32e62c1e2aa1,ngageoint_opensphere
4458,4b2f6652154b0e659e4ad8b72d26c59a2359786d,ngageoint_opensphere
4459,4b3bbec93bcfdbeb9b3204e3a357fa46f2122ce7,ngageoint_opensphere
4460,4b44bcd0829d220f1dee66f95ba3c89b4975c3b3,ngageoint_opensphere
4461,4b467f61138448e6f4757093d6c37fa76fad6a75,ngageoint_opensphere
4462,4b46d842826d16cf7047c6e1bee3811a8de3001d,ngageoint_opensphere
4463,4b4be71074bc4325a3c91f786ddb8c54a3c1fe97,ngageoint_opensphere
4464,4b52a681c93837d70892761d925ee7fd8f06253b,ngageoint_opensphere
4465,4b5b397dc7bdfb0b0755989a0c9a41cc7a4ee90e,ngageoint_opensphere
4466,4b6764e6969f1e52aa7f02f78ed5292062fbfa87,ngageoint_opensphere
4467,4b685dee31e3a903dcdf23ec6bc1b74ea5017929,ngageoint_opensphere
4468,4b6a41ba58d0543994f15e082f339066f5e40982,ngageoint_opensphere
4469,4b74101623843dd34a8b0c30c80128d91fdae77e,ngageoint_opensphere
4470,4b85591a8fb9eaf94fe87f68e856e37b82f00bee,ngageoint_opensphere
4471,4b85d852370fff3a065f36894cce1a256fc9a295,ngageoint_opensphere
4472,4b90c6f5ca166f93d24815c5f4143c235846ac18,ngageoint_opensphere
4473,4b910cb3d1670fc47dab30638c5a8d15da25e29e,ngageoint_opensphere
4474,4b95e008e2b6651a6d5c85d96a80d030acd5f605,ngageoint_opensphere
4475,4b9f703507dee35afd6ea4a649385a0f2eb077ec,ngageoint_opensphere
4476,4ba91a0cd7302b319b0db8fc7aaa0b7b71d53fe9,ngageoint_opensphere
4477,4baed768cb93a1051ade4882f81d06e06aa6f49c,ngageoint_opensphere
4478,4baf39cdcecbe5ffd1e9cc7fcae42e326fd2ded6,ngageoint_opensphere
4479,4bb43af909ce896f918c45fcb4bb69f037f7f5cf,ngageoint_opensphere
4480,4bba606e7311676faf2cb7fb4b035a5cf08d6db7,ngageoint_opensphere
4481,4bc3397ae2edf3e98e70a31ab17ff8e6b215abeb,ngageoint_opensphere
4482,4bc394c59210931d8e50210cea21b11599e80153,ngageoint_opensphere
4483,4bc739a3b25ac6a9ee613a60af8f26e1e7825ca0,ngageoint_opensphere
4484,4bc931955af007eccfa7dfb45122994251f267a6,ngageoint_opensphere
4485,4bcc50ee98f43da90c567e8e611e67ac0b5fb0f8,ngageoint_opensphere
4486,4bd2ed4daf56c508c94905bdc0930d6013bb2fc4,ngageoint_opensphere
4487,4bdcf85b6f71b415c9fe3f77bfb5c40d934db931,ngageoint_opensphere
4488,4bdf3b846f25a8a051d5c03f0be9d5558dcc2f61,ngageoint_opensphere
4489,4be58db8073c9bb43291dc03813dd91314f68967,ngageoint_opensphere
4490,4be7b4bd21c85336d9119b5a7bcaeca9cfa04df6,ngageoint_opensphere
4491,4be804a6636f70a3713451fb901cd5a9326aff3c,ngageoint_opensphere
4492,4bee1e99839514069923af632982585e2e8b4a42,ngageoint_opensphere
4493,4bfba2016c02dd01bc0626143464cf10a3542c1f,ngageoint_opensphere
4494,4c0234adf87fe50045cf67398560fccc97cf2b06,ngageoint_opensphere
4495,4c042bdabf9dd65af326294214e976058ea569a1,ngageoint_opensphere
4496,4c04ea8f26569c9ff8a0154bb032d87a7e11c4cc,ngageoint_opensphere
4497,4c09235f40f17720841a6d59438cba619c69c0b6,ngageoint_opensphere
4498,4c0a78821e7f129119332e026615b8f0bb220e85,ngageoint_opensphere
4499,4c127bba530c1fd815fde7b8429863fe62f61e55,ngageoint_opensphere
4500,4c12cd160a529928fec5e62b0f2e13829d1dee9c,ngageoint_opensphere
4501,4c178efe5c89a5a519d1c18824f51380b9c86b96,ngageoint_opensphere
4502,4c1ae074dd79bc3f6b0d84499148783092323c47,ngageoint_opensphere
4503,4c1cc5fa6ade71dad85f77f04208363d01bc7854,ngageoint_opensphere
4504,4c1e71e722799e012f2e30694fc1bff2c6b8b17a,ngageoint_opensphere
4505,4c218a6a0c36d9969c5e657bbcd8aad7630d8301,ngageoint_opensphere
4506,4c23d153967e5ba35c3b2538aa080f08ca9d9e12,ngageoint_opensphere
4507,4c2494719e894b132a758fd6ae42732ced78688d,ngageoint_opensphere
4508,4c26fcd2397dd9075cce67174b65e1bfe4a4f50d,ngageoint_opensphere
4509,4c2ef958545123e1729e76fe4bbbcd6245538cd1,ngageoint_opensphere
4510,4c30905e0012b76f30a210b796bc2dcbbd6a0b2f,ngageoint_opensphere
4511,4c35eea613553f87742116441a35c76e941e00ff,ngageoint_opensphere
4512,4c36de8fffc74b5be3d31d0d53912d2bf7896997,ngageoint_opensphere
4513,4c395366c77c52d66f497ba958e1a05dc74ecee3,ngageoint_opensphere
4514,4c3cae075685a3ec2b6737ae37851cb211eef4a8,ngageoint_opensphere
4515,4c44294128e1e81541e0f5c2149ba7bdb2b006ee,ngageoint_opensphere
4516,4c46fe43ca1e60c120f68323319f9c379a19992b,ngageoint_opensphere
4517,4c52a862a99e5e53ce93ed85cb0647e89d552082,ngageoint_opensphere
4518,4c5ab19e91a47b8f275c81f843d6334a096510a1,ngageoint_opensphere
4519,4c5c235c077c7d4588a91d081248dfe701cf635c,ngageoint_opensphere
4520,4c5dda641523a8515e8cc45af96ce440e0c37e82,ngageoint_opensphere
4521,4c69848220e8f0b726d1bfcf4b04dfa2162cfecc,ngageoint_opensphere
4522,4c713f3ddfadb7f35ed5d1cc4a520ea3cb5e79f9,ngageoint_opensphere
4523,4c778b8a21f8132166a6ebaa8365dda5e539fd57,ngageoint_opensphere
4524,4c7f5cc22a86e24363343827062dbf6d70e48b75,ngageoint_opensphere
4525,4c87b9f647446973c1270e4b38c4a6a4621d12e1,ngageoint_opensphere
4526,4c8a8b499ccbc84452b5c21ac939cd8cc1cedb6f,ngageoint_opensphere
4527,4c8b8fb5b47976e0e46ab6fa37126b3c9b22c8f5,ngageoint_opensphere
4528,4c8edf1d1449bd576ff14710743505253142e0b6,ngageoint_opensphere
4529,4c8f466a258f8d680b81f32ab226e3de63009509,ngageoint_opensphere
4530,4c91ace844e2a97874158379c19349df37cb26c7,ngageoint_opensphere
4531,4c9b066b14b7f471e83a59a39c5827937d7ff00a,ngageoint_opensphere
4532,4c9e9f8a85e83c9e5890abfbd09b10dda1a62c95,ngageoint_opensphere
4533,4ca1c0156998bf5d8e74f087a3415794671d3203,ngageoint_opensphere
4534,4ca4a09847c564e7c239a2309e265d759a3e2a49,ngageoint_opensphere
4535,4ca67c4286e0b668906e7a0dad71012fed12e0fd,ngageoint_opensphere
4536,4ca8239912f131a4f5d698f037e50fbbc5b4890a,ngageoint_opensphere
4537,4caff98b73eff7a4255526c17fe01573297054a6,ngageoint_opensphere
4538,4cb1487c968c6bb4d729651c8c3b8da306a68cda,ngageoint_opensphere
4539,4cb22d8b39699a0353fd95831ee4e57fffeeec18,ngageoint_opensphere
4540,4cb391c02bb6a53f533f0eba9d2feb471ee97b6b,ngageoint_opensphere
4541,4cb3d31412633dea4878fe7b6fa3abab879722f5,ngageoint_opensphere
4542,4cb4cca2203e815488c029f141ca0ceee2c358e6,ngageoint_opensphere
4543,4cb7243f35fa6a19264667a763b35dc414c54c77,ngageoint_opensphere
4544,4cc11be3213fb8da43757e12795c9cf56063b0f5,ngageoint_opensphere
4545,4cc1eeedf33f5b0d9cae3c0b6231eb495784dd60,ngageoint_opensphere
4546,4cc695a9bb7265142a1dbd103d8cab3a08e2cfdf,ngageoint_opensphere
4547,4ccc751dce37c27a4e690cba52b19c65bcf33753,ngageoint_opensphere
4548,4cd09b5d189d5d871af82e0e7dfb9818be9ba1d1,ngageoint_opensphere
4549,4cd0cf3d23401137306959d3ae6d266d5186e42a,ngageoint_opensphere
4550,4cd17aa0e2329341923c2bf2100063c6861f8ffd,ngageoint_opensphere
4551,4cd3335fb179db5675e46fca1dc4dbf82608f9a7,ngageoint_opensphere
4552,4cda61b17cf7e4f3ea81b63e2d2ced59175be7c2,ngageoint_opensphere
4553,4cdb502a68de27735de5d2761e19f832b73c3bbe,ngageoint_opensphere
4554,4cdccbc43bcf5d4316240fc095ce14b29efc5fac,ngageoint_opensphere
4555,4ce2445f26eb4c4ec0cb57e5a991af3f695d2ddb,ngageoint_opensphere
4556,4ce8488f5d10d0d08bed2ddfdb8193de140f358a,ngageoint_opensphere
4557,4cf4fabfcf5f6b308a6ac0aa88e575a69735bdce,ngageoint_opensphere
4558,4cfc6da03961e66cc6496a99851c4eb91d694988,ngageoint_opensphere
4559,4d0807f71ef9a58e7151590f11fac170ad2944b3,ngageoint_opensphere
4560,4d0b7c73a127aa81a2d1dcb1d25b25d7a0002ad6,ngageoint_opensphere
4561,4d15ef73165f1ef5122c8666c9db3353a76b497d,ngageoint_opensphere
4562,4d1d9e0278df1fb2f29e2360ee28ad3e5d3d08f4,ngageoint_opensphere
4563,4d1db03b88133c21e880ad86eea8228bd36b34fa,ngageoint_opensphere
4564,4d2199554c4cf99f1b8e1047d329023cb047b68d,ngageoint_opensphere
4565,4d26fdd4433d0afa1273963d6817feb3e3b2687b,ngageoint_opensphere
4566,4d2730b7a41442ec0f0b7bed4fac55ec17d1e91d,ngageoint_opensphere
4567,4d27700ae92e05308b25cf571bbcba72358d68cf,ngageoint_opensphere
4568,4d29217d8ce23866d5d14baec69be26894ef6450,ngageoint_opensphere
4569,4d31b90ef410084f18e2fcceafc69e8eaaebb43e,ngageoint_opensphere
4570,4d325c3913086de2225d81e54fd261273fac35b5,ngageoint_opensphere
4571,4d3308aa3ebf8f497e9b7c4df81095cf67b05244,ngageoint_opensphere
4572,4d42f109415e2beb17b1d09f920d695426a68108,ngageoint_opensphere
4573,4d4685a71461f774837e0c41dc8cbe5748068d40,ngageoint_opensphere
4574,4d48ea5121502a55f9d0ca3897490e85b0a48375,ngageoint_opensphere
4575,4d4c1f0e5dadf3d2544730fa6ddb66529b305525,ngageoint_opensphere
4576,4d5009c8b2fa7d8293fd85721e70b82fcdd3f479,ngageoint_opensphere
4577,4d501e9b58239a2f60608ce26429a2017b5195a2,ngageoint_opensphere
4578,4d51364853d3b62c0c4a7e10343b646ceb875a7a,ngageoint_opensphere
4579,4d5312d3646733f3d3768d7420a6193420bc2b91,ngageoint_opensphere
4580,4d54a4ceb679f92df9f8d5db6e9f8c792f92ac10,ngageoint_opensphere
4581,4d55aecb94bec2a108d05264fb27669beb0e9aea,ngageoint_opensphere
4582,4d57f07205fbefb8e8a3622a2e9fcedb7a33cc21,ngageoint_opensphere
4583,4d5a4af3434fd31ceb62da74a4c667a9afed26c4,ngageoint_opensphere
4584,4d6ab022017791d515ea4a322a42b755eaffb145,ngageoint_opensphere
4585,4d6cc6f3f36eb94fc1bb83283af0b3ea360a0d38,ngageoint_opensphere
4586,4d7ea4927c7f6a79877cd6c1a82d97b59bc08f69,ngageoint_opensphere
4587,4d80c9a2130e28930bb3a098356547518ac0ace9,ngageoint_opensphere
4588,4d82881e93a42466c15c04868512b5c7a60b1c8a,ngageoint_opensphere
4589,4d8388d6e8e2a185db644c6822a6fe89a589b960,ngageoint_opensphere
4590,4d8cc4cbc61f292f11dd7d404e5a2827b6389900,ngageoint_opensphere
4591,4d8cd73bd97f3b5fe168488ea786d7517a6a68c9,ngageoint_opensphere
4592,4d91f932368d16538af33a680b8fc467abf1da2d,ngageoint_opensphere
4593,4d93d3e75d3690b6979eed8c39156da7300c362e,ngageoint_opensphere
4594,4d983b0c98b10ac7b0527c025cb9e564aedb6fa7,ngageoint_opensphere
4595,4d9aeffdf214dee2753ca65161a26fb83562beb9,ngageoint_opensphere
4596,4da34e9cac9c32c446618503b62a6e80de604029,ngageoint_opensphere
4597,4da92796319d9317fd198322bbf1ab23af59a9cd,ngageoint_opensphere
4598,4da966f5f2be73d2464996747f3294f2e343ad8f,ngageoint_opensphere
4599,4dababb1eeb3cdd5482851dbbd454d4cda8fce06,ngageoint_opensphere
4600,4daca098c0e3aa83a81ad993706b00ce1a75fbcc,ngageoint_opensphere
4601,4dadc78fdc71488e89c568d20b67c6fe6d3fc192,ngageoint_opensphere
4602,4db428585f49faf580b175a8fcba7d35ace9393b,ngageoint_opensphere
4603,4db85b70d5a6dfbb3e2b7f4f3780fcabe0d55a10,ngageoint_opensphere
4604,4dbf35316d7a78f3dbbacf58a30adfc17a82ad94,ngageoint_opensphere
4605,4dc6891a9b136b0a517b353b5f5e628f50817c92,ngageoint_opensphere
4606,4dc891e1c577cd6a279e506f1bd0a12c17850841,ngageoint_opensphere
4607,4dcb39c1948f399b5648ae20e6996fa7f8c8bff9,ngageoint_opensphere
4608,4dd4f8409410c379a5471b46f9e8b64b372350d3,ngageoint_opensphere
4609,4dd83d0703c8de6448b61fc1559f43d81f46e3f5,ngageoint_opensphere
4610,4ddec61c7d5054f023e62b7efcb0251eae209f38,ngageoint_opensphere
4611,4de3956dde19f97219c0bbb71ab126136a84a932,ngageoint_opensphere
4612,4deb98c8a7b3f26328622e4dd13eb60af4590782,ngageoint_opensphere
4613,4deeff33d7bcd02a41b4ce691eec99422e8075c8,ngageoint_opensphere
4614,4def61b1072d64b2c923c3c31c99bfa3ea7fb8d3,ngageoint_opensphere
4615,4df69b2151e04370fe4a07ae4dc2923dbac06bec,ngageoint_opensphere
4616,4df87053848a542f765d87eae8b6621e51ab72ef,ngageoint_opensphere
4617,4e08f3c4ba38a4d3c97fb2befeaa6658c961ca6b,ngageoint_opensphere
4618,4e0aefc386f4cbf5f960295403496e7e3f3c74fe,ngageoint_opensphere
4619,4e0fb54af9de019cca23d17836d57f21309c8135,ngageoint_opensphere
4620,4e141bca790b0ba3bd894ce084d07e2e1eebd9d7,ngageoint_opensphere
4621,4e2ac5786aa0885de93ae0b1d485879d044e8f2d,ngageoint_opensphere
4622,4e2b57f32ace325f607949fe51b5598e1f2adebe,ngageoint_opensphere
4623,4e2e82b69a19ebdd36dc8cee7fb916bdde0d1ac9,ngageoint_opensphere
4624,4e2f256047d7569ad640af20d736babf5d9edeac,ngageoint_opensphere
4625,4e33ada0672a5d929cafc2ee63e9bef103ace9d5,ngageoint_opensphere
4626,4e3af9a8f01afb64c477b01f1ec104f2e28dd472,ngageoint_opensphere
4627,4e3be1cf9fa088981e6f4847c364f6cbcb9994f8,ngageoint_opensphere
4628,4e424f3f34bcb56d2f17a7abb0a1c8aac6d99dc2,ngageoint_opensphere
4629,4e442306cdb17da6d62dbddf1504abf2ad8a1883,ngageoint_opensphere
4630,4e53a2c035e57ca6e9342210fdacbd6fd30eb0f3,ngageoint_opensphere
4631,4e552b229bcac45435cc68c4ec737609694286cb,ngageoint_opensphere
4632,4e556eeae8719cc6b8afd831b4fcbf6ade6eeb89,ngageoint_opensphere
4633,4e5c83e1ee8e8339a316daf068129219410f408d,ngageoint_opensphere
4634,4e5dc9fc39909163728811c978fdd083325656a4,ngageoint_opensphere
4635,4e5e2f2edb137040abb485ff601e87f5ed51a082,ngageoint_opensphere
4636,4e5f092bafad6652e002b031b12b5fb388fb3d83,ngageoint_opensphere
4637,4e638d11d07857c4413f76c74b6c51e35f30e34d,ngageoint_opensphere
4638,4e706ca484eecd64090790e68df6adc96e3925ed,ngageoint_opensphere
4639,4e7644264ee6288cdf2582215109e3da1453a75c,ngageoint_opensphere
4640,4e7b46291579b9fc1552cc17247948be7e9478cb,ngageoint_opensphere
4641,4e7d6b793ef9e0a7694679efbc8f5caf58a36303,ngageoint_opensphere
4642,4e82a195bdcf427493e384256a4f3788aaa5eef9,ngageoint_opensphere
4643,4e83d86d283380d8db7fdd41811b43f617f3d0b8,ngageoint_opensphere
4644,4e87597198acd01ea801ba1bbf3db9ab2ea27334,ngageoint_opensphere
4645,4e87ecb869c18f02bf38430e0a0fcf935c025ac9,ngageoint_opensphere
4646,4e8a7368d83d6a9aee2e223028ce1c4e6315bc06,ngageoint_opensphere
4647,4e921afb812b89158f943328f848b2e5992cbdf4,ngageoint_opensphere
4648,4e943ff8d58ab972f7cf7a8c644b7ed8527d1b88,ngageoint_opensphere
4649,4e9463917d74d069398234eabf728d6788245a7e,ngageoint_opensphere
4650,4e94a1e9cb184daeb6a544efe87f9acc50149edb,ngageoint_opensphere
4651,4e9cfe6b988868480003617117f707fb5365c9af,ngageoint_opensphere
4652,4e9d4227d214aa4d9e019a04316328bf0a0c2f61,ngageoint_opensphere
4653,4ea06472ffb0c9286bf48bde551fdc08ede012a9,ngageoint_opensphere
4654,4eaba8c59e7e246d257ab4d128d2628dbf4edba1,ngageoint_opensphere
4655,4eb08beac9469862ccc8158c5519eb0d0c3869e7,ngageoint_opensphere
4656,4eb1374bd661f4ad82e2dd81f14f961de93dfa40,ngageoint_opensphere
4657,4eb4a57467b43ba2011bb34e17ff3e6539a3ba59,ngageoint_opensphere
4658,4eb6fd6f032c5c7fade447ca7faf50104b64f3dd,ngageoint_opensphere
4659,4eb89cf2b464efc49da6a41dd8350d91e82e06ea,ngageoint_opensphere
4660,4eba61322a5c1dd772a0e3a34de968d51ae6210d,ngageoint_opensphere
4661,4ebefff3ec5d3d11d1c0e991c5e17a8c4a811f5d,ngageoint_opensphere
4662,4ec5052e0315df3b437d38346a74ae09d58d7e11,ngageoint_opensphere
4663,4ec97555b866751d868776449f4f6a63e22a3953,ngageoint_opensphere
4664,4ed5efff4ef1213ff3523f2cf723ff92f42a352d,ngageoint_opensphere
4665,4ed6d63b27f5b7c8077c1084e1722064ca19c171,ngageoint_opensphere
4666,4ed76388cfd1439644c1c4317d3ff4ead301bb41,ngageoint_opensphere
4667,4ed8fb918c933c187498b8945393697b14479728,ngageoint_opensphere
4668,4ee32da1112fe6474380880fe075316d7dfce935,ngageoint_opensphere
4669,4ee4fc0fe43469a154b9eb80bb364bf374b830db,ngageoint_opensphere
4670,4ee62cd6f25f72e40e3b5e1bbffbec38f03dbcc7,ngageoint_opensphere
4671,4ee6ce5a823f7d3e27bc0561211dafdf34bb8f6a,ngageoint_opensphere
4672,4ee9ec966e8edb74f6d8ca512bd5f39697fc67bf,ngageoint_opensphere
4673,4eeeacd5639532e5b6ff84437f1b3a59bd7c5617,ngageoint_opensphere
4674,4ef4ef2fda4e93cd483c8f06a963f561e921179f,ngageoint_opensphere
4675,4ef91047e7b49a1ef906f6ef9792222834d7acbb,ngageoint_opensphere
4676,4efc7a43b4dd77e622604394ed4821746103fc77,ngageoint_opensphere
4677,4efc7c3dcde170c9d6c8eadfb6ab6ac3fd59debb,ngageoint_opensphere
4678,4efd88c769725675b015712445144c29b19ee5bc,ngageoint_opensphere
4679,4efde6b4e2f66a6a1fa5357ec15c3722401ed689,ngageoint_opensphere
4680,4efe296d0085e196091f906baa50ab9134bfcd20,ngageoint_opensphere
4681,4f001a3c41cd06b487f8b405c10845d1d68db86e,ngageoint_opensphere
4682,4f02b2b249e2a564780c41ad5f1d8c181564ad28,ngageoint_opensphere
4683,4f052b5e5192b9bb49c218098e6611f0175cd262,ngageoint_opensphere
4684,4f05c068ed575fb9662d53c72d00d08f97e3b4de,ngageoint_opensphere
4685,4f0bd72feb0d00e6ad1dd50d618521a5441d8d72,ngageoint_opensphere
4686,4f10816a6f564b2eca2decd82b6107b4f12a8888,ngageoint_opensphere
4687,4f12a675e154fb67c4cd5e35bfb60dfb54e58ba8,ngageoint_opensphere
4688,4f14fdf62a63207ead5aa29edfddda648e61be4a,ngageoint_opensphere
4689,4f18699532cbc8a0a5786290e0e4ad2383f72de2,ngageoint_opensphere
4690,4f1d400ea93d6ab53beb52de4f7b4b9afe56d606,ngageoint_opensphere
4691,4f211378740d5c8f3a73bb77e0b44acfd9b1a07b,ngageoint_opensphere
4692,4f2182a52a2f664433c4609e9e31e691aa5d823a,ngageoint_opensphere
4693,4f31b0d3f76dead51d1fd0734664aa203f08a763,ngageoint_opensphere
4694,4f347ac0c1307ef90830fe693f554b4d2ecf70b0,ngageoint_opensphere
4695,4f3650fcd49a104cf20823c4d97687677b13fecd,ngageoint_opensphere
4696,4f38aa9135b9aea7bb19821f2cf7b9cb256a90e9,ngageoint_opensphere
4697,4f3ba88b6c490a05c2e2fd0a4a9a4e18b7303db3,ngageoint_opensphere
4698,4f3f4ec46476f63dbc308533e3ed27f432197b4e,ngageoint_opensphere
4699,4f4af2bdde08787d89e618bdec73e047e3ba213d,ngageoint_opensphere
4700,4f4b54a5c48e005063db6e80262dd99d5e089ec2,ngageoint_opensphere
4701,4f4db53912ce887fb9e7aa1171f2226fbc3f9d0d,ngageoint_opensphere
4702,4f511f8dc9d17be306bcc5ba0455728b3c9f2af0,ngageoint_opensphere
4703,4f56a5e0b024865b9da7f7fb793a74113d5f9491,ngageoint_opensphere
4704,4f5ee9c7c12780cc6823c5121199f29845ebee52,ngageoint_opensphere
4705,4f5f8cbbeb569346ff91663386bd4596207bf6d6,ngageoint_opensphere
4706,4f600eec31e241fb67950f3d82eb305899ce70c5,ngageoint_opensphere
4707,4f60d0456e35b9b8c7c71e2c5cab0d1ebf665008,ngageoint_opensphere
4708,4f66f51e529772f42df179e080fd8e2c78a0427f,ngageoint_opensphere
4709,4f6f9cfc2da8f3d06cf3e064128ab7405d172e9d,ngageoint_opensphere
4710,4f70a67912892ab5d217d7c0b261e0c42bfa098b,ngageoint_opensphere
4711,4f7bef95649b69f8823bf6898ff7b3bdc432f1ea,ngageoint_opensphere
4712,4f7e701d13f5fdebbccf0b31b1c480baa6d40a8a,ngageoint_opensphere
4713,4f83205477d681e4bfc0a2d53a9c9fe7f1e79800,ngageoint_opensphere
4714,4f862d048acab8f8e77e6c3a7559cf2e1f32c88a,ngageoint_opensphere
4715,4f8b6ee2b8e6a380760e7b0cd7280d70d480f495,ngageoint_opensphere
4716,4f8c81de45e59325fbaea9b31d4cf0eecb27ca83,ngageoint_opensphere
4717,4f8e7acea64b4bc860cf31486f47d77c7872a189,ngageoint_opensphere
4718,4f9625c9b638218b91fd4f5c1abd8af077005f5c,ngageoint_opensphere
4719,4fbb98457480be8d52962df999c298034d31e716,ngageoint_opensphere
4720,4fbcc0e68daa3ee611eff63a4e582508216e4ae3,ngageoint_opensphere
4721,4fbfebe275121c103d85e830aec605a43de93fb7,ngageoint_opensphere
4722,4fc1cae049b68a5b772faeaf9ebc4f479bd44de0,ngageoint_opensphere
4723,4fc5ebb9d99d43ec3e1db6132331ac7f22e8646d,ngageoint_opensphere
4724,4fca6b35539c50db60ff917f9fe96f55c7bd0c56,ngageoint_opensphere
4725,4fd22d55d295b9fa2b32037eee9f89c231896c8b,ngageoint_opensphere
4726,4fd75f2b38e79f4670e837d0ace91c785a16b046,ngageoint_opensphere
4727,4fdbb3b486fd11b66869f0006ba94d90a0b9ff98,ngageoint_opensphere
4728,4fde360b21a9bf9b66d74790a83aa205bdf0659d,ngageoint_opensphere
4729,4fdf9b3d76590b3d394ffe8e909215bbb348799d,ngageoint_opensphere
4730,4fe6ba8dbab45a09de35395b2f5ca630968e3b76,ngageoint_opensphere
4731,4feb2f09242c4b728f3419f20b742481f37b8a9c,ngageoint_opensphere
4732,4feeb9cab90ce8d2482c20d3e63047f939c8bf6d,ngageoint_opensphere
4733,4ff68a5fb5601323e2859e742de775c1ad792025,ngageoint_opensphere
4734,4ff9eb52c51852afe0df03bcf81fdbc773218cf9,ngageoint_opensphere
4735,50016d1a608dc5e63a5d05877eff5396a0e63556,ngageoint_opensphere
4736,5002e192fa880d50546de755710c0b3ca5a9cf11,ngageoint_opensphere
4737,500a1fb6d09694030e65f353be28321305afeec2,ngageoint_opensphere
4738,500a32a8d066ccf53ee4c37a42e80de69917fcfc,ngageoint_opensphere
4739,500a7967edbf02c853cf71d62b1727559f85fda7,ngageoint_opensphere
4740,500c3c9a5230d9cc549abfe5c49451be5273c2af,ngageoint_opensphere
4741,501eb17ac06f014b4d7d11cfaf9812e7b09b4a2d,ngageoint_opensphere
4742,50238728d07b1c5c47b2b14acb38658ab867e58e,ngageoint_opensphere
4743,5024dcc6b50cdc6bea603746e087b0bc8756fa38,ngageoint_opensphere
4744,50265f313b86b8ce73cba56df5aa72aaccd2c4db,ngageoint_opensphere
4745,5028830145e28e2ea41e346aba1bac8eb3040e7c,ngageoint_opensphere
4746,502e49eda2ef4fc95ac2dea16a478f8e6cb312eb,ngageoint_opensphere
4747,50329ac23f5340177a44624cbca9015aa0bc5e6c,ngageoint_opensphere
4748,503ab5bfb20553e78805993e630b9d5de67ccb0a,ngageoint_opensphere
4749,50421f5ecaa22c043d86e4c85830224adaa4c5ef,ngageoint_opensphere
4750,5042e19bb2e492f455ca29d62835a5285e99aea1,ngageoint_opensphere
4751,5043496802e95ca617cdec5d7a9ef65d59596c18,ngageoint_opensphere
4752,50515aef47fdc1699ec655f4ea8769282d3cd093,ngageoint_opensphere
4753,5053405bea638de8e6e51fe6a81d4237e23e0081,ngageoint_opensphere
4754,505c7f3962a4f53e521f33cba1c1bdf9ca5f01f6,ngageoint_opensphere
4755,505ee96724d893984865108b68e3b82cafd2a390,ngageoint_opensphere
4756,505f112e85213f3482b84ecfd0393be58a107ca9,ngageoint_opensphere
4757,506676881942f15f5aae7f9288b8ebc73c5f6a9a,ngageoint_opensphere
4758,50674758c948cfc8361dba65ee94821435175e90,ngageoint_opensphere
4759,506781955017f418450a12565b7ad6e97174af73,ngageoint_opensphere
4760,506897e1c4776719ac2037646a564c1251235ca3,ngageoint_opensphere
4761,5069dcad8f787ee3a87d197cfec8a5b285e7f5c1,ngageoint_opensphere
4762,506a81703e29c6b121fb6655ae80aab3c4685481,ngageoint_opensphere
4763,50737ccfdb16ac9d4c317d41eba8df1657d9e6c4,ngageoint_opensphere
4764,50744c7cb48feac4ae1d1082e84dc9409a612046,ngageoint_opensphere
4765,50759aae2426364f8c8383b45c1cb57f07ebc270,ngageoint_opensphere
4766,5079bfd0f697ecefe0fc8a3c931fc14a75f916b8,ngageoint_opensphere
4767,5079ef644168342cae808544526d37d14ed5b5f5,ngageoint_opensphere
4768,507a8454df56491ec60da1171358755cb426e301,ngageoint_opensphere
4769,507e871952034f0d616666d7941bff522e834179,ngageoint_opensphere
4770,507f25ad9f16ab2284ae5c09962e65788037ac2b,ngageoint_opensphere
4771,5080d4e554734fc6848a31211a4cb3fd634fe958,ngageoint_opensphere
4772,508277ff299b5a50693f1ab4d333ea259d15d311,ngageoint_opensphere
4773,5083669d3f34756215928b8dea1574f1d240f5ea,ngageoint_opensphere
4774,508c6ce5924f351fb375b3611aef9fb27041d5b1,ngageoint_opensphere
4775,508de734b05ba231e41a6e9324de5cfd384528be,ngageoint_opensphere
4776,508e1fd9866630cfc9ace7f2e0a49d3a60c53651,ngageoint_opensphere
4777,508eed2b23d3ed2069efe478606e1e557c6eda92,ngageoint_opensphere
4778,509b82c03f862cde9bfbe2d1c9d09b3a0df3e391,ngageoint_opensphere
4779,50a5360c0f9f2f2b24c5adfd0dd716c83f23c28d,ngageoint_opensphere
4780,50b014869f2e2c7dbf97e93072a991f92163d176,ngageoint_opensphere
4781,50b2ffb52f55445a03fadda36cd44b4e9757177c,ngageoint_opensphere
4782,50bb553539ec276786f5bc6a2947e286abb14c3a,ngageoint_opensphere
4783,50bd1f30356b268d6ef8457939e17241fe814fa7,ngageoint_opensphere
4784,50bee10900c737527435e6f75d3e3628aac1e592,ngageoint_opensphere
4785,50c802ad2ea6adca708272626b0fcbb9e5ded442,ngageoint_opensphere
4786,50cc5515e5392f889865f037010eca50cc135de5,ngageoint_opensphere
4787,50cebeaf05af2b775ed3bb7bc7dbef7c5e321d78,ngageoint_opensphere
4788,50cf53915aea65fdc906e152f0c0990d245b6c0c,ngageoint_opensphere
4789,50d1173e7b47c01cea1d49aeaeea4dccfc99dc01,ngageoint_opensphere
4790,50d1d0930b0587c4a13d951423bd327da8f8b5ac,ngageoint_opensphere
4791,50d4a4041facbc92f462b08d3be05727bdd25165,ngageoint_opensphere
4792,50e0c169f13290a142ec23772aea5629aa40447c,ngageoint_opensphere
4793,50e43f82e027d90f7bf4c8713f71a739702fba5d,ngageoint_opensphere
4794,50e90b8bbbbc6824b62ed27198de66cb5bec05dc,ngageoint_opensphere
4795,50ebb4a374859a03e9e0f4400d9f0b043dd9c86c,ngageoint_opensphere
4796,50ed172de59a4920421041d0b0a9546b29360b8f,ngageoint_opensphere
4797,50f204920df94873b1b10e4fdeb64f748d5deedb,ngageoint_opensphere
4798,50f8551ed7ab193447e4c298773448a446cdc929,ngageoint_opensphere
4799,50f918dc852ca934f3e763dd49a51bde8f8ea28c,ngageoint_opensphere
4800,50fcf86f1cc07c26eb452af82139bf0c9533c53f,ngageoint_opensphere
4801,51021f6e7803e6db4e92eda03e300eb92c2bcb81,ngageoint_opensphere
4802,510370aa88ecbfb87ac42996a4ba38c1dee8f9d8,ngageoint_opensphere
4803,5104587ca660bb349bfd282d7d1d945d2779929f,ngageoint_opensphere
4804,51053f5e3addfee7ee73af50eb56b6eacdb24d8e,ngageoint_opensphere
4805,510548858d71d28888daaa3a22433f099720164d,ngageoint_opensphere
4806,51062b0142a128841a37533a9347896c8908fd66,ngageoint_opensphere
4807,510f02ed5b70dd7700b0cba28ce600372532814e,ngageoint_opensphere
4808,5112fce5a06a81ff5a686cde4b289ab509a51dc3,ngageoint_opensphere
4809,511942985e22f2b0b7be7f084ef83e3dc8f70de7,ngageoint_opensphere
4810,51197954680ac80bec3df4d2f17d00402553f795,ngageoint_opensphere
4811,511b203ef349a8f8b14bcf186507be130901b350,ngageoint_opensphere
4812,511c59c878b5d78d7d9243758545525a9d4ce9d5,ngageoint_opensphere
4813,5121b437c73a555f41cff692936e92aae174851a,ngageoint_opensphere
4814,512588270ee8560a81340f1faa57ed074e008208,ngageoint_opensphere
4815,512d7e6db2bb09cabee33893c64080e83333c99a,ngageoint_opensphere
4816,512e6820c24c73ee2836ac4f9ece4b133693da98,ngageoint_opensphere
4817,51327ef4995001187f41d960850b1ab2b6560b31,ngageoint_opensphere
4818,51355aaed1f7ae81158bce54876374c2672d01ae,ngageoint_opensphere
4819,513dfc41701186cdb41086c9fbf81e885e74b97c,ngageoint_opensphere
4820,513edc88d18a9f40c041c78f6c307df846510019,ngageoint_opensphere
4821,5144436f8794f49acda75684fddcb793915f1a1a,ngageoint_opensphere
4822,5144dec2f5423b601a4a7d06e4c26d8d92888610,ngageoint_opensphere
4823,514fb55f66c17362b2288da2009f87f2022d92c2,ngageoint_opensphere
4824,515036f89d389c800a5bf2e16208768dd59347ad,ngageoint_opensphere
4825,51537b7612d85996a1e2d87d4d02a4ab08afec7f,ngageoint_opensphere
4826,5157f1e9556e1893d0f0bacfd5ba873955ac845b,ngageoint_opensphere
4827,515c68d3aef900618dac2b49512f75a70bcad2a8,ngageoint_opensphere
4828,515f79660289e7e8462a35eebbe401b156d7f91f,ngageoint_opensphere
4829,51617e75128613502a61119ccfd12872f4f48fa7,ngageoint_opensphere
4830,516464ec32c7f6fdda160f9f4a0d628d52902884,ngageoint_opensphere
4831,516aff7af1a425642915e7974c49ab5978a8d826,ngageoint_opensphere
4832,51723a3390ed8302ae8721c84fd4ec6a59098fb9,ngageoint_opensphere
4833,5172e5701bba26f27bff56e3ec085fb70304bced,ngageoint_opensphere
4834,517462c22f133dd4bbc2366aac27173a064fbb44,ngageoint_opensphere
4835,5175ece7d0c52d11886fa7ad750675cb6f6e2450,ngageoint_opensphere
4836,5175fdd801d22d50fa326bfa97379c512b758661,ngageoint_opensphere
4837,517620c184f8108106660ab1389e2be2d2d11352,ngageoint_opensphere
4838,5177d3c1097d6175a142a8441dd417cb4d0e8489,ngageoint_opensphere
4839,517b1acaad655b1720e1c2681f4dea49a863ba69,ngageoint_opensphere
4840,517bb24e196a66333032a2c8431ccf801bcc678b,ngageoint_opensphere
4841,51803e22f2a184b52f498b36150f4a5252db5102,ngageoint_opensphere
4842,518a4c9c8845bd44952efc195396e2e4abae9117,ngageoint_opensphere
4843,518b501b3358985420f0c0160d0f041923e56bec,ngageoint_opensphere
4844,518cb746c4263c4dbdc1670efb27dbdef4d869df,ngageoint_opensphere
4845,5195ea2847bafa723be589956c5d2036bb477dd5,ngageoint_opensphere
4846,5196901c055309a6460a0f71ad8a04fab55a82b5,ngageoint_opensphere
4847,5197b8ca422c0c4c7f6b7ce69222421111ef5bca,ngageoint_opensphere
4848,519f55bcca3bfccbdc6e1704e595e9996dac88f0,ngageoint_opensphere
4849,51a16f33e7a34be60eeb4c2782af9ba47f0ddc49,ngageoint_opensphere
4850,51a77a3a4a1e5be8297ccad2da83ce495e22e8ad,ngageoint_opensphere
4851,51a9c030382204a43f08cd7c4679bc810df72973,ngageoint_opensphere
4852,51ae679c7eba3373c086d235485e1d72edfc3d85,ngageoint_opensphere
4853,51b47e5816666a02f517b75f9d4596c61cb913ff,ngageoint_opensphere
4854,51bacfbc067afdb89a1690f90b4cd39d0c77e507,ngageoint_opensphere
4855,51bd5e0b7503ecffc60770b3a1112b5271224496,ngageoint_opensphere
4856,51bdc34fe188965a938e24a2e220b6d58346ff3e,ngageoint_opensphere
4857,51c1079c05bdd3208140e642307d1477345e4070,ngageoint_opensphere
4858,51c2f038f6562e470a26e5a86b6973fdf8bc51bc,ngageoint_opensphere
4859,51c3ffd64e40153c8b3abea4eef2bf1214fb378c,ngageoint_opensphere
4860,51c53d4c88e4ae3b955cd8d6d821c71de8601a86,ngageoint_opensphere
4861,51ca65efa497794460bc678e097c3c7c5eb4b71a,ngageoint_opensphere
4862,51cd08b1f9ff2a4b451c2623f845945f582c2ca1,ngageoint_opensphere
4863,51d7a20151064a86cd8f4be21df3fcbf3cc275f8,ngageoint_opensphere
4864,51d9d7abd512faa4eaa8649323f32ba28b2c3514,ngageoint_opensphere
4865,51e066f4291cfb677fd682d021a2862d9a0548be,ngageoint_opensphere
4866,51e1e8dfd77e61724b650d58c53a2c5cb01fb640,ngageoint_opensphere
4867,51e84ce99059835636d8a58b56631921c0a056f0,ngageoint_opensphere
4868,51ebd8e09fc9e817e703f3401b339e90e07c9df6,ngageoint_opensphere
4869,51eddc21f6c60cce8804da23ceb516f2d5358546,ngageoint_opensphere
4870,51f026a9da272ff11e0dba7b5004b79fe696b75c,ngageoint_opensphere
4871,51f040aa91604d0f52bbea6777a6e560c069c6d5,ngageoint_opensphere
4872,51f22aac9c68afffdf49c162378c5356a970bcc7,ngageoint_opensphere
4873,51f6e3363ee85b9dc5ae613b56a82f3b786010f0,ngageoint_opensphere
4874,51f805806bb712aa7c7b2772daeeecc2225b7fc7,ngageoint_opensphere
4875,51fe9f40c8ef9da057a26378dee92a9c1a0bef1a,ngageoint_opensphere
4876,51ff267561376abfa2f1e3cfca43888ddd3c2814,ngageoint_opensphere
4877,52020f4ef2ec32df8def327f5d53d7ebbb0135d9,ngageoint_opensphere
4878,52026ec262a722d38eb7f2c2beaedcde01edb711,ngageoint_opensphere
4879,5204701c0b8d1fe687738030420df2fcd0234931,ngageoint_opensphere
4880,520d25b706b4e6b333bfd3a597a233fa4f656475,ngageoint_opensphere
4881,5213ede6cc399a47398b68e30f1782fccc4a3a07,ngageoint_opensphere
4882,52141fd9c9947ab48a463623c85c261087ff7ef8,ngageoint_opensphere
4883,521781287c35d8c42686df86689ed116a4e7523d,ngageoint_opensphere
4884,52179049239f997161fa7b9a182ca3512f91ba18,ngageoint_opensphere
4885,521a30d87d23617d99c154319dcdf491ee4a622c,ngageoint_opensphere
4886,521b28d3db9e80df835582d9bb67d70ac2d0b59b,ngageoint_opensphere
4887,52254fbcc35a84a636568679f447edd520e202c2,ngageoint_opensphere
4888,522e26de61e883a7aec4641713f615118a73a691,ngageoint_opensphere
4889,522fd8dc89524b3348bc2b922642b9976778c364,ngageoint_opensphere
4890,5231e82c71f879f079157750ce47caf056cd1792,ngageoint_opensphere
4891,52380e42ee700b3ed174a3979936077559aa02ef,ngageoint_opensphere
4892,523a439e01914ccdb2957bf2a8868be0f0396860,ngageoint_opensphere
4893,525156acbc4eb5bc47d68609b1a9d044d22fe426,ngageoint_opensphere
4894,5252799db5876c2c03a3980de26d5c40664a4a11,ngageoint_opensphere
4895,5260ba4d4651f7796d348444c1ceff6d91601dcb,ngageoint_opensphere
4896,5263e1d59004bd87422a2d7c665bf580321b7c49,ngageoint_opensphere
4897,526512d3ae33fea5b77818105ad61a43c2baabf7,ngageoint_opensphere
4898,526d3e9642769d5e503ef0aacd326f8d3a75f2c1,ngageoint_opensphere
4899,52722b5477c0fa7d7e26e39a1dac7b111ca69fcf,ngageoint_opensphere
4900,5275f4ff3108959c14c76e6c5c22261f97e656d9,ngageoint_opensphere
4901,527f71a2d5dde795d795d18f7614e7f0324875a6,ngageoint_opensphere
4902,528652b3b935fc31c3d17dcb8a60d34e39465437,ngageoint_opensphere
4903,528d5006b14ce4c3e02392755719915d65cc466d,ngageoint_opensphere
4904,528e122a2e2cde7be313161aca8d8e5e9c756fee,ngageoint_opensphere
4905,52930113d0f67d73d72934e0fcf8e41816b1eec3,ngageoint_opensphere
4906,5296ac83c3693d463783f4446966932e1a88a45b,ngageoint_opensphere
4907,52a5379220e442777bf27d60cefa0e9853360fbc,ngageoint_opensphere
4908,52a808f938b69b2c10513b91ffb3363a8aee2006,ngageoint_opensphere
4909,52a813bd83533e8f91b567435af5a598464ab7e7,ngageoint_opensphere
4910,52a846b8241a17d958d8587d848974db45d65db7,ngageoint_opensphere
4911,52ac80b773c5ad636531ed5777c9901a6af6b76a,ngageoint_opensphere
4912,52ac817d6930f4ce2c4bf91ff12acf61133be694,ngageoint_opensphere
4913,52ae50f67d950c7b43ade01755376f2092f57df2,ngageoint_opensphere
4914,52b747a198b5423c6e971760f74c286d4c406e60,ngageoint_opensphere
4915,52b9b92c9a9f0a658007b448c14a1211df000bcf,ngageoint_opensphere
4916,52b9e815fbd18e97470984323de4a3b376b040c2,ngageoint_opensphere
4917,52bce20d95fac9162285b6b52e6d6ee6303fbd05,ngageoint_opensphere
4918,52bd8696dd9a8883cd41aa7e1cc7df89c8b43533,ngageoint_opensphere
4919,52c21c730deaa8913d913917f7b3526c0faff9a8,ngageoint_opensphere
4920,52c7123fc6fe0f18386941e2a3c5cfa47f46dbaf,ngageoint_opensphere
4921,52c8c2213f31c23879ba79e20788a5dffd65a3d9,ngageoint_opensphere
4922,52c9af7c8ea1cf5e29121e4b8bee650dd950ce07,ngageoint_opensphere
4923,52cd0573716177135e4cfe4d8d8bc268f73d1f97,ngageoint_opensphere
4924,52d58d13a71ee33e477f466e7bdf7270eeac35e0,ngageoint_opensphere
4925,52d68150f41a75efc86c0f621b79f8a378382422,ngageoint_opensphere
4926,52d7cd4085035245aab2f2a1fa2bb6b6ed9cbe32,ngageoint_opensphere
4927,52d829482f38ab65c02c4cfe6aaab6c2260f5463,ngageoint_opensphere
4928,52daeb354c584cfec1d2a31e0ed864ff394d341d,ngageoint_opensphere
4929,52db5da35314017903bdb845c97748a614b7f058,ngageoint_opensphere
4930,52db7911cd0c77c91572d710f5f6027a8576c79a,ngageoint_opensphere
4931,52dffa5b860dfa2c7c72cb6f063d735225499f31,ngageoint_opensphere
4932,52e2443efd65c792055b93368e58d666a5bfe15f,ngageoint_opensphere
4933,52ecc062af5ad8363a6d428b34fe0f0e8f65701a,ngageoint_opensphere
4934,52f17449326939e2fad16307e820e0479c6f7296,ngageoint_opensphere
4935,52f1d42276a95776a653a6d915780fd16f7b4e1d,ngageoint_opensphere
4936,52f4cca1d6e5df0b82d0782b61d0cf3009d3666d,ngageoint_opensphere
4937,52f960d6d3c70972a52fceace4fb40e55ab7ac31,ngageoint_opensphere
4938,530425fb53b56b1f9e55a2a52baaff1ae8e711fe,ngageoint_opensphere
4939,5305294119f15332c6212f31b93a8815e0c0464c,ngageoint_opensphere
4940,530f7ef7160145cd3b6b3b10264efab0d11fa7bf,ngageoint_opensphere
4941,531e16565ba388de65683e8c1938d7bad031f14e,ngageoint_opensphere
4942,5320ef9ed0878324253675047d773e9e34bd2b33,ngageoint_opensphere
4943,5328583af391023a23044bf9808ff329306be895,ngageoint_opensphere
4944,532a9106861381678055d790cf0f92124189241c,ngageoint_opensphere
4945,533164395332597cb91f90efdef7b6dc79d6f79b,ngageoint_opensphere
4946,53359ce46254689dff2ccced2c4cd3b4aef79505,ngageoint_opensphere
4947,5336ea6c08b170c11d0b4abe5bcac3657d4eb425,ngageoint_opensphere
4948,5339faf682ba34ab911617f21665598eec42fc49,ngageoint_opensphere
4949,5345c09ea05f0ac09d1f0977f416e9fd62998b23,ngageoint_opensphere
4950,53477a5cc673da5b08a936f8423d6b3f641bcbd1,ngageoint_opensphere
4951,534a1484883da9b1c3a2dee1a4ea25de6d0e2c93,ngageoint_opensphere
4952,534f6a5b776157335549b1659a7f83f7f061a450,ngageoint_opensphere
4953,535140f23e6f84d2308bb130d721058627fca4ab,ngageoint_opensphere
4954,5351479a32df01cec7430220334f484dc2163056,ngageoint_opensphere
4955,5351607cee65822dfd2fec1ef0e7755a326bd677,ngageoint_opensphere
4956,5352fe2eebf3ca8895bac162f7326f6719e149f8,ngageoint_opensphere
4957,535c3f246b1eccf88c0189f073dabfeec41818cf,ngageoint_opensphere
4958,535dca5c104aab9c5c19970e578a4bc9685742bf,ngageoint_opensphere
4959,53611a22c1f7ff6ef04bd77122b3ce938c06e869,ngageoint_opensphere
4960,53613a7adec5a58f6b241e14512a697004f3c9dc,ngageoint_opensphere
4961,53657154d8f20e63580ca03188baad1dea855108,ngageoint_opensphere
4962,536a0fb13033a75f0a1b2ab7de9d1f34dc821b04,ngageoint_opensphere
4963,5370d0ac96ff25697168aa55bdafd2f7c51affe5,ngageoint_opensphere
4964,5371230c522935fe27a8fe47f100c1a83d4f5f0a,ngageoint_opensphere
4965,53713be2cc836cbb70d90ca5ad0b3e1aec34fc1a,ngageoint_opensphere
4966,537d35b6ebe8b699f751a362757da3324adb501f,ngageoint_opensphere
4967,537f8803688209b8a844069ad014cda1d0a1da2f,ngageoint_opensphere
4968,5382b1a0f4f57afab3f9f34653d27fdfa848858e,ngageoint_opensphere
4969,538ca79c1c5078661e971adc2d56a25300ab0ed2,ngageoint_opensphere
4970,539271ac3f8e3a2f15b561595aeedffd36b6dfd9,ngageoint_opensphere
4971,539f1eebc11b4ae954aa44708584dac6967f8c6f,ngageoint_opensphere
4972,539f1f440aff2ecf9898cd3b07818fbddbe09242,ngageoint_opensphere
4973,53aa3d270597333e0d0ea976a53c05b9308938b9,ngageoint_opensphere
4974,53aebad28063bc2408d81ee9348174e7b6b8c103,ngageoint_opensphere
4975,53b078d0337575e10efcc446fedfa40f0da39a3f,ngageoint_opensphere
4976,53b31944fe4ad8c28d088912d8a0022cc1ed042f,ngageoint_opensphere
4977,53b42ca1ebabb68a8678198bfb9c3d6940dec94a,ngageoint_opensphere
4978,53bfeb4d4bbc6e349beeab471b14017302bf6a7d,ngageoint_opensphere
4979,53c70691280ed408d905272d792f4e63b5778bbc,ngageoint_opensphere
4980,53ca102931b412675295cde63b632051f5bb7166,ngageoint_opensphere
4981,53cd99632256ccff0226a1ca20243c8e1298363c,ngageoint_opensphere
4982,53ced586079a48a490d11a39a92de0664d8fcbee,ngageoint_opensphere
4983,53d980e41df89dcd14f9dc3c557d1f169e1d7f77,ngageoint_opensphere
4984,53da76f2d92577e2612c5e533344f80b3f2199b3,ngageoint_opensphere
4985,53dda13a336fcfbc6e559b63f65452984f391ca9,ngageoint_opensphere
4986,53df36af89f938aca401189a2877d990e4f64614,ngageoint_opensphere
4987,53e35c977700fa6cfe36eb7ac939fb086cfbde09,ngageoint_opensphere
4988,53e6e67cd7ffde541058cb11b5a803f211c5b7bb,ngageoint_opensphere
4989,53f4d13c74c07e73801aad111da20c3627e98394,ngageoint_opensphere
4990,53f5c34ca686d0612e27d678a4a0af371502f4e4,ngageoint_opensphere
4991,53faf6042654b4a3ca5d6a657f129ece3513efd2,ngageoint_opensphere
4992,53fde9a892b2d8e7b58092627f8bdbc13eb6b44e,ngageoint_opensphere
4993,53ff30b09e5be7e7519df5075063923eacb29289,ngageoint_opensphere
4994,53fffd5eb7a8ac4be300b31b284d622ba10f7822,ngageoint_opensphere
4995,5413355d8b5d10021d72d136a63103728635009a,ngageoint_opensphere
4996,54134e8492736898610bac5d237bf8bb82837953,ngageoint_opensphere
4997,541845e4f17b2dd9b72297446b3e034d146fa7b7,ngageoint_opensphere
4998,5418d96c8a0f1b264fd376a4e8e4893add3563c4,ngageoint_opensphere
4999,541eda2dd19a7e7c11710a683e507c293f6ec034,ngageoint_opensphere
5000,5433e7aa2af42d921c412ac659f8e6292bf0bd56,ngageoint_opensphere
5001,5436809be423df79cb3d4c68d13cab88341a93ae,ngageoint_opensphere
5002,543ac6fd8489f51794542e95030845e2214737b4,ngageoint_opensphere
5003,544312ae5034ec2c16e4442be4fd0b0bbcebcc60,ngageoint_opensphere
5004,5445e47ed094fac84ee56921ca5222f90e67ba35,ngageoint_opensphere
5005,544633f0f7f0009e8bf834fbcd20878bad04514e,ngageoint_opensphere
5006,544bd5e007f593dfcadd0e1c22ee2a3a16cf57fc,ngageoint_opensphere
5007,544d13d97a4e8b617964815e7174e8da3157269a,ngageoint_opensphere
5008,545053d95e7fc11d02ab2312df2f049ec59ca91f,ngageoint_opensphere
5009,5450779f8eb8124c6669bd3f07449e96564b8463,ngageoint_opensphere
5010,5459096b2b638d0249b7870b4af66c40ae43b5d6,ngageoint_opensphere
5011,545b43baba0019bf69e31b6db00d708f1eb81310,ngageoint_opensphere
5012,545d100393153e8acf1fbf443202c91761644c52,ngageoint_opensphere
5013,5461d45ba907cb2c93f34e4a82b0d6d596bd97fb,ngageoint_opensphere
5014,5464596d983dd4c615daa72614eeb39fa59356c5,ngageoint_opensphere
5015,54648131ea012fbbbbefd2709c49dd164640003e,ngageoint_opensphere
5016,54679fe3c923ba60039e50a2231790d10d4c2c44,ngageoint_opensphere
5017,5469e2646eef3da45d8085ffc6e2b67dc508bbff,ngageoint_opensphere
5018,546e8d0e8b8f7fdaad23a998d13982af824cf7f5,ngageoint_opensphere
5019,5471f8dfddb177842608854aa2000a6f036b2b5c,ngageoint_opensphere
5020,5472f6a83a4c3d55bc0acaeeed02b12c9780537b,ngageoint_opensphere
5021,5473a905cc566fd6413ae7bec08eb76360d33ec1,ngageoint_opensphere
5022,5474810bf8cd2db208b479bc41a80f0242df3c5d,ngageoint_opensphere
5023,54781367bfada0ae9a912231dda4c8b174cdb17f,ngageoint_opensphere
5024,547dabcc47f6ec4e2cca644911c09c3977a1b717,ngageoint_opensphere
5025,547f62c16e60338addba854cee913cb61b0544c1,ngageoint_opensphere
5026,54824a748b0495ed7aa43eea90f7cfc022c5b14a,ngageoint_opensphere
5027,5484c06ebe2dc93a2ce5168087bfca16f92ea431,ngageoint_opensphere
5028,5487173ce9fe81500e8ef5753e63fd0355132fac,ngageoint_opensphere
5029,548b372fc951fe86dac6623f310e70a5cb67f183,ngageoint_opensphere
5030,548cd2a496ee57722e91f56d4b02f0943da0f038,ngageoint_opensphere
5031,54941d8e3af6d5844d65b0a8cd166bcaec1d8899,ngageoint_opensphere
5032,54a253098cbb14cfeb07e88c9764d65b5965a6f5,ngageoint_opensphere
5033,54a500ac52dcd2a469c44341d3733b965a547534,ngageoint_opensphere
5034,54a673015c50590078ecdd0df66e7acedfd8f0c9,ngageoint_opensphere
5035,54a75f09b4e2b0200f6d4bda6200827e1605dbe7,ngageoint_opensphere
5036,54b81d5a745ce0528d79e8cb3c598abe2b2b1b40,ngageoint_opensphere
5037,54b94abc943f6b525dfd3904baa4248b7db76814,ngageoint_opensphere
5038,54c288486b5743104fa0cbeb79c373181780d5c6,ngageoint_opensphere
5039,54c64e230ebb83ab32d2afbcaeba7e5f0e09d6fb,ngageoint_opensphere
5040,54cad0972ec982dee55a44946cd55a09ee307456,ngageoint_opensphere
5041,54cd9541cc54ddf58b37ebaa183ae4beeeb20387,ngageoint_opensphere
5042,54d15ffd21fd3dc48698db31501c224033dfb250,ngageoint_opensphere
5043,54d1fdfbacea446cb4dca5283745d906cf9a5e65,ngageoint_opensphere
5044,54d378a5e03d011cea62cbcd5f41d43e106ecfc4,ngageoint_opensphere
5045,54d47e54354a9d02d8a48cc780fcc468c5992032,ngageoint_opensphere
5046,54ddb31ccbeb124700593497f4639e209e6fedfb,ngageoint_opensphere
5047,54de3ab2ac2383623a2a90b81250198247ffbc85,ngageoint_opensphere
5048,54e16c2c671387795feb32870ed37e2dfe14e5d1,ngageoint_opensphere
5049,54e18b7ede72b7d33f686ca019366df90d6201e9,ngageoint_opensphere
5050,54e63bd572f07767e9f9a41577acb6615f5680df,ngageoint_opensphere
5051,54ea39aa42687294c4b85b27e062f1ae907a8a16,ngageoint_opensphere
5052,54f58844b385fb224a1c900d036a8004f8c00415,ngageoint_opensphere
5053,54f6636fe36d70d5e518e50686131e294b4021f6,ngageoint_opensphere
5054,54f8dd729dd6d334d811d17f5b482a8b365902c6,ngageoint_opensphere
5055,54f92ed52d74116c7557817007fc767016c27628,ngageoint_opensphere
5056,54ffcac8c70a8e33551ce4ceeecda0bbbd3704c0,ngageoint_opensphere
5057,5503dac8e3c19246741b6c77bd4085e0450e4097,ngageoint_opensphere
5058,55081fd79d53304e0ef0d1d2b1753403ffb70474,ngageoint_opensphere
5059,550d3d40975f2434057dfce1562f7037a6dc9e50,ngageoint_opensphere
5060,551230b271d09e0095145c4b4e2c5c059ed2b4ef,ngageoint_opensphere
5061,55125b20426c830e460c86671c72e7a7d083a762,ngageoint_opensphere
5062,5515562d173ef6a9b9d581476e70c347afbd7ffe,ngageoint_opensphere
5063,55178922c3888ea8c218388492745d5b32aa1348,ngageoint_opensphere
5064,5518abee70e9974348a3f86db7993dff5b1cfa44,ngageoint_opensphere
5065,551c9450bbcff12b5c40f8b694825b491dba2fdd,ngageoint_opensphere
5066,551f28522ba9f84d6f50d11359f414e42841e42f,ngageoint_opensphere
5067,55229ae518d054385e6b8972640fee73000c2a98,ngageoint_opensphere
5068,5528b3fe05256d9c6e94dabcde16881ea24ed53b,ngageoint_opensphere
5069,552907e700ed67f235c564f4043d4bb723e92784,ngageoint_opensphere
5070,552f48541b09fb9f7d6de71231875756139a2349,ngageoint_opensphere
5071,5531e3beb2e27c6f6846ba833e37ac0de14e5672,ngageoint_opensphere
5072,5533f9ef2b53465c891905d6b85dd0d510ac1091,ngageoint_opensphere
5073,5535e686178cf3c93341fe767979803204d0d0d5,ngageoint_opensphere
5074,553d8eb065f0ff3a0e7cf2d69add78b819721262,ngageoint_opensphere
5075,553e239282f312266deb7a2b34af442861cac0b4,ngageoint_opensphere
5076,554320aa8df8b79a5420b473fa5a5512223599c9,ngageoint_opensphere
5077,5544981530bbed439d0d5aa891a859882e004d64,ngageoint_opensphere
5078,5545a659a580fcec25e0f3880b8767ef14385003,ngageoint_opensphere
5079,5547d5331a10fcf4903fd4c9dd30a64d2899a1c2,ngageoint_opensphere
5080,554bbdf8c36ddfab2433f6d968b39cf2dc8e018c,ngageoint_opensphere
5081,554cf05078da2a8191b37b891b8245df56486bba,ngageoint_opensphere
5082,55507264fad252c2ec94a2ea4b58d3555c75108c,ngageoint_opensphere
5083,5552f7e96b0215999dd8555134f493b4b33e19fd,ngageoint_opensphere
5084,5559e1b084fa880def54f1b611169b5af856c37a,ngageoint_opensphere
5085,555c5b1a69f6bd3161a3b96037b1a175311c3859,ngageoint_opensphere
5086,55600f3934573d020923914508c9a1f1f55960e5,ngageoint_opensphere
5087,55644406d98ad803269926f42a5edef3c0929788,ngageoint_opensphere
5088,556472dfeb94fb36b5d52b42ebb1740c6373fcd6,ngageoint_opensphere
5089,5567cb8e5b2e024441af40cc3a253e1cff6245d6,ngageoint_opensphere
5090,5569e0c46c9c7217f7d2151f78ff161b4fa67509,ngageoint_opensphere
5091,556b1fb795a9c8a680e681882cfcc376ccd37a0b,ngageoint_opensphere
5092,556be7b926df692888dd292e9e87e0ac92875fe2,ngageoint_opensphere
5093,556d46e1af49ef05919a6b8e8cebf46da8ab69ac,ngageoint_opensphere
5094,556dbb18b3d29adcc8854f0ecbd1cace4f466c54,ngageoint_opensphere
5095,557177075a61173a6bfb1770d14476b29a8f74bf,ngageoint_opensphere
5096,5574b6c3226248e7afbe04eb39cfc5872651b8eb,ngageoint_opensphere
5097,557776b1fb936ad0df8015720e3f06115769de37,ngageoint_opensphere
5098,55778dd68e43c7665faf09c4baa93bfe0b09904c,ngageoint_opensphere
5099,557ae3f33b677210e087b592041cf1f23d64e215,ngageoint_opensphere
5100,55870d36e56724763524ae281c865ebfd0fda144,ngageoint_opensphere
5101,5589b10766e7fe3a45d19b3c930f17efe3998137,ngageoint_opensphere
5102,558aebc0cdbf9944ea67b1fa1fc145c2c4c931d9,ngageoint_opensphere
5103,558aec7d6f780abd13cdf1309f587b6b3a603846,ngageoint_opensphere
5104,558d367b911213ba0075e93df993b842e3d97783,ngageoint_opensphere
5105,55906310d2fa5c09b6c3b49df128f27b8dfdd3e6,ngageoint_opensphere
5106,559dec9043586e53dca641b855fecb2726da165c,ngageoint_opensphere
5107,55a494e445bfa01f7ea82637d479d152fc06e789,ngageoint_opensphere
5108,55abc62942f2b137dd413f8c5e5aa7e37f42953a,ngageoint_opensphere
5109,55ad6ad87ff21fd0112866920762b41b6b89b579,ngageoint_opensphere
5110,55af46b4e82ca38c4901d4c46924d395d2ca5785,ngageoint_opensphere
5111,55b0040a8b6b63b788dc58674a050f8275811c36,ngageoint_opensphere
5112,55b4c652cda39e07d41f91bbef460c2bb9c1c3a1,ngageoint_opensphere
5113,55be222f8d70f27d0c2300b6946285e729b5ce79,ngageoint_opensphere
5114,55bf63af62d450dcaee75e127fd2aae238953ddf,ngageoint_opensphere
5115,55c8217604bcae116058ccde1698ef5381e12676,ngageoint_opensphere
5116,55cc88cc9ab67b79a39fce5687b07d050dd55889,ngageoint_opensphere
5117,55ccb009b8901e198b091a7c47487e6fbb5e5f2f,ngageoint_opensphere
5118,55cf21c7a5d335d2a17b1532b0d0e3e8376a75c3,ngageoint_opensphere
5119,55d2e5b770ffc1e5aade9b6f6ab72c0f52c87f2b,ngageoint_opensphere
5120,55d48fb4df23b5de9ddc3812722489fa0138b515,ngageoint_opensphere
5121,55dce78a0f53beb515089f1ed2950c331f1bb1e3,ngageoint_opensphere
5122,55e0fda482db9e2a7a7d6be32cc3a02c4d9b0b71,ngageoint_opensphere
5123,55e4030b657e991c1ace5e72365367949243ee83,ngageoint_opensphere
5124,55e89db64387bb17be53eebb9832ef912778bcac,ngageoint_opensphere
5125,55e9aa82c289644d13468dabed28dc93f8e88542,ngageoint_opensphere
5126,55ea9eacb9d110c72e37b75cad03b09dd8f9a8eb,ngageoint_opensphere
5127,55eb9761d31552392493241fe004cb350421df8b,ngageoint_opensphere
5128,55ebc79dc4fcd83e455e7983eb2752cdb0357fe2,ngageoint_opensphere
5129,55ec2deaae904557ff9e0797d21875f0a397414e,ngageoint_opensphere
5130,55f0d834f1a0fa192079c76df0bb74872d77e493,ngageoint_opensphere
5131,55f48c28a2b626d2e71141f274b2f3e81b63eaf1,ngageoint_opensphere
5132,55f624ffd01cd4e30e70f5025d68c88d7c001ba9,ngageoint_opensphere
5133,55f88875dff42b2efd33e7924bfaafae25b3b583,ngageoint_opensphere
5134,5605ded25b4cf4905c3001ca28c514a585a53cac,ngageoint_opensphere
5135,56071a3cdbf85c22c13978c80969cbf3099ac2b9,ngageoint_opensphere
5136,561227aebd36d64cfd91df3114c34dd6f36f8830,ngageoint_opensphere
5137,5616cd2cc6fdad22a149685cdb2de3b5d2df5a02,ngageoint_opensphere
5138,5618d97d70a1ebc1ac840890bb6a3f14d8a458da,ngageoint_opensphere
5139,561cafe440c1638d8bd5a8c8c2d8789130cc1679,ngageoint_opensphere
5140,561d350048e2551e3fa99a03223e2609ba579a66,ngageoint_opensphere
5141,5620bf29fb7fc9c7bc078405f1e4569a15faf22b,ngageoint_opensphere
5142,5620fcecc20a5d179190ebd074eb6b1299edcfa4,ngageoint_opensphere
5143,5622285e493664fceb7bb391dfc42270c81876bd,ngageoint_opensphere
5144,562db4f8c5a65013dd9584af27b48d876d2463f9,ngageoint_opensphere
5145,5632738179bbe774b3297f0e7b41c1c444a90cc7,ngageoint_opensphere
5146,5633d5e8b4edd8fbc1637f67a7f63091b8ca3ee1,ngageoint_opensphere
5147,563656a5b641553831583a526966985c5213155a,ngageoint_opensphere
5148,5641390ab012517a3a4527c4b8faf8098a472c4d,ngageoint_opensphere
5149,5642731cdb5014492a3e3c4371c66575d0923723,ngageoint_opensphere
5150,564aa46f399a2e957d32bf1b803d09c26a87b2cb,ngageoint_opensphere
5151,564f99472968eb2bf57822b65cf5e6cdc7d4fcf7,ngageoint_opensphere
5152,5654efb90b36bd1ea45f72f107891bb48ef998b4,ngageoint_opensphere
5153,565b76700850a0fed92790087cf14b02bd86e9e2,ngageoint_opensphere
5154,565cbc04d49eb9d428fbcaf9e0d5118827f2a6d4,ngageoint_opensphere
5155,565d0c7f9981874e42f096d4cfe8e71d751fde0a,ngageoint_opensphere
5156,566046318c7a2c33e91286541cab5d519dbc6d79,ngageoint_opensphere
5157,5661682bee6ea5276487cf6631015bb269b45708,ngageoint_opensphere
5158,5664b9c42e431e40ab206ce93f8f1409a9d4ee83,ngageoint_opensphere
5159,566a57221450e224122958698f979659f112da84,ngageoint_opensphere
5160,56766638f8be782017e52aced705c21ef7db5cbc,ngageoint_opensphere
5161,5678efcec3dadd08cb586e49c91207a94aefc499,ngageoint_opensphere
5162,567a8214678d8830231cc39ba461c85b3fbe2794,ngageoint_opensphere
5163,56820f4a57ef5b11f769c9d3c2c6489894bd59c6,ngageoint_opensphere
5164,568aefb1adea6412ef0e1546b5f6ef2a9cea73aa,ngageoint_opensphere
5165,569516e20b7b3d19c369ee512782d8aff5790b42,ngageoint_opensphere
5166,5698cb02a5969c54b002a6971f215eef860e288e,ngageoint_opensphere
5167,569c017c67bd0397f61ee2e89b27bc75b1d9f3cd,ngageoint_opensphere
5168,569eac60a9fc0b3f13f8d479e4b972de3d716598,ngageoint_opensphere
5169,56a37e3fb450efa7ef5695e5076a677ddd3b4ed0,ngageoint_opensphere
5170,56a5b2a12cdb8c44270dbcb12c53cd5eebdb3edb,ngageoint_opensphere
5171,56a870793483a279b9026ca083c9a8c2d302b8cb,ngageoint_opensphere
5172,56adafc9e05500899ee393b1141647c99742aa48,ngageoint_opensphere
5173,56b1c9d2dc6b8e613390df1d97ef0dc56a90c812,ngageoint_opensphere
5174,56b1f56d3fff47c6b27da7350871dcbea8be2d08,ngageoint_opensphere
5175,56b84b246a6cc38a0a487231cc32d8f214988e2e,ngageoint_opensphere
5176,56ca8ca448e1438b5e4965edd05c04a94bc40dff,ngageoint_opensphere
5177,56d150e5c4f67cf86c858cbdcb2209ffed75c437,ngageoint_opensphere
5178,56d15fa087d328119902cd56abacee1f678d33b2,ngageoint_opensphere
5179,56d205df8372c139ebdcf3f69f2e4fdea419b105,ngageoint_opensphere
5180,56d313c93480d4b9e995130f8831d5109d01722c,ngageoint_opensphere
5181,56d417e5c86674f7a79c3c0d57ef575b054390e4,ngageoint_opensphere
5182,56d4a54740ad6f29657086db62df8177ba2039ed,ngageoint_opensphere
5183,56d7706acdbbb7cadf48e2d21b150e93d95efcdb,ngageoint_opensphere
5184,56dab76112ba0800dffe1f561c66d822dfac31b2,ngageoint_opensphere
5185,56dce1ec7ec0709f21b84aa4616f5cdf201f8b79,ngageoint_opensphere
5186,56e222b48f286bc79089781a6d9f9e77e47007dd,ngageoint_opensphere
5187,56e5e3e8502bfc2a6ec83c5061b98d6badd8fbd6,ngageoint_opensphere
5188,56f3cad14f81f53a99373fc1e36d6dc6f83953b6,ngageoint_opensphere
5189,56f6c16fece142774437e010399f0237a34a272d,ngageoint_opensphere
5190,56fb3f1c8367f6e6951b50eaf02b128034b149d4,ngageoint_opensphere
5191,5700858f21e32fd115ea43a53cc9d590451e8beb,ngageoint_opensphere
5192,5704355831ff983d98b025d9b3ea9be7b0e681fe,ngageoint_opensphere
5193,571098d6c4027439f38ac8b679d8bae252142169,ngageoint_opensphere
5194,571c66d96d73b32765a1ea556c33b35b7429e6ad,ngageoint_opensphere
5195,5723f27a8a2c5ea26c9ca148a2065761277321c0,ngageoint_opensphere
5196,572a0e2e2d66a530a86d4274f7943b94fb50ba4c,ngageoint_opensphere
5197,5730c2b90ae9dce8fb47c4a725e7c38e36a2f054,ngageoint_opensphere
5198,573552129db0227ad6958f048a37035ec09bd7bf,ngageoint_opensphere
5199,5744de4352e12620ae8c10c339cce9f88007d845,ngageoint_opensphere
5200,5746eb8bdbc0520f4650a5195e40182e73bef44e,ngageoint_opensphere
5201,5747f729c4db63bc74fdc41cb00a52b2af88c15f,ngageoint_opensphere
5202,574ad800a02eaa8491f1c1cdf8aa79559fc4da11,ngageoint_opensphere
5203,574b5190bf0bd3fd764359ea6d87399e0d63033e,ngageoint_opensphere
5204,574d59461e38c8ee65a5dab4893c62537310c7ee,ngageoint_opensphere
5205,5751a2aef7383ef2a5ae94690bc9a22f7433e3de,ngageoint_opensphere
5206,575486223f21e89c4a27efa7798ccfb709cd3670,ngageoint_opensphere
5207,575b54ffbf30d9dd29ca62d932443f0ff5b9077c,ngageoint_opensphere
5208,575d74e9ac97033fe6feb1c8bb8bd765e1a1e34c,ngageoint_opensphere
5209,575e63305a6d39bf9e13a24627b555fa5553adcb,ngageoint_opensphere
5210,5768b536c5bf3a8876b44fe625b251c860ba0616,ngageoint_opensphere
5211,576a727a443fe2135ffb68770724a2d2bfce6566,ngageoint_opensphere
5212,576bf414b88af43123acf019dc88ffe2f89d0e28,ngageoint_opensphere
5213,576d2229cc77490f52a4339ec546ce566fb35c82,ngageoint_opensphere
5214,576f7547c9e06666f6c457a68890ecd5d1c49c57,ngageoint_opensphere
5215,577757ed7a28da1e412b369a81263c11a8703918,ngageoint_opensphere
5216,577872e493a81e95540bbe19b3219b7d98426366,ngageoint_opensphere
5217,577988949e8b05673b17785c85ec9eb04c5e8cc5,ngageoint_opensphere
5218,57815e5fb7acd725e43fb4217899b0b5dd4d07a3,ngageoint_opensphere
5219,5786cd7fe1b3b6f44af2a6e074ebfd5221d95fc7,ngageoint_opensphere
5220,578cb3c5aef060be9df05b1be4e304b2f226d89b,ngageoint_opensphere
5221,5792e8e32d9163fddaff44f0ad93bf02870a761c,ngageoint_opensphere
5222,5793474c72e10eeeb9c56567931fcb7da591fa6a,ngageoint_opensphere
5223,57947eaa8b360fecb6b1c987a71e277be6405469,ngageoint_opensphere
5224,5796f0a6cf59211e55c3b8cbe67cc5327a640526,ngageoint_opensphere
5225,579bf023b1907dc99011725e4aac43fa88c01942,ngageoint_opensphere
5226,57a16ee759152eb0f3a9ee334b52321adb6aacaa,ngageoint_opensphere
5227,57a5abd3f972257c68c23f759cf8e30d40f62d83,ngageoint_opensphere
5228,57b08e33f0898765b4bf9afd5fd6d88751fd43c4,ngageoint_opensphere
5229,57b780e9be2435c90a61d6aa88c452852d4da67a,ngageoint_opensphere
5230,57b851930008c9fc08a29a5528c191fb019aeb3c,ngageoint_opensphere
5231,57baaa0a2f9fa6314de8e2a838f7ba7a9bb675f9,ngageoint_opensphere
5232,57bbf79b9dd14ae7ac71700fb058791fffc9fc97,ngageoint_opensphere
5233,57bcdb3af9258b57dacb15400e27d5f4427c9759,ngageoint_opensphere
5234,57bdcad21f9fe44224ac6e3c3b1b63dc47f2c8df,ngageoint_opensphere
5235,57cfd74553af2b8ed348b6c40e4ec696a6df8122,ngageoint_opensphere
5236,57d5549f051da4bca5e004173173bcd6494bfb11,ngageoint_opensphere
5237,57d65d37bb579182710f773d7d2a87a203d67ba1,ngageoint_opensphere
5238,57de994d4287ed4fcc5629507b78d20295796496,ngageoint_opensphere
5239,57f0098a980a91da241b2c4ab71b31175c67bc5c,ngageoint_opensphere
5240,57f28d865ff9007241b149ea6ce7fd038de51cf0,ngageoint_opensphere
5241,57fd10701ad2146b564176c10cd5eef87a7639d0,ngageoint_opensphere
5242,57ff063cc3a36e75e92d6f08fb05e2552e16f54c,ngageoint_opensphere
5243,57ffbdd8fba00f4f7effd2cf913ae0b53d86a9c6,ngageoint_opensphere
5244,580628c4a318d8dc85aeb50db858426904cabdcd,ngageoint_opensphere
5245,580a2e1302bce06386443a82cbb92c44d5bcf5e6,ngageoint_opensphere
5246,580c1ffaba6f00daa5ed3425d7227ddebdc03626,ngageoint_opensphere
5247,581014ac9b0363d1622f79f95ee6b25bd4ea9004,ngageoint_opensphere
5248,581ba38a3b2094fcdc3ac4c7f37836d10edb0b54,ngageoint_opensphere
5249,581ba92975284c162830816459bd057296c77e0f,ngageoint_opensphere
5250,581d5f12e54e79bd5981543040f6650296476b4e,ngageoint_opensphere
5251,581d74305ee26f22c948c1223b4b9e6f3a09174a,ngageoint_opensphere
5252,58212489ccd54d1a9439443147d7155c7c374286,ngageoint_opensphere
5253,5825ef15b34d4c09939a0a8d0fbc8c95c0983c52,ngageoint_opensphere
5254,58269d73f600f75bb924d65a18c129f2e956c76e,ngageoint_opensphere
5255,582884c3e92f1a245dc74916b5ace247b3f469e6,ngageoint_opensphere
5256,582a6cbe1702295957735e845861e7b78a542094,ngageoint_opensphere
5257,582bd9763c81d77668ed7d54a07bb6170ecc659c,ngageoint_opensphere
5258,58301392c630d8cdc6b5bad4edce5e4c421f9cd3,ngageoint_opensphere
5259,583f713ba719f3b2832aa2bc67678d5d337db30d,ngageoint_opensphere
5260,584407a67891b14fd1d388eb2fcbc486079c74f0,ngageoint_opensphere
5261,58441956d1e4cb02810a0548d28e96cea00e56b3,ngageoint_opensphere
5262,5847c026652e63c020dd97a8589076eddc784b62,ngageoint_opensphere
5263,584c1b801218a5fa409936e436ffe0ae1219d3c2,ngageoint_opensphere
5264,584d0f65655ab0b0df52e0bbcba5af052e4a6932,ngageoint_opensphere
5265,58580af8404cae1d89f460269ba688144fc120b9,ngageoint_opensphere
5266,585dcbd15a19a406b871d7fa51e8fb65def69f1c,ngageoint_opensphere
5267,5860ef0569378ae704fd0d38a1a48070a248a880,ngageoint_opensphere
5268,5866315eca5fa4fd0f798e58402ef4f8dd223d08,ngageoint_opensphere
5269,586b453adb4df063a7ca4fb7cf2a554c26572ca4,ngageoint_opensphere
5270,586dfa5743be5c70976d234249e0b9b5434cc986,ngageoint_opensphere
5271,5874df7d0e6345268b51e249636de3a5ddaa4604,ngageoint_opensphere
5272,5879730973ae9c834788510c51b5fb597e2f159b,ngageoint_opensphere
5273,5880441197a3fcc03c46f81a4a559cbb87ffa425,ngageoint_opensphere
5274,5889aad770dd4ea3a7b218548b99621ed2bfb131,ngageoint_opensphere
5275,588c08a6cae125dcf30e40997ea9882dd2739264,ngageoint_opensphere
5276,588f80e6569f144edc8db1e5b410b479256e5405,ngageoint_opensphere
5277,5890358509a3a80527da87705f0360014995c987,ngageoint_opensphere
5278,5891371895d79cfda8a2bd13ff0f862222f925b1,ngageoint_opensphere
5279,589211de5a6643b0eb50146e8050cc930fd34916,ngageoint_opensphere
5280,58931c02c70939170bd853f06568a1d583b3f08d,ngageoint_opensphere
5281,5893f278dd9dd0360c81c74f14eaea33563b6110,ngageoint_opensphere
5282,589443c55a27adb809b905690d847aa8426d8c45,ngageoint_opensphere
5283,58961ca165b731ddbe11655a2e89ebf790766878,ngageoint_opensphere
5284,58975ab7a39eaee23ac711cb04792f7e1a3dcbe9,ngageoint_opensphere
5285,589a2feee775ef606aaa9fb34e7ad644f31389fd,ngageoint_opensphere
5286,58a2dd0395506e72c2f8e8db9e7f5e7dadee0f51,ngageoint_opensphere
5287,58a3c26b8e02a94e60d3cbe1f4df21c445b137d8,ngageoint_opensphere
5288,58a3d1551a64b0b05a055c9411d050f086f4705c,ngageoint_opensphere
5289,58a5b1d89e531f8bc7080dc2a7753bd489fa8274,ngageoint_opensphere
5290,58ab64e057798c4b9b028784f32c624bc4089e3b,ngageoint_opensphere
5291,58ab69632347a242028042ab523db591d1dac248,ngageoint_opensphere
5292,58bd10d7f2c78d1aa116818240ee5f5a8d8e6dd8,ngageoint_opensphere
5293,58c2e37a0c91bf9af5d84421091454d6b4e04f54,ngageoint_opensphere
5294,58c5f456b451b7cb69723740f50f168a64a0521f,ngageoint_opensphere
5295,58c61ee0b532228c40404c29bfa64156935eb671,ngageoint_opensphere
5296,58cd5a660c679e421ba7e45ea44b87ab812c1637,ngageoint_opensphere
5297,58cf58972714be31fa31207b5b3a1cdf09c72261,ngageoint_opensphere
5298,58dc01bcfcc6c126f2ea6f47a7952d8a617ba1b3,ngageoint_opensphere
5299,58dc569d0d063f51392717f6de04a9ba7c7061d0,ngageoint_opensphere
5300,58ddd3f89f3550386a1663c83952553c22cbed29,ngageoint_opensphere
5301,58dee27f6d6669b784d27feb86acfcc5a1568683,ngageoint_opensphere
5302,58e42658c486f54d723733bae427b80927f761dc,ngageoint_opensphere
5303,58e7a7c50f62d7ebd03d8d4984b8521b39a17519,ngageoint_opensphere
5304,58ea3ccd9cbbbd34351a3b08d8bbbd52e2fc232a,ngageoint_opensphere
5305,58ebf8ea4fb3867ac6ef1366bf7b09a19cb91e35,ngageoint_opensphere
5306,58ff57358ad0add04dab99ccf45809f184968e91,ngageoint_opensphere
5307,59048b375708cfbcd27327b6815efc3564bf809c,ngageoint_opensphere
5308,5905005636013039e54b1837bf137316ff5c4f10,ngageoint_opensphere
5309,59082da5245f1acc4421615c78f0146e5ca667ae,ngageoint_opensphere
5310,59115a35667baf2a739495e276bae556eaba1b03,ngageoint_opensphere
5311,5914d68e8c9df3ef5a723e951b824419feddfc0d,ngageoint_opensphere
5312,59179e70335646f7224dd3cf1ab85db364618b59,ngageoint_opensphere
5313,5923f84359ab4da6db00d04014fd651f2a02d417,ngageoint_opensphere
5314,5924c282763301a0e3de27760ca1ae159552926a,ngageoint_opensphere
5315,592d00ca6614ce39e91547a9b886487013b87bae,ngageoint_opensphere
5316,592f9de5b795406b86fb332b3e32f668e6910862,ngageoint_opensphere
5317,593a1dddb49999f6a20a63fcc3d85f56d6ab7d02,ngageoint_opensphere
5318,593c7df5a16a91e93e4ac14ecd343dd790ee6d06,ngageoint_opensphere
5319,59406e7927382ef531e52f4ae66614212be29148,ngageoint_opensphere
5320,5942ac953f2f5b3a1464cb70f0dda7d8ca7303ec,ngageoint_opensphere
5321,59553b61e45c64fde90530c45ccad3179e9a3633,ngageoint_opensphere
5322,595807d78baa5c8b04bc97a901cde5ce1e8a8799,ngageoint_opensphere
5323,595b138e1ef35d920f91d6ee800ca6b8a6a83154,ngageoint_opensphere
5324,595b30d8ed0902d3fcd6e4eded3de5a5300189c3,ngageoint_opensphere
5325,59609f81d1f27b39bf9b3c77794a14f166a3c05d,ngageoint_opensphere
5326,596460c971db30f815cb502ae730867d8de6fdea,ngageoint_opensphere
5327,59661d7d231ff32c6163d9ceffec3d77ebad8e00,ngageoint_opensphere
5328,596a662eb6298a9237c8b62954c64c53a7efc67f,ngageoint_opensphere
5329,596d12f90e879649d2800d948b6ffe5c52374533,ngageoint_opensphere
5330,596d966e2706fc3fcaa65cdb166303ac9abe01f2,ngageoint_opensphere
5331,5976aba51d244fda2e12dfab7b195ad1d6c45812,ngageoint_opensphere
5332,597cadbd80bca6ef0a6fee6eafbf67a370344e6c,ngageoint_opensphere
5333,5981563b1ce69c1da5b60f0151723287de799f13,ngageoint_opensphere
5334,59838c6abb86e8efe97e0a43e742b798e38605aa,ngageoint_opensphere
5335,5987d44f2f7837fd65d54f4b1b487e82d7ff8d5a,ngageoint_opensphere
5336,598e0ec7a940f0675ba636ae5e4b9863a6599afd,ngageoint_opensphere
5337,598e52b64121e353f9a9f02e464a9e12623ff84f,ngageoint_opensphere
5338,599dc92ab9dcbc557b94be1133e3a31fef5ee50d,ngageoint_opensphere
5339,59a51f5ba0817ce72ed77ae1264372ee86b4305c,ngageoint_opensphere
5340,59a7f0d303faaac6eb412631c0bb30d8dfae5f61,ngageoint_opensphere
5341,59a906f1b7eb0f8aa0df7fd72e3ed357080cea94,ngageoint_opensphere
5342,59b01a29db7d25e83e4ef0b35e07285999eeac2d,ngageoint_opensphere
5343,59bc4f5b11a20d81deadee1599151085aa7cfbb8,ngageoint_opensphere
5344,59c3a3ab9c956f0f257b5137796c141d4def7902,ngageoint_opensphere
5345,59c6e12f464a2d30c6a4791c7d0e4102dcbba850,ngageoint_opensphere
5346,59ca888a895fccd3495d20622ded75c36e83980f,ngageoint_opensphere
5347,59cd7641483256f07a86d4df51fb78d04e1e473f,ngageoint_opensphere
5348,59d133f6c3192f1a73f7259721e7575cd05a3884,ngageoint_opensphere
5349,59e6cb6ea8e5e6978a210215993851f89a658841,ngageoint_opensphere
5350,59ec3eb7168df73391028fff9e2133423230a7a6,ngageoint_opensphere
5351,59f22cd8183e5abdc23343143ea1efe04af32caa,ngageoint_opensphere
5352,59f6ad2c598ae665a7ac54d59844ea5ddd9122f8,ngageoint_opensphere
5353,59fb778a183f0c72ba152b9fbd9e6a0814805b27,ngageoint_opensphere
5354,59ff33bfcc4ec209047790ca2fb2178466353e6c,ngageoint_opensphere
5355,59ff9820e96ac17dd3f3aec2343d24a8f18a5ffb,ngageoint_opensphere
5356,5a045e108a57999b11bb4052a7dad36bf8be607e,ngageoint_opensphere
5357,5a052bfaf10e1ec16416fe3fc36206378b6d6e22,ngageoint_opensphere
5358,5a07f26b7968d8ba59fea7ea23f3016e5ca029cc,ngageoint_opensphere
5359,5a083db41d98a260c56a9ed23057816bf564a6cf,ngageoint_opensphere
5360,5a0e151d78fb0818b5d51ab17a4cc9d389b11845,ngageoint_opensphere
5361,5a116a2f60087e124a94146090bfb1d3f6f23858,ngageoint_opensphere
5362,5a12af2b8ee222a31d3b35e3349d79ab90281ad8,ngageoint_opensphere
5363,5a175727c6fbf1b69e258b482dce4794ae818668,ngageoint_opensphere
5364,5a20c85850cfc4a7a6910a416bd4429f678b72fe,ngageoint_opensphere
5365,5a23c54acedd40dee9c069261d0e38c19b3d26a0,ngageoint_opensphere
5366,5a2cd69fbba252a2d6087d5ee24f071e7241d96f,ngageoint_opensphere
5367,5a31fea6b9fc8b1f1e7cee4ee2f3c8c0787e34e9,ngageoint_opensphere
5368,5a3827fd70813064512b68f6e2ce271e2a926c92,ngageoint_opensphere
5369,5a3979912ba4f8b341e9bc6f712637534831c748,ngageoint_opensphere
5370,5a3c928ed6cf25dafc22a31daa21b8d346cd18e0,ngageoint_opensphere
5371,5a3f43912b27cd2abe48bf66b3c7e76bfd7fc211,ngageoint_opensphere
5372,5a4f8504eec1f8a0d8b90bebc460299b303d8853,ngageoint_opensphere
5373,5a51873652ba4ea6debd8363e6bc5df57e062ac9,ngageoint_opensphere
5374,5a52b0489cf156c464a2b12e12b7a69535ee55da,ngageoint_opensphere
5375,5a54c4017388219385e0fa0b395a9157b65b3896,ngageoint_opensphere
5376,5a60cdcc1574ee594bb1b805077f743c5ba56f74,ngageoint_opensphere
5377,5a6bc4d57746d980e99cc1a286c02705b723ffe4,ngageoint_opensphere
5378,5a6c0142be1b9bf1d964837965b9ff8616d960f3,ngageoint_opensphere
5379,5a7a977dfd7f5dfff8b52c1b38fd2ccc99673c58,ngageoint_opensphere
5380,5a7b09fce9ac8cf4fc2f891bc7cd78b6d4b4d6a9,ngageoint_opensphere
5381,5a814144052f21db9b4c061584ae28e6a9c07795,ngageoint_opensphere
5382,5a8686453560cf9747b2937f8393f97fdd0067f4,ngageoint_opensphere
5383,5a8ba3a54a6a1e1863a4795c3a7730bc125b657b,ngageoint_opensphere
5384,5a8bae3ac4059cd65dcc04d15681dee01b3c5185,ngageoint_opensphere
5385,5a8bc9feabd3b8997d925c9ba7b7bba42d3bf15c,ngageoint_opensphere
5386,5a8f47987308e896beddd7c84b720ec33d9e8242,ngageoint_opensphere
5387,5a9303466083ba25f9adf8983b8bd5cb2fc718c2,ngageoint_opensphere
5388,5a93aeeb079f96e0566434b0f7f901d13241b8fc,ngageoint_opensphere
5389,5a94f369ab0204b3e00f4eec1515f6cbd2e5ad5b,ngageoint_opensphere
5390,5a99c1e6c95eac9d4a942cd21b758a3651f08ab6,ngageoint_opensphere
5391,5aa2dd90579d2ce2714a01571df2fb038e8c76b2,ngageoint_opensphere
5392,5aa6356a092e319021d61be79a67fc04cca252c5,ngageoint_opensphere
5393,5aabad5c839cfc01dcf4d81f265bc4d992889299,ngageoint_opensphere
5394,5ab0f09f7e92d9554fc197c2160285d5e600a406,ngageoint_opensphere
5395,5ab43d0ac3f4c4193e00a003d64b8657ba836202,ngageoint_opensphere
5396,5ab51e26f050ab2f9b9b0d17fab9dbc3ededba76,ngageoint_opensphere
5397,5ab59b91aa75c0d77f9bc255cccc450e60e705dc,ngageoint_opensphere
5398,5abd8886079e0b0aa2704a3da8ef90f1d84cfb6b,ngageoint_opensphere
5399,5abe17c18b180561c6203b52ee37eae8e58c5927,ngageoint_opensphere
5400,5ac7b81228bbcc91c9b165d678aaf5c0f69ff026,ngageoint_opensphere
5401,5ac803f7eaeb45f797bc0442c2c52b3f65e385ea,ngageoint_opensphere
5402,5aca27baadb8934693f5af9b56e9f2c425b5449a,ngageoint_opensphere
5403,5ada926df4c275b56d5168c835b86c8deeefa6c7,ngageoint_opensphere
5404,5adaaf2ce0ca97bbf0a4b9b8d817c6f8d1351f7b,ngageoint_opensphere
5405,5ade3d35ef8ad194234ea1ef570609b4fd6dfc8f,ngageoint_opensphere
5406,5ae2f1590df1d643053da7f4ab42ec4aa8b4a41f,ngageoint_opensphere
5407,5ae4a277831db59c17a0d2ad778c3c0ae8d98bf0,ngageoint_opensphere
5408,5ae698694480c86a8f720802ad399b184a8a480c,ngageoint_opensphere
5409,5aeb27ebf8f31100335621a01b1c249ae29a96a1,ngageoint_opensphere
5410,5aeb438a8a5508b5297c0615aa58af8f82f9c6a2,ngageoint_opensphere
5411,5af69b5a2a69bd4afa1377daa37969a5fc95c233,ngageoint_opensphere
5412,5af9b18515264b11d91970dbed10f9aa688c3370,ngageoint_opensphere
5413,5afaf16bae54324eed2b4b72ffbfefc0957a2d60,ngageoint_opensphere
5414,5afec1b53489765c139028a524ecb0614a622122,ngageoint_opensphere
5415,5b083a774c52e4acb430f16816565e8d5fc2bd32,ngageoint_opensphere
5416,5b0e2ffdb3d51f4dada14c829f3437f99334c7a6,ngageoint_opensphere
5417,5b0fc108b72aa2e08e71f6ca50dc06618a4fc8a5,ngageoint_opensphere
5418,5b10dda2c03d29b83d4a983bb016a3ce19a87ecd,ngageoint_opensphere
5419,5b12de77af763dce1d5f45db246c409193db02f2,ngageoint_opensphere
5420,5b1754afca6b38460b207acaf43b7a1881309b6b,ngageoint_opensphere
5421,5b18c38876c3af57c4eccb21c9f3b22ba2b8c803,ngageoint_opensphere
5422,5b1a12933b05055c9172f2898e7c90cca4820370,ngageoint_opensphere
5423,5b1a5e3c7322d8edce07aa51ab8e47e1271af2e7,ngageoint_opensphere
5424,5b1ec9b5d605f85784f710ccaa977ea97adc5b4b,ngageoint_opensphere
5425,5b2d6bf5de5a8a93675f9c688f44ceafbdd85dc1,ngageoint_opensphere
5426,5b385be99a4cc96ada35bb88030df76c7cff2f10,ngageoint_opensphere
5427,5b3f08b9425c1a62c64f93c8b7a594af1f4381a5,ngageoint_opensphere
5428,5b4b85078289567e7a6edf8f104168868531bebf,ngageoint_opensphere
5429,5b4f0e0fa06eba266f1e65bcdbc307a37d7ac1a7,ngageoint_opensphere
5430,5b4f85f17c74c0903ba5bf26c76ce0ae06fd37db,ngageoint_opensphere
5431,5b575ee851a2e642a338b589d4e8533107c05de6,ngageoint_opensphere
5432,5b59c5ab82cdf5c2cd86c12eea9e0fef2847cafc,ngageoint_opensphere
5433,5b5f259e432aa3f2957eb44e158b1071997867cf,ngageoint_opensphere
5434,5b61252d4151ecbe7808ea1691527793fce8b432,ngageoint_opensphere
5435,5b62b31e7dd312a1d3c95cf49974b3e2d0dffd02,ngageoint_opensphere
5436,5b62ff9324be222c1292550971e802426843721a,ngageoint_opensphere
5437,5b6377040b8e74c38fba2c23c70f9bcfd0ee9fe6,ngageoint_opensphere
5438,5b68ef3a9f47b22ca98c928cb0367edb8b76d704,ngageoint_opensphere
5439,5b711a47a1cf1e0498d4c0227e70a6396f1aeb29,ngageoint_opensphere
5440,5b735030501f820e43f4ce18b53ecf4acd01ad0a,ngageoint_opensphere
5441,5b73bfde7147b7280e32715b3a4fc7dfd9d5e693,ngageoint_opensphere
5442,5b79089d0f1ee7f19be1ab88b839d7815f9be6aa,ngageoint_opensphere
5443,5b7ac02824ec0edc42735fd93b0c35c7461a1575,ngageoint_opensphere
5444,5b7c75d783c32b37c8864ffd93b83bed9cb33d57,ngageoint_opensphere
5445,5b81583f13cbed7fb3afcd5694b08c236fe61c0c,ngageoint_opensphere
5446,5b8562f946270857b1dcfde91f646c125ed6af03,ngageoint_opensphere
5447,5b8b40e3d57ed3bceffa094d73b7db676bc3cc1f,ngageoint_opensphere
5448,5b9508fa968867470d7d8ccbbb4f4f3421d75fa0,ngageoint_opensphere
5449,5b99321276d50836980387252d203c693843b67c,ngageoint_opensphere
5450,5b998c09ab4c774d52afead2694f91d496bdc76d,ngageoint_opensphere
5451,5b9dc9771542450333c1c62019319501aa1172da,ngageoint_opensphere
5452,5ba773e1e9a5afeebb3bb5d5879adcb516406714,ngageoint_opensphere
5453,5baab537f995c735f1b92a4ab314b3d2f8873645,ngageoint_opensphere
5454,5bab15e4bdbb7ccd61d1f1c5205c39cdfa882902,ngageoint_opensphere
5455,5bb0db395e918af723048458f91e73598f91174c,ngageoint_opensphere
5456,5bb17f6f844a2a3ba54a2a71a62793ac1ff7b19c,ngageoint_opensphere
5457,5bb4c679a8c3055fb43cc571ceea47275e0019ec,ngageoint_opensphere
5458,5bb5946eabbf2118287a52b36b3bc7fa3fade322,ngageoint_opensphere
5459,5bb5f51f88c39639977fb53118d62a9ea4de5d94,ngageoint_opensphere
5460,5bb860aa2cb65112931e94e14d5b82040f08bad1,ngageoint_opensphere
5461,5bba16317a1fb29f5cc2aead917c6ce3c21c0197,ngageoint_opensphere
5462,5bbf7e54628953bb0661c192a07966e3b8b61ad5,ngageoint_opensphere
5463,5bc90351f7ac092649385afe72294473f86386c9,ngageoint_opensphere
5464,5bcd4d307765b6346105702f5d165fc593159de0,ngageoint_opensphere
5465,5bcfa77d122bb95af1f3c651af771c1b5f16358f,ngageoint_opensphere
5466,5bd484996f18b71d35374d7c6c9d2e71b4acec9a,ngageoint_opensphere
5467,5bd690f3cd08e70f0b4980bb8b8db1c161423068,ngageoint_opensphere
5468,5bdb471c62980481b661e04b994f56566898443d,ngageoint_opensphere
5469,5bdd593b8d6dad7a03d80b0a927bf41027256cee,ngageoint_opensphere
5470,5bde2f9dc8b44dd139f90d16dae6334081cc47f7,ngageoint_opensphere
5471,5be3c0acdc9bbf2e8819189162a80e009f163d40,ngageoint_opensphere
5472,5be5aaea59d483dd1b0d9c61cbf8cb40c39cfeda,ngageoint_opensphere
5473,5be73b30f79a234a0db27db436bda4dd10169efd,ngageoint_opensphere
5474,5be9d3f2f30a129c6930be85de006e13706fec08,ngageoint_opensphere
5475,5beccb774d73d44f7beefed1ab17206027ad2af3,ngageoint_opensphere
5476,5bef0646c1d11c936cd2e17e4895d86ce8c03659,ngageoint_opensphere
5477,5bf11690b00bb29919c061f4fbc0f480faf8e855,ngageoint_opensphere
5478,5bf264de717373af40119d8e9f01a1fefe120e68,ngageoint_opensphere
5479,5bfc4100ff3ed8e0d9a76ec4ecb34ae0993a10b3,ngageoint_opensphere
5480,5c04902eb5a60c4bccb71e22563ffab521b42786,ngageoint_opensphere
5481,5c0c87dcb1313c62dea3b83dfa7ce264c9e6d990,ngageoint_opensphere
5482,5c1b6646c84d4a58b1a5a1bce1bb97790e4c1aca,ngageoint_opensphere
5483,5c1dfe3a3a5af91be78f5545477f02f5dcdffdc2,ngageoint_opensphere
5484,5c2618e4c488f35024fd7a397e97d751c57a4c81,ngageoint_opensphere
5485,5c2a3623fe32197f8418ce6c2099bca4c0fa7f01,ngageoint_opensphere
5486,5c31155e685be55339530d2384ef84f7e827a350,ngageoint_opensphere
5487,5c35deaa2d46dff5c6c0e55f1750b2129557b784,ngageoint_opensphere
5488,5c37e5d8cc0fd1ad38d6e1eb90e9f1d584f02d96,ngageoint_opensphere
5489,5c3bfa1bd3431a84508fedf919e9c48ede991c5a,ngageoint_opensphere
5490,5c45180ac88ec4095737389d0718c589bdccd2be,ngageoint_opensphere
5491,5c4624d6c4496cd2400c7b144edfad183921c77f,ngageoint_opensphere
5492,5c464ea2d3a8e7fa2e46a94d4f4a80cab1b63fcd,ngageoint_opensphere
5493,5c48fed4b8469b946bf7f6aa9328846078302056,ngageoint_opensphere
5494,5c4cc66ca91bb1e2877dead2f822d99fc7c69ba2,ngageoint_opensphere
5495,5c4fe92ae54e97ef94d55a625d0b3ee77e618f91,ngageoint_opensphere
5496,5c508ba4e941949a4918d1d0a2ba9979cc55c846,ngageoint_opensphere
5497,5c52f20e41c1e47a6ad6ace0f2dbc7c4da4156b6,ngageoint_opensphere
5498,5c5412b7d53d6b4d321093b47492480ba080c32a,ngageoint_opensphere
5499,5c55428a3f06ddfcff90d848f475bc82d02d011b,ngageoint_opensphere
5500,5c60185415a701da4ba22f810965e873245dbfb8,ngageoint_opensphere
5501,5c6abb7dbfccf8d4c0e4274801d7eb187ac95dd0,ngageoint_opensphere
5502,5c6de764088b9cffd998c6f84c7de07597256c4f,ngageoint_opensphere
5503,5c743c0e6769515c3168630fcbcbedbeb6750a2e,ngageoint_opensphere
5504,5c8013f72f1db2fdb96f9a953e580ab7d0301647,ngageoint_opensphere
5505,5c82d0dcf121cd6741dcbc766bc87c9e872eb33c,ngageoint_opensphere
5506,5c8a352cc2b43dcde84c16099246ecf3fbe0ee8e,ngageoint_opensphere
5507,5c92897c765f5d8afa9b56535f0d48ed9e0eb8bc,ngageoint_opensphere
5508,5c95b8412841909a7ebe804674fa45e4bd3c0cc2,ngageoint_opensphere
5509,5c95facfeaf634df630e56073318e0de7e452876,ngageoint_opensphere
5510,5c98f8151bf9c01d1a2d2706b8d7c87a48f16704,ngageoint_opensphere
5511,5c9d45ffc8e0728fd40bde5f521242e3d574d072,ngageoint_opensphere
5512,5ca3183ce081c6e5a70e251c44280103e7d3c885,ngageoint_opensphere
5513,5ca3c7d7ec77389d5daa84652e1ad9cd35f7b08d,ngageoint_opensphere
5514,5ca9f3ba5902ede13e1d1624d8b10d5ab2f099cd,ngageoint_opensphere
5515,5caf97dac42df764b9a918cfa6d9b0cfb43faac7,ngageoint_opensphere
5516,5cb10d1a7d8259dc7e6b009ddc6a366289a106d0,ngageoint_opensphere
5517,5cb24f3789d95611898c2a31c1ece90322899b42,ngageoint_opensphere
5518,5cb2f1a1bb41fecda8d425c8ddcb83fa68dfc699,ngageoint_opensphere
5519,5cb45794cd699470919e5c859fb4765cd9f91d01,ngageoint_opensphere
5520,5cbe1c7f5e06275d1baea5321d81a08eac9e7d54,ngageoint_opensphere
5521,5cc03bbf69f3c5088eb266884f71998b2015ea5b,ngageoint_opensphere
5522,5cc8256fb4ecd294ce1c2ca78e7d332df50fbd1e,ngageoint_opensphere
5523,5cceca766de75f5e6e99b6da656f6cf5491f5ca1,ngageoint_opensphere
5524,5cd9b7a2cb12c875f8de6c5e519576080ec8cfb1,ngageoint_opensphere
5525,5ce1e2eff6fadc91f5f240c036bf5f91725aac71,ngageoint_opensphere
5526,5ce944fca92a52d257ba2b08ad098d21b9d37176,ngageoint_opensphere
5527,5cf0131f6bacef522a41ca59790a5a8bbdec2302,ngageoint_opensphere
5528,5cf2c01e531ab3a94110b0c0d4d84ae992bd699a,ngageoint_opensphere
5529,5cf3386cd9b62c9fc91ded2bbb898767bdff2ca6,ngageoint_opensphere
5530,5cf4db593d1da7a700aa7eb676892cee15e6eee7,ngageoint_opensphere
5531,5cf790319adf7507a4bb49ae3515add2e7fe8a13,ngageoint_opensphere
5532,5cfd62e1e93915058e5e1a36c1254a62f52c9a00,ngageoint_opensphere
5533,5cff6da5902dd7fc5f9aafdd9a4d80e1b7339125,ngageoint_opensphere
5534,5d05733ff0076ffaa11d6619f77de8e07fc3ba83,ngageoint_opensphere
5535,5d05baecc7514569c62c11b07b35fc0709a5b981,ngageoint_opensphere
5536,5d16c09bedd50c522f7975899e776c5585bcdad7,ngageoint_opensphere
5537,5d18d088032481330f399aad45420b0c1f67b6d2,ngageoint_opensphere
5538,5d19d7fbc332e6e03637d4b3f96afcb3ba8adc06,ngageoint_opensphere
5539,5d20edb4e55acf5bceab4ace97b103495c6b5b60,ngageoint_opensphere
5540,5d274939908c7ba0b019e9d6b4bb7203abcc49d8,ngageoint_opensphere
5541,5d2c947b1fe42d7c9cd428433ec55916393c9ced,ngageoint_opensphere
5542,5d2d2e0e047df46f4e5d2708700121f6bd34693e,ngageoint_opensphere
5543,5d2e01753fc13f437e4bfdd0cbfdbe94e19abcbb,ngageoint_opensphere
5544,5d2e71fba0ee58791d7d0c7b63d677e8a758e79e,ngageoint_opensphere
5545,5d349d2f7038574be677bbb733c5d4e9fe03aacd,ngageoint_opensphere
5546,5d41ba61df2cd8e5d459d6420123eea0c87f555f,ngageoint_opensphere
5547,5d4432a7dc17a01520250b28d2d20a786039f779,ngageoint_opensphere
5548,5d45e207b9f769e939935589bde74d071f172d1d,ngageoint_opensphere
5549,5d4e33a22f8c7431904f804498f7abfd480a9650,ngageoint_opensphere
5550,5d53074c0b9276f709cbaecdb87e1cb2daefc28b,ngageoint_opensphere
5551,5d53dbb0109a7a7716d36ab6044845f358c1a3c5,ngageoint_opensphere
5552,5d60a3b47f5f258cf9d299a505a857c062bda85b,ngageoint_opensphere
5553,5d6d71c996b241f9927367251f343b5a0cdeb664,ngageoint_opensphere
5554,5d7010453b491727b22a95d5da993a26bb27d17a,ngageoint_opensphere
5555,5d7033053cd369a8d3ac32f04f907e1327f61e9f,ngageoint_opensphere
5556,5d7359e9cba0604752fa11cd9b0293137c02b168,ngageoint_opensphere
5557,5d771dab67f82ca918ce2a8a679e0aea949e7373,ngageoint_opensphere
5558,5d7cf772c364b43efdf59fee78d0df6d1c217e7f,ngageoint_opensphere
5559,5d7d1957abf3e01aa454b6e2e89e29ebc5ee9975,ngageoint_opensphere
5560,5d82b2749e3283fbe45d9a1fa1b9a5931ce38e4a,ngageoint_opensphere
5561,5d8386c55269eda55f1a33613f8ae6b44e06aa29,ngageoint_opensphere
5562,5d8653e03abb9dd950cdb47324a5793e3d08026e,ngageoint_opensphere
5563,5d8b36a76dbbb7388715e93be7639af39d8e567a,ngageoint_opensphere
5564,5d8cd034f307fd790e99f2c00bcdf6071063ee74,ngageoint_opensphere
5565,5d8f9a34e3be67c7e532fed66436ab89e71f6589,ngageoint_opensphere
5566,5d909fbb042dd28540a9e54e773a1822c50da77c,ngageoint_opensphere
5567,5d9f815b215a1369fad106b02f559f0fb6ba451f,ngageoint_opensphere
5568,5da1c3ae8fc70e8054d4a7e56135008a71fd2bb7,ngageoint_opensphere
5569,5dab972e46099aa6aadb9861c26a45810e99ed7d,ngageoint_opensphere
5570,5db46d67e75c7e6e40fafef17c5f542210252e42,ngageoint_opensphere
5571,5db7cc9024d4d3a52a5fa63e66d4a978e9877a96,ngageoint_opensphere
5572,5db84f3628c98072b1e47e8bf6a78af9938462b8,ngageoint_opensphere
5573,5dbcdf517a470d9526936fdf06c8a10b81dcf31f,ngageoint_opensphere
5574,5dc3edf1fa907b58b23c1bcc3d602f1fcc59264c,ngageoint_opensphere
5575,5dc423bf8c4d06bc002167c673fac6c7ee3b6117,ngageoint_opensphere
5576,5dcbd8c40061fe7bf7d6f09aebfb6399f9939280,ngageoint_opensphere
5577,5dcd8bbcc312887796a9823e0827b4ca9c960c40,ngageoint_opensphere
5578,5dcda577deb9c36c7cf0a7ea9d95c15f20c84e0e,ngageoint_opensphere
5579,5dd074fa6183dbd1c4aeddd0bcdb104c97f87018,ngageoint_opensphere
5580,5dd53e46e3242151478e4bc5c4a339cbaa00092b,ngageoint_opensphere
5581,5ddfc4c93b1770a1ec46293373ab729c165146cb,ngageoint_opensphere
5582,5de25a1669ea2ba3e5c76310b724ed2cdf9d0364,ngageoint_opensphere
5583,5de88a6b56c27284202248dfcef139f44c7a8b13,ngageoint_opensphere
5584,5de9186432bdcd8b44019795ae83ae7ee9381668,ngageoint_opensphere
5585,5de92767124884349c56f4d1d29308c32361be5f,ngageoint_opensphere
5586,5dee7740aa972647f928b9a4a628fe66a4ba54d9,ngageoint_opensphere
5587,5def8943bc5585744267fd4527f5c1aa1689d639,ngageoint_opensphere
5588,5dfa5034a1c5804e70e9473e44f7972adc4e3b56,ngageoint_opensphere
5589,5dfb4e473b92661d358f9401651e5f12b3a6f23a,ngageoint_opensphere
5590,5dfd4725fe11cd40ac6c093c99fb698618f89269,ngageoint_opensphere
5591,5e00917d69cc05199c98bacb5b62686312d489f6,ngageoint_opensphere
5592,5e03a13374d4990e69ca975d36339397ee5323e8,ngageoint_opensphere
5593,5e0c688ccdc9779f9cb65778a7f3836bd9702f46,ngageoint_opensphere
5594,5e0d5db62a5993d12ba1088df4f77db60afc61d7,ngageoint_opensphere
5595,5e0ebe6b1de4adafa07ffb547102fb607ba862d9,ngageoint_opensphere
5596,5e10e2cca7b8b9bc576444935b3fca5adf0a423f,ngageoint_opensphere
5597,5e15d183c216f0eb272b5d0ba2d09cbc7af6bf2e,ngageoint_opensphere
5598,5e161fc71a295ad854fc5860edfe986fa59acf09,ngageoint_opensphere
5599,5e19e89b35457943d8dd73bb3e7527c13b05a2b3,ngageoint_opensphere
5600,5e22b68032dc05860d0a846cd2f5d560ee6918da,ngageoint_opensphere
5601,5e27bf0f2cb2978a7d91aff0718f6e173baa82c9,ngageoint_opensphere
5602,5e287711a5859b1be66dab0997dba77ca38e83fb,ngageoint_opensphere
5603,5e29abe50161b076eda3f0b4f822ca0fb706ca5f,ngageoint_opensphere
5604,5e2d0f285dfddb0b7ca9504d9474fc6479b9e9f1,ngageoint_opensphere
5605,5e35182bbf2f40f45d37cf194f7efbf8a29f6f35,ngageoint_opensphere
5606,5e36728ac47ad2da7ae6b5c3b03db8f6febc2bb8,ngageoint_opensphere
5607,5e368ae4180ccdd265f458703963b87be2d25438,ngageoint_opensphere
5608,5e39d8ed028af85a141b1783fd9247c0986ba8d6,ngageoint_opensphere
5609,5e3ba1213ac70413741ca79e6448db82d94c3c01,ngageoint_opensphere
5610,5e4c0da9ea1ea740b9da830664ba9fea8e4c4c30,ngageoint_opensphere
5611,5e530da69a2faf093873edc74a1ce215677c044a,ngageoint_opensphere
5612,5e54393752b3233599b19393deb0e0f3d1bbbe26,ngageoint_opensphere
5613,5e59eea88865ed41e5b57494efa324b57dd9043a,ngageoint_opensphere
5614,5e6b5ca1c8c87b299891f6708093a2f594a5c28f,ngageoint_opensphere
5615,5e6bc1233237618000428b733e4e78f18c1ffbc0,ngageoint_opensphere
5616,5e6c26a1053d0f3dbf475841f163d4b1f92b1af6,ngageoint_opensphere
5617,5e7638bcdfd5165439a6b1534c9854fe8d4359b0,ngageoint_opensphere
5618,5e7668de18af75ae5dee6add044e2f124dde5746,ngageoint_opensphere
5619,5e77fc0ed8a2976f122d3afc8365be005fb23731,ngageoint_opensphere
5620,5e788d56a4799c4de6c867ca208a1a70836661f4,ngageoint_opensphere
5621,5e7924a89869657aba4d84601dfa314b37f23786,ngageoint_opensphere
5622,5e795c91e68e1a2e602d3b69002220a4f016df15,ngageoint_opensphere
5623,5e7a7a2936663a32c75179c7e1998a65522a6ae7,ngageoint_opensphere
5624,5e7b367ded752ffb7852b9cd3856ac4305b5c147,ngageoint_opensphere
5625,5e7d497a3468969b768fa62c68c9dca4b4eda09b,ngageoint_opensphere
5626,5e7ede924bc4f1f86be86ac1406416462cbe9c3d,ngageoint_opensphere
5627,5e7f8425b64088bc889acc7991c347a392b68d4d,ngageoint_opensphere
5628,5e876310dbf45700e6561f81ab7e58901d38eb2d,ngageoint_opensphere
5629,5e87e14510460fb98a1741418eb21e20c7887b12,ngageoint_opensphere
5630,5e88ab4823feb780a641d7176375c45c6465aa63,ngageoint_opensphere
5631,5e9adca665a0850668e52299c5a5816ef03ad0bf,ngageoint_opensphere
5632,5e9b146a7550bdfd1a1e78157c0cea065dcc3416,ngageoint_opensphere
5633,5ea5b68a4860d9cd3b24f27f84584c16bd6ae97e,ngageoint_opensphere
5634,5ea60e36ac9d424b29c3d64c5b0dc8c7ec9a424f,ngageoint_opensphere
5635,5eaaefc1a5c5ce54022da29049fcc97b2c9f833e,ngageoint_opensphere
5636,5eb4832309f59ebfa42c10e7bc28d938b5fbcc0e,ngageoint_opensphere
5637,5eb4adac3c1b3fb596d8398a9d85ab1d6272dc62,ngageoint_opensphere
5638,5eb60d32f1faaa82e9569bbe9789ec4c5e0cfdf3,ngageoint_opensphere
5639,5eb78811829d7518fa78d6d970cb8f0bffd27bc9,ngageoint_opensphere
5640,5ebf5e71de05bed3df19d3ca09f5522e63151598,ngageoint_opensphere
5641,5ec29125c03e7b60b43904f4d4c9e7cbcd07ba43,ngageoint_opensphere
5642,5ec5713a480a8270a5ca97c451e2515bded6cc08,ngageoint_opensphere
5643,5ec9364af28fe9d36f967e725074b1461f42951f,ngageoint_opensphere
5644,5ecb20f8afd0cd0212aa4e9ec9c41539279563ce,ngageoint_opensphere
5645,5ed1e2dfbe7fdc1529356d5998202dd5ea7e2dc4,ngageoint_opensphere
5646,5ed57c2d3d0dbdf0c808caa33e47fa9480024e95,ngageoint_opensphere
5647,5edc2cb954c4d2d128032abdd93dda8e3e9f5f22,ngageoint_opensphere
5648,5edcdd858c0f7b27313683475dc414db0d185b4a,ngageoint_opensphere
5649,5edf56857b713744d3891f102739a22727fe3e5f,ngageoint_opensphere
5650,5ee2ff37d245fe9fa68df08e3629e95591c1848a,ngageoint_opensphere
5651,5ee88f6c5bdb1ce93851a708cea8f4dd9e293194,ngageoint_opensphere
5652,5eec3dadf37958dc6bf232fd987d019909c74804,ngageoint_opensphere
5653,5eedaed5d220d007b06e3cf24f1231ab201fd38a,ngageoint_opensphere
5654,5ef567f018138bb1b033ad423b5d21640f21014d,ngageoint_opensphere
5655,5f055ea8de79ee4610affa22edb722bce7bbb4f7,ngageoint_opensphere
5656,5f078c6cf35929602a6612b5284cead841b8e170,ngageoint_opensphere
5657,5f0ce19b70d0b3952e2d367647cc39ecb1ff5812,ngageoint_opensphere
5658,5f0ce783ad6d684f88ad9c1228097a6a37ac531e,ngageoint_opensphere
5659,5f135132868ce9743d0b7265474db237a6aeabec,ngageoint_opensphere
5660,5f13f609d443675945008b3f74c50e4b42b87eee,ngageoint_opensphere
5661,5f15b5fbc37c78f86a76a92bfb4762a60ef268f4,ngageoint_opensphere
5662,5f161fa66590bed68e4155db2d21ae26d6b45961,ngageoint_opensphere
5663,5f180ee0f5ca7f4a1195ed504bf405d81b76e3e9,ngageoint_opensphere
5664,5f195f09cbf307e7c8f1cf198587e419e7097841,ngageoint_opensphere
5665,5f207d3db8fdf29423ad53c2383bb4ae16835974,ngageoint_opensphere
5666,5f210f2946a4445adce4f6bfe587862d2ece90cb,ngageoint_opensphere
5667,5f219fa842ee94df2579e21fb6d3db50a18cb778,ngageoint_opensphere
5668,5f228e9a53c185cf8a19ca1f344e86b2e4798eb3,ngageoint_opensphere
5669,5f2a75648d397b2c75b6cd3ed904bb93f6bc739c,ngageoint_opensphere
5670,5f2e0de96d7fbaf95537023cb8798272df3b460a,ngageoint_opensphere
5671,5f2eeed9f0f63a76e1225a24507554fd73793e2a,ngageoint_opensphere
5672,5f368e3e89fa9485199b020c60e98a59e9f401cb,ngageoint_opensphere
5673,5f395a97666c476de3f3abd2419e126cd81f24b9,ngageoint_opensphere
5674,5f40f899ba65250c5573741eeea092e7fcb70902,ngageoint_opensphere
5675,5f4297ad14ac4ea112cc7c17549ce94a30d01b4c,ngageoint_opensphere
5676,5f448f07843a066feffb4abd5013ce8fa892fa13,ngageoint_opensphere
5677,5f4874c4cac6b59acccab3ca843d80051a4c2537,ngageoint_opensphere
5678,5f4df45c809713322959de96bcf803288d704045,ngageoint_opensphere
5679,5f56c2f481359973a56f05130d836da09d0354c7,ngageoint_opensphere
5680,5f5b8b22a1950c67c44d3219c6b07e47a1d3204e,ngageoint_opensphere
5681,5f5ecbefca5661ebd3cd8784f4a88d75268e3e40,ngageoint_opensphere
5682,5f5ed07a8551dec9a4476cace71297d663950d9a,ngageoint_opensphere
5683,5f5f9b577229ff42c80b53fa5c59ca36daeae559,ngageoint_opensphere
5684,5f621bd2f0da6ad092c1a028efa8107de298c229,ngageoint_opensphere
5685,5f6e00644bcb42bfafbef63c705a9e783382eb73,ngageoint_opensphere
5686,5f7653dd31cd06612a945d66fcbea64046a2c0dc,ngageoint_opensphere
5687,5f7b42b459c3e216d4bb20fc88e4b1825149bd97,ngageoint_opensphere
5688,5f81335c8abcb369a862b0428ce75ac7dfdc327b,ngageoint_opensphere
5689,5f85a7f99940f8dd380e0900c6db0fa0aa7077a3,ngageoint_opensphere
5690,5f956abeb4194d48cd79fb4a2848ff44e8eb2760,ngageoint_opensphere
5691,5f96f8eb644c2c27f5bfd9bbf3ca977d9f7aed67,ngageoint_opensphere
5692,5f9a88dc20fae8e7a303cfe3b23559560a2f47a9,ngageoint_opensphere
5693,5f9f5342ddf2f5dff9bf46d25c1b7436a994a20b,ngageoint_opensphere
5694,5fa78fe53a9fa85c027e5484e0392566d4d1f0ca,ngageoint_opensphere
5695,5fa9e976f6f4c1e9c905380e5347687b1846d4f6,ngageoint_opensphere
5696,5fab5f3473be63172eda8b5503d9ba5ecccb5fff,ngageoint_opensphere
5697,5fad539390db10f9168fc6240316015776114dfa,ngageoint_opensphere
5698,5faf2cec512e563bf6a95dd0e67cac31740d70fb,ngageoint_opensphere
5699,5fb54951a4115ad804f686067d988ede126ccedb,ngageoint_opensphere
5700,5fb7828a49a55dc1953a7969d417408ce4e99c0e,ngageoint_opensphere
5701,5fbab7029116a000dffab291ecc8ce3a78874cd3,ngageoint_opensphere
5702,5fc8c33b968846497283df45bebfc67d889031be,ngageoint_opensphere
5703,5fcb513e048aa0bd4137031abdd7b57862f4038e,ngageoint_opensphere
5704,5fd0ff453c9ef3a200fa8e77ff386231fc81e9f8,ngageoint_opensphere
5705,5fd2789f6be2e7a6ccca31c212de82bb7533fbd6,ngageoint_opensphere
5706,5fd28eb71d4ec92113019063a1f08492de489fa5,ngageoint_opensphere
5707,5fd5ee72ae89f72c82ee4c698d4ffe8f3f8310ff,ngageoint_opensphere
5708,5fd6aca1810cb66445ad9202c66639768a6398e0,ngageoint_opensphere
5709,5fd71e430f80db7a9fb3b369902eaaafcc96880f,ngageoint_opensphere
5710,5fdd6f287ebb19a5097c9788011aef6ef2ce9ac7,ngageoint_opensphere
5711,5fdfc8a38bf1f6659600daa42bafc1d980c1b75b,ngageoint_opensphere
5712,5ffa7063251c789b231e13f7007a0655d653304c,ngageoint_opensphere
5713,5ffcb32cbad0e6de84d037c3b9107b10a6c7c0d5,ngageoint_opensphere
5714,600048517a19d9ad8ea5dad80748086629e05ffc,ngageoint_opensphere
5715,6002f05958480cd5ec2dcc28e31cdddb31cb19df,ngageoint_opensphere
5716,6007b565ae7dd58456fb9d11e653f0b7f1fdd2a9,ngageoint_opensphere
5717,600df543a23cb1c8860eb082ef3c1b3201baa63e,ngageoint_opensphere
5718,6010584eaf3c071b650eb23fcd6de30c8fc1f131,ngageoint_opensphere
5719,601378fbf7df48384fe77972b065b6829240c6e2,ngageoint_opensphere
5720,60139140336d506c90a38abd6f80836b055ae401,ngageoint_opensphere
5721,601bd710570e49918e0483df7e65b6baa7a25a04,ngageoint_opensphere
5722,601d4f38f8207a427024c52fb2cb58db1d882db2,ngageoint_opensphere
5723,6020067dea3ba1f0a4a2ba1e3292129f4eed0bf3,ngageoint_opensphere
5724,602136537feb15c74a584dc386aa7b4062093eda,ngageoint_opensphere
5725,60271271b6ae6a78221f001a3af6fbd1313f48e6,ngageoint_opensphere
5726,602e9ed1c864b9612bafde05da252bd33c7272cc,ngageoint_opensphere
5727,603490254807b1a129b554c10064343d2b4a25e1,ngageoint_opensphere
5728,6036fe5e52656ff703b0c93ab2b174c0bfe79f7e,ngageoint_opensphere
5729,603a2ce67882b2237b4bd1d7cdb6f5319719f4f1,ngageoint_opensphere
5730,603ef99a3a57aa04cdd30b9bf1493d00a760b275,ngageoint_opensphere
5731,60429071580f41492b304873b5fa59820d84b834,ngageoint_opensphere
5732,6048963d565750d5c94590eeb94616a30f5fd1f3,ngageoint_opensphere
5733,604b259985f333aa4b5817d31db61a7b419a2617,ngageoint_opensphere
5734,604f58973e37d4b9497edd4a15535be9dcaed356,ngageoint_opensphere
5735,60546940455ba4eb335ddc09861cd05f5f2dc9a2,ngageoint_opensphere
5736,6057b5e4d096b88eeefe39d456e4befb06b51cf4,ngageoint_opensphere
5737,605b3643597693bdfb275bbdd6f15f42b5b85e95,ngageoint_opensphere
5738,60635a5c7eae905194221bf37ecf57e6cbf052ee,ngageoint_opensphere
5739,606785efab7d029fff14bbcce4a0b7d265bc483c,ngageoint_opensphere
5740,6076296cc3e6403e10d1b443bb7f2e09b3748ad6,ngageoint_opensphere
5741,607fad00a62064c3d9cd72ab8273e1f358a824da,ngageoint_opensphere
5742,609a870492ab9ca5b35392e18d31d119efe7e240,ngageoint_opensphere
5743,609d0fb63b76104e280220da34b6dec1d749c1ef,ngageoint_opensphere
5744,60a14b381810ea0111086c68d01864703250eb4e,ngageoint_opensphere
5745,60a2dcd8d331c9e108636a13a75d1fa788aa32aa,ngageoint_opensphere
5746,60a382b161ac12dd1a3821fd45bf95072752e042,ngageoint_opensphere
5747,60a55c0ece9d5ce279910add378c01e9bdf8a69f,ngageoint_opensphere
5748,60a68a7939a749752039b8fde14c11ff49b3b52d,ngageoint_opensphere
5749,60a95628cb279a4d5e605237e7bf6fbc025deaa6,ngageoint_opensphere
5750,60a9a4f56d52b06e62720a34b24e583257aa5b3a,ngageoint_opensphere
5751,60acb28cb14a8d9938af6ed1c64bec16810aeff9,ngageoint_opensphere
5752,60ad32462e74f04adf66faf44f7dad01a032ff19,ngageoint_opensphere
5753,60b3aaeca4412bf8a60024be9fdcbbc475b2f8eb,ngageoint_opensphere
5754,60bb665edc638f94e958e1214dd461f698dbc342,ngageoint_opensphere
5755,60bc42f87789ca1641fc2dcee245f0d44795d6b6,ngageoint_opensphere
5756,60c0c5a20778d51c1501104186619f02c0db3ce8,ngageoint_opensphere
5757,60c2a76d44bd283fd983d82f1af9db1b6e97898c,ngageoint_opensphere
5758,60c2c0d50c584bab5c39c852207eacb626b22762,ngageoint_opensphere
5759,60c4a02060775d13c87994f1a1f1123ffcf76fb9,ngageoint_opensphere
5760,60cbcc46840d432e4e3fc4a3b8a6cadcd56a2a1b,ngageoint_opensphere
5761,60cc829efd95ab7ff4a7ca7802bbdbb489d0f473,ngageoint_opensphere
5762,60ce2860293636e46576ba9414383c383725a827,ngageoint_opensphere
5763,60d3e0132697e328bf583a98e00b2c86b04b996e,ngageoint_opensphere
5764,60d71e74d811e859d21cd42804db69735e978885,ngageoint_opensphere
5765,60d80b54921ce975a6e53f988e9b9fce91a37a78,ngageoint_opensphere
5766,60d904b2651e861a84a993e933b53e2ecb9b72a5,ngageoint_opensphere
5767,60e15ebfb74819994ddafadb552ac8e7c75639eb,ngageoint_opensphere
5768,60e8cc4ef952870b37bda3bf72b8cb5c2b1a6542,ngageoint_opensphere
5769,60e8d2811f39f8162928ab7f2daf6e9b6c0ab5b6,ngageoint_opensphere
5770,60e997eb860b3b4b1cd4ce9ff30f3560d8d85de5,ngageoint_opensphere
5771,60ee2eee5237180ee603764137356e7d6e59a0e6,ngageoint_opensphere
5772,60f01658ee8312e7e1057c774fdc3462f2be3901,ngageoint_opensphere
5773,60f0d8fc2d4a9b1234917ad40bbe111da9358dfd,ngageoint_opensphere
5774,61089f5f0cc7ff06335e99af46cf3672122a87ac,ngageoint_opensphere
5775,6108cb6b33bfe82052f9cfdd0adea02f48cd2fe3,ngageoint_opensphere
5776,610b943f839ab42a8a29d2e34197a073c36327eb,ngageoint_opensphere
5777,611ab32cd5842483fa48732540fa9c4b81cd536e,ngageoint_opensphere
5778,611c9214e3987fcfa3983d9f5e1adb9aee72c894,ngageoint_opensphere
5779,611ceae83c7f9cd863dff8c7e8bfee41363ade31,ngageoint_opensphere
5780,61203cca9074ff85dee04ac39644468756a6cac8,ngageoint_opensphere
5781,61282297e7a849af6ba0134e0d80adb0d746e85a,ngageoint_opensphere
5782,6128632d26dafd10d6bf30673dd47afc948fd873,ngageoint_opensphere
5783,612de88e0906409303847588a00ed689f010e339,ngageoint_opensphere
5784,61373fcb09f10bc1fda845399cfa890290e0c287,ngageoint_opensphere
5785,613c89258d2fa8a24b882dd5de23dd57ead977fc,ngageoint_opensphere
5786,613dc7a1b1337d087b5e0050e4d6d5435eac6b3e,ngageoint_opensphere
5787,613ddaf20927db57fd710e60e0ee8610604289b5,ngageoint_opensphere
5788,61500e0d08253a7d715885a5788e396b2aded35e,ngageoint_opensphere
5789,61574d8323ebea97b2e335e100a5f235c3986904,ngageoint_opensphere
5790,615f987e16450d7adf1ba4759f1bb8e3a969c195,ngageoint_opensphere
5791,6161540233a1de1f2acfbe83cc1847c3c0108792,ngageoint_opensphere
5792,6165ea9d335cabf889471337e891bf31d51df2a3,ngageoint_opensphere
5793,617a93fa051957d17ec051a078c20ed92cae3804,ngageoint_opensphere
5794,617c70433e21f6749a9565d52db09ff3ac4301fe,ngageoint_opensphere
5795,617c7b57a858b2eab214b95ffa14915cfe637688,ngageoint_opensphere
5796,617ff01cc584018ddff540e5c1a55d851dfd7023,ngageoint_opensphere
5797,61802bdb1a4248cedb605ef35c38b1a85f93bb31,ngageoint_opensphere
5798,61868af06fdfea392383596e5fc62d90828fed6c,ngageoint_opensphere
5799,6187c34bdfedcdfa803fc530f9df511574c08c32,ngageoint_opensphere
5800,6188facec21a38904f0184e11f25d8a70d82c367,ngageoint_opensphere
5801,618b5317dfd204f65f97a6c35efb168304d679c0,ngageoint_opensphere
5802,6191191064d54417adcbbf264b00cded3cf3707b,ngageoint_opensphere
5803,61972752f18d63444cb548f35b5db682b051dc14,ngageoint_opensphere
5804,619dc4cb5a3cc403e357d3d3324aefe70bfa3ed2,ngageoint_opensphere
5805,61a82e3c5b0aff68539cb395b2e5bc7e39bfe6fc,ngageoint_opensphere
5806,61a9e0ac3ecf51111ff3e48cc3a7bd4b11f556e5,ngageoint_opensphere
5807,61abb8441dd3eea97e79aceb20280b949ac73773,ngageoint_opensphere
5808,61b45da61dee6943cef1832d9e6753138b8c8a2e,ngageoint_opensphere
5809,61bababb7016dd2d24a7a4f7381a1436b32a3825,ngageoint_opensphere
5810,61c3ec44965c819302db69cc9db43ee762d94caf,ngageoint_opensphere
5811,61c64eab5d4fc7bfed79bc11a625abbaa3f2074e,ngageoint_opensphere
5812,61c82e5744f424aa45d471a75b2ff60cdcb62c09,ngageoint_opensphere
5813,61cf7ce1dbaf5dc804f6ed32461369ad7773e04c,ngageoint_opensphere
5814,61d4e6cb7cf2eeb2b53074ba87e1b0052ae58c0e,ngageoint_opensphere
5815,61e49c64218db22f26f10fa7f177f9766c4b2143,ngageoint_opensphere
5816,61ec53ca779eb38c4f455f10cbaadd5a241449f1,ngageoint_opensphere
5817,61ee720b6f00e1a7e62e038926380d174a20f465,ngageoint_opensphere
5818,61f06beb48cab520e730367a672cc3789c21bf77,ngageoint_opensphere
5819,61f2971fa3d543e5f2d15fded9931fbf94c2025b,ngageoint_opensphere
5820,61f4166f37a6f5cbda1646f898cd1f591485c074,ngageoint_opensphere
5821,61f498b023f7dbfc5971a53aa56aae28a4d8b0bd,ngageoint_opensphere
5822,61f59f7a35bcae8d8d9dd137f19ea76c16ee5406,ngageoint_opensphere
5823,61f5b2696398bed698ab28c8e285d412483fd88b,ngageoint_opensphere
5824,61f673e9be3565eeb253533fe43b21e367be9e12,ngageoint_opensphere
5825,61f8219e34d988f6b28d72a1051c2c89830a0137,ngageoint_opensphere
5826,61fcc7b9b3df8a4ad693a7c4c111d3c075816fb5,ngageoint_opensphere
5827,6200231e98c03778bb56461bd39dfcfe4a0efb5c,ngageoint_opensphere
5828,62006413e42b954676563f30d7c9c214b5a9cbff,ngageoint_opensphere
5829,62050d9c1bc161c848c3ac06a4606a6865140237,ngageoint_opensphere
5830,6206a8a2f00c77f718a05d6bcd6a996662f020b7,ngageoint_opensphere
5831,620798d5214ebd896ca8a8de1bcffef0c4357cc9,ngageoint_opensphere
5832,6208a33bd9667f192fa0c0f5ebf2e5ddf18cd777,ngageoint_opensphere
5833,620b1254bf7c8e6795e3b6fa7e18f9f5d8fd1d32,ngageoint_opensphere
5834,620b3408f6e0428d744642fc29868a8af7c25952,ngageoint_opensphere
5835,620ebe82a11827feb479e73e8cbad1ac803558fe,ngageoint_opensphere
5836,620f18b4c9b183b20b2fe3a867876bada5eec1f6,ngageoint_opensphere
5837,6213f570e362e8eb7a95277eff38f38df993d804,ngageoint_opensphere
5838,6217b4a495172b0426881ee01a41657c5cec9192,ngageoint_opensphere
5839,6218d579ce9ada065d8a09ce406af0aa4cc18f1e,ngageoint_opensphere
5840,6218e4d379bce88b01789e7ad59d08d6e43c5d59,ngageoint_opensphere
5841,6219eb9791b5ee203a7da1e3b8ca32c525ccd123,ngageoint_opensphere
5842,621be39460f4f133f9eebea2bdf224210b6e1ab5,ngageoint_opensphere
5843,621ff0a8997c4f059eac27877fffc88dc339ef11,ngageoint_opensphere
5844,6227928ff14941c5225430e562322b655198d460,ngageoint_opensphere
5845,622a0729c66a20f61f6c2575808fd843bdc7858e,ngageoint_opensphere
5846,623040c3ffa03e89d217df853881bfbb0d6a440e,ngageoint_opensphere
5847,62382d05939451b6ab67d91dce740b7cc0444ecb,ngageoint_opensphere
5848,623f2bb35f94ba5e9c3f31f9390ef3637e250216,ngageoint_opensphere
5849,623f4e8a77733ff4cf4a36347c4dc359ade763cc,ngageoint_opensphere
5850,6245e74cc8a40e00171ce3ef7d605774a5d5e8cc,ngageoint_opensphere
5851,6249768942e73c8aa3232a594d3853a72e6e7dcb,ngageoint_opensphere
5852,624cdc736367c29dd1b9408587be38661d8ae394,ngageoint_opensphere
5853,62567e2ccaa73aed6ec381f45a8a895889324912,ngageoint_opensphere
5854,62657b39ff47a2393799e85d6b76a41cb8344652,ngageoint_opensphere
5855,62661f8c78c571d5a35feef9a10d4fd5184f0ac9,ngageoint_opensphere
5856,6268399638ec9b898e4f33d974e232ad21e9548d,ngageoint_opensphere
5857,627191b33a9f2b5464eb47322e9fd4ec082ca088,ngageoint_opensphere
5858,627e944804bad6b1d85fa5b5522c8dea786ee4e6,ngageoint_opensphere
5859,6281bf0ec0aa428ffa5fcfea9e2f506802cf18e1,ngageoint_opensphere
5860,6286b29b2913b8a114e4b601bbad12e69a1e74d7,ngageoint_opensphere
5861,628a0815f153bf8d08ffcd35f657cd14f911fac6,ngageoint_opensphere
5862,628d4e52f23a914b366b91ac69fe6d994777151a,ngageoint_opensphere
5863,628d6347ef5f8195c966dd8661ced35fedf3b8a5,ngageoint_opensphere
5864,62964ea3e03684ebbc0f82a94a3baedaf599a133,ngageoint_opensphere
5865,6299fcbc10ee42e592bd0953edf578e353aea43c,ngageoint_opensphere
5866,629fafb66312726117a13159ba67d61e6ef7cd68,ngageoint_opensphere
5867,62a33a9b9a4a66f51b4a6c528f454ff0464e530a,ngageoint_opensphere
5868,62a3959cca0f8251ec88aadd0a494cd9a7e73819,ngageoint_opensphere
5869,62a93cc36a6884794144c868967ddb0a532c7010,ngageoint_opensphere
5870,62b0a0632f097e7c0de732e661082e8ff5051ee4,ngageoint_opensphere
5871,62b7430c5044818e9b6d54e809ee6dbcd6719d1e,ngageoint_opensphere
5872,62c40bd541438b9571c1f98430036b3c902a7ff7,ngageoint_opensphere
5873,62c93d7616fbaca47dc816e2c03955d53f2df223,ngageoint_opensphere
5874,62c9e1b55ad3cd9da785ebaef1d3989c0afaae85,ngageoint_opensphere
5875,62de4192c1f99f75a3cd6a8822b116fe8ba12ca6,ngageoint_opensphere
5876,62de97932e2828dc7916bb42729e46461117a0ba,ngageoint_opensphere
5877,62e1b461fcb46353db61742b3b1270d1d0ca7468,ngageoint_opensphere
5878,62e33be7b41b11bf278f7d4b6139f420e183919e,ngageoint_opensphere
5879,62eed19e936c85c2b246a1954a002cc30c2313a8,ngageoint_opensphere
5880,62ff608c36f3cc241103ddc7635d973c74120931,ngageoint_opensphere
5881,630627aa1d4c15a9a6c0e06310b507c21a37c0b3,ngageoint_opensphere
5882,63069d7b09316a683d8a31225f1b46c8b9f8135b,ngageoint_opensphere
5883,6308ff3305553b50de7e0565c545e4929a7b8566,ngageoint_opensphere
5884,630a7c007b52b83386e63d9cb7c817d76596b474,ngageoint_opensphere
5885,630aaa7accd3f13e4b0a1a637942e1556b38631a,ngageoint_opensphere
5886,630cec6d35d6441a006c21ee46e03e72d7b919ec,ngageoint_opensphere
5887,630df0acf23dfd4c86c806370b21e2c314d95b33,ngageoint_opensphere
5888,6311521f1d626b15f04f59485de0ddceb78d79af,ngageoint_opensphere
5889,6311a270341e505700a2a849a09dff2fec720599,ngageoint_opensphere
5890,63136b7434eac96bab2f2c45a00672a12227fc2a,ngageoint_opensphere
5891,631a0e4af6383aff5e834bdebe87f5591953bc03,ngageoint_opensphere
5892,631bc9586fadaff61a9ee3b3ada565ad44397b65,ngageoint_opensphere
5893,631c94989168eb7691dd6545598772cf92c10c01,ngageoint_opensphere
5894,631e380ae5ce64249d340cf1f175130cea909d4b,ngageoint_opensphere
5895,632257ec479cf4c8392ec30e97c7c4799edf21e9,ngageoint_opensphere
5896,6322a37f24ead63f2ee17f73dc94305ca6365f42,ngageoint_opensphere
5897,632957394d0249e023a4da6b46e3c05a5a592e3c,ngageoint_opensphere
5898,63378e0c37022c1249afecf03d5df6d78cb4b7ff,ngageoint_opensphere
5899,633eaa4df7f6e641edad05bfe11453d569a86680,ngageoint_opensphere
5900,633f32f30f829f6fb4f7084bae370c5ddccaab46,ngageoint_opensphere
5901,634078952adb71b4894203485a31f897966d9cba,ngageoint_opensphere
5902,63450cb2a823d029c0359e301662e0d4135a0cec,ngageoint_opensphere
5903,6345fa69d32450071a7731ddc6b1232b3768790a,ngageoint_opensphere
5904,634c43658dae7355f4abe6ceff02f7a3ff6f413c,ngageoint_opensphere
5905,63522608ef663cef732f9275db9fb1876ec9b818,ngageoint_opensphere
5906,6352a2e7a89be512650831398d4cf9ee2ad1f7c4,ngageoint_opensphere
5907,635ac3900273f05cb21eb07092b1e800263b0c08,ngageoint_opensphere
5908,6365af8122d0da58079644ed677bab11f605078d,ngageoint_opensphere
5909,6369cbbec9b90431d90127f1bcf12cd5babd6d31,ngageoint_opensphere
5910,636a051b64f1c9bc4930a470955e1ff1243e0f59,ngageoint_opensphere
5911,636a8112ac654f32f0bbd1c444b70d992ac09603,ngageoint_opensphere
5912,636eec12a701cae2173c50e4869178fa9612a303,ngageoint_opensphere
5913,637007cd8bc46d3012a9c688258adc633da0130c,ngageoint_opensphere
5914,63776f25c58c46cd86e31ca412b65dc1643c168a,ngageoint_opensphere
5915,637bf6079034201c82012cc9be9c44dc474705ed,ngageoint_opensphere
5916,637c34b16d5ed5965a15ba16dcfc071a3c93106c,ngageoint_opensphere
5917,637e5717badc654833876b85d4bb50ccdc357bdc,ngageoint_opensphere
5918,6382f6a1253401879b8759a8e1cbba70cc86eec8,ngageoint_opensphere
5919,638677d8ec8e7aaa7fe0624acee29482eadf99b1,ngageoint_opensphere
5920,638c5180f9e9d479af08850e1b2f81dd06444189,ngageoint_opensphere
5921,638d7b311d0168f06beb1d4d589ab33ee79ca36f,ngageoint_opensphere
5922,638e10820bc44da4287267c23343b8063c5b84e5,ngageoint_opensphere
5923,6390077ca96f7551e5c95bf558fa4050d219d679,ngageoint_opensphere
5924,63944bfbf5b4ce4ab4c5e0b1bcaa01dfbb4ac6ca,ngageoint_opensphere
5925,63965092a7ab135b06a935371a1f8104123d851c,ngageoint_opensphere
5926,639b9f027b91c0d32830998d92d583b061855175,ngageoint_opensphere
5927,63aa580eff403a9f5ea2e08a078f9d8e96cbaad8,ngageoint_opensphere
5928,63aaeb5bfbcab78596551cc67b0f73c68c347bc9,ngageoint_opensphere
5929,63ab834bbfbf1df5b09e180c46bc1dec16a0d0b0,ngageoint_opensphere
5930,63b8219c5608b89eeebcd258feca2786d2ea69df,ngageoint_opensphere
5931,63ca91c83068d5b8dbc71de1dcb31b14129ea131,ngageoint_opensphere
5932,63d1ad53ccbb90eb793dda1b773189bc4ad09e41,ngageoint_opensphere
5933,63d57255739b49bfaacad9d1a75739b520f10819,ngageoint_opensphere
5934,63d611deea611703a36441470d6d9f498059cd67,ngageoint_opensphere
5935,63d6ce253ba6dbf1a486e74f863b5b177bf8a234,ngageoint_opensphere
5936,63d785287047728063f64a9f6ad6890c405816bc,ngageoint_opensphere
5937,63d9d0a8b43e443f55b9d8388f8066a295133e5f,ngageoint_opensphere
5938,63dfe3dee5d291d579d1c4c7052f64802d85cfc9,ngageoint_opensphere
5939,63e955443e9e61c57b369060c9ccc4902015d244,ngageoint_opensphere
5940,63fa401af51edd8b16c47e2310591218f09f90f4,ngageoint_opensphere
5941,63fbc17ae565d6980f18ce2fcc1b243c129956f1,ngageoint_opensphere
5942,63fd3f765408e0dbca93691ccddab461c109d7ae,ngageoint_opensphere
5943,63fec33ef4c4cb158888f9a99c8b379fef402c64,ngageoint_opensphere
5944,6405124754123d127e4bbdc242aab88bf579b0fa,ngageoint_opensphere
5945,640f5ea1973d5ccfc7855f62fa314141f5f92d30,ngageoint_opensphere
5946,6415684f2cc308339b066889bb6a60e51ed64567,ngageoint_opensphere
5947,641cdb98787df1936a0b2076b2166b31e48e96a2,ngageoint_opensphere
5948,641d55be00d85fea6a81e928197e4a7cb3d4768c,ngageoint_opensphere
5949,6420540801cb7647742f39649f4cca319998ed49,ngageoint_opensphere
5950,6423e31d98929900f91c9b0ea472abcd8eeeb608,ngageoint_opensphere
5951,6426e7a0ecd4e669bfa668a7612d12c5afacd61c,ngageoint_opensphere
5952,643034847bfef127c001fc65bdd2ad880d5faf3e,ngageoint_opensphere
5953,6433b33d8c73fc23c20617438850309d5c722ce9,ngageoint_opensphere
5954,643a235f9372e9b21a332b7cf28e5dbcc7c25cfa,ngageoint_opensphere
5955,6447b547b9290a21b684245d854f498363e148ee,ngageoint_opensphere
5956,644f5fd1d8dc17b70b2cb55931c2839d5ac54c28,ngageoint_opensphere
5957,645377fe17f25157896072121794790b2102a7bb,ngageoint_opensphere
5958,6454afc64f3c5dc616ec2d6cfd10d36ae17098f4,ngageoint_opensphere
5959,645b8d6afc2356f61c785f232657da5206e64bbd,ngageoint_opensphere
5960,6460030a231034bb35f07d5ca34e82fe47f7a5ec,ngageoint_opensphere
5961,64628b23154d7b9d4cd691e141a6cfb83d36ba41,ngageoint_opensphere
5962,6463a44b73491990097553ef2c1dfae89e3a8a6c,ngageoint_opensphere
5963,6469cd71cdc4c9b0e6d31be6e2c8839c5ef38dd5,ngageoint_opensphere
5964,646efead30dd23f52810a3dcfaabcf30e9023225,ngageoint_opensphere
5965,64707506f8b11c8d3132f0e9783e327fe8190b4b,ngageoint_opensphere
5966,64774e25de8da9f9359133d6549335f86b055f1c,ngageoint_opensphere
5967,64804913b7a8ef12ff9800021269509e14377c53,ngageoint_opensphere
5968,6480d9ba4b14d53715ca01bc061c8ecec466f7fd,ngageoint_opensphere
5969,64822a17d109f9478170e61402dcfc2d93387e3a,ngageoint_opensphere
5970,64852a1440e812f7cb3016ecc87e6659fc37bcc2,ngageoint_opensphere
5971,648ceea117b7b9cefbed28170c066697b905e1b6,ngageoint_opensphere
5972,648d19ec505e946c6f530cd8c324c281b31f47e1,ngageoint_opensphere
5973,64912e1e6a296da964c3ddbb3be5273433608590,ngageoint_opensphere
5974,64919b08d0d436b43a15873b4de99eb1dcdb00a1,ngageoint_opensphere
5975,6494c0c8e59ddce5683c0079d8c1b387279159e7,ngageoint_opensphere
5976,6495e293b7818e37147e788761263b94a47fafff,ngageoint_opensphere
5977,6497733abd4ef8aca621fee766ee6e70038d49f5,ngageoint_opensphere
5978,64991aee2386a8d0030ee1127ddb868933168001,ngageoint_opensphere
5979,649b17f1874f6ebcef68c0d5231ae21bd67f7873,ngageoint_opensphere
5980,64a1758d67b995c12a155bc2000b6feac2e98de9,ngageoint_opensphere
5981,64a454e690a7a13f823e3dd6bdab5e990d2ea934,ngageoint_opensphere
5982,64aaecfe02ebc78ad4fc71770349ddda7f38a903,ngageoint_opensphere
5983,64ab9721883c5613d2f6aceb151b80726e39e856,ngageoint_opensphere
5984,64ac3ab82e575d5569933cb7a69812dbacd3674a,ngageoint_opensphere
5985,64b5f64400aa7562c553c34b5deb6d82d5b36a53,ngageoint_opensphere
5986,64b6069a6e990b3b7c05fb9fb6c1c5e79738df34,ngageoint_opensphere
5987,64bd2f8506e16535acc9d233d5036ffdecd1cbf5,ngageoint_opensphere
5988,64bf66fe0a89449c0e3c62da1dbace08c4d08c52,ngageoint_opensphere
5989,64c148da72de4ea7fdeeb86bbd514a2fa4b40553,ngageoint_opensphere
5990,64c4942e361005b1f27a46a58f09eb3bfde7c262,ngageoint_opensphere
5991,64cad07ffdd2ccc30b3b50bc662effdfabf06986,ngageoint_opensphere
5992,64cded550f758e1e4db9c47a458b0c6db49a8430,ngageoint_opensphere
5993,64cef067fcaaf0fa53b4085a6a25daedc543e778,ngageoint_opensphere
5994,64e509467d361b82bdb72217e74cf7ae351fd100,ngageoint_opensphere
5995,64e6bd4d44fedb49ba24bb1e26ab3d39a29a3946,ngageoint_opensphere
5996,64e74e350056ee8a16c7001f3db62cb83e8becdc,ngageoint_opensphere
5997,64e88f660cdd406a8a9866a911d32138ec14e657,ngageoint_opensphere
5998,64f3548c4b106fd4be4b3ff2d86e2fcfa9c32905,ngageoint_opensphere
5999,64f71ce941f860f457acdef9fa01ff63e7e7dd2c,ngageoint_opensphere
6000,6501517e2f11ccd9a5f9273e3db01c7ddbe0b2aa,ngageoint_opensphere
6001,650225b9932b02ee1fa8727e059287dd8baad1d8,ngageoint_opensphere
6002,6507bc2772b2b08d80c5988aaa7950611efb7d06,ngageoint_opensphere
6003,650a7891c9ee05d2153bdb88fb51a45cb87fe386,ngageoint_opensphere
6004,651481e28b0c97752ef4d674d422a1446bc025af,ngageoint_opensphere
6005,6519f5f5dfcfe9cdd35b1550aff8df0ac9eb8509,ngageoint_opensphere
6006,651ba725973618fdc6893f6836e88490884ff770,ngageoint_opensphere
6007,651be2b4b340015f954c5c2d4594e67f82994bc7,ngageoint_opensphere
6008,651f62b26b1a728d28eb7d00f954ebb9833aabdb,ngageoint_opensphere
6009,65207bf34fc9db40351f5abd9cda902184c5ab0e,ngageoint_opensphere
6010,6521746a1be5315827901663b7c22b50a3c96e69,ngageoint_opensphere
6011,652209fd008e010d24ce6da1e754e188308866e8,ngageoint_opensphere
6012,65228c56006af5761c2dbdf1367a653430a5cfcb,ngageoint_opensphere
6013,652352eee59ec65b8918f9ac9e653135f2b32402,ngageoint_opensphere
6014,652caf39b2fa9688f8bbff6dd5554f9f4538e3f1,ngageoint_opensphere
6015,652feab79721a662d8735b6ad188a2a692ff9495,ngageoint_opensphere
6016,6530bd40155b082a0f400fc0471c875af0d5ff98,ngageoint_opensphere
6017,6535f4f2f8a61abbe1e87311cd84a64b238a53dc,ngageoint_opensphere
6018,653869ad5082c901ed0f97508ca46dc71d4f483c,ngageoint_opensphere
6019,653ce084b4926de1aadf8c2a99e0e602d2aaaa3f,ngageoint_opensphere
6020,653fa0782e490a2dfdf9353f4c7ebc73769f5f37,ngageoint_opensphere
6021,6544cca2b9126e09300d1fd77f701ee29036d7a8,ngageoint_opensphere
6022,6545988dd3f022b9b6848038538888e0a516e931,ngageoint_opensphere
6023,6546819ae1636b791ba9cf256ec3c9cf773eb09e,ngageoint_opensphere
6024,65477f2408320229cba41cd5d9c396aca75a5789,ngageoint_opensphere
6025,655639a094893768ef0ba7c29fd8e560b388554e,ngageoint_opensphere
6026,655753517fe2328c93217ce1a2400947424a996f,ngageoint_opensphere
6027,655b0c94b5032e1af7a297945604c780842af542,ngageoint_opensphere
6028,656fd78602fc2e38ca5c7d4318f7d70c3c75de0f,ngageoint_opensphere
6029,6582a03bfbac70519d2872b5095f010694f53ad8,ngageoint_opensphere
6030,6583672fed32e1cc9002c58ff8b9bbba97ebcf89,ngageoint_opensphere
6031,6588fb460d3dd3d8f2034593a8dc1d4146b60c21,ngageoint_opensphere
6032,658ad2ca6bfb83782d4b6b6058203fed3c9cd833,ngageoint_opensphere
6033,658be0d107e15979435d17a36c3222c27e766227,ngageoint_opensphere
6034,658ce4847b1ed2cf267649a4767719aeff0ddb55,ngageoint_opensphere
6035,659329520c48281f1cd687c892942717d386ee9c,ngageoint_opensphere
6036,659d8782e85dec705ca1d278f93210e88d598361,ngageoint_opensphere
6037,659e9420c852dedb6654e180a93397ac7bf392f3,ngageoint_opensphere
6038,65a153b8a24e9a5a13c0c11d76628ddfe09ba717,ngageoint_opensphere
6039,65a172a6fa48a566cb04585ce8482af782d12652,ngageoint_opensphere
6040,65a926963b5f4b4ef6a4be171f8068c033237811,ngageoint_opensphere
6041,65ba1c376b45e168502661be57c77a2597d18d90,ngageoint_opensphere
6042,65bf31529f460e07f582f937f50addb22dd8dbba,ngageoint_opensphere
6043,65c319abb3771d38354fea0cd3375bab9b8a7cf7,ngageoint_opensphere
6044,65c3278de18897308ef6861155d10f2661f1d8c9,ngageoint_opensphere
6045,65c3f4e61a495f499bc1bb20627ce0d734f96ded,ngageoint_opensphere
6046,65c6368024633f8d3794d5d6b6fd74dd4ac7398e,ngageoint_opensphere
6047,65cc51f4b5f8594dc18f4f9559ddc5d81650654d,ngageoint_opensphere
6048,65ccef50705b60062cc2e2652a2f25738586e8da,ngageoint_opensphere
6049,65d4c72eca083f1f25a05d6c0a5d9db8033a5eca,ngageoint_opensphere
6050,65d708680ad40e1f07b42b8d451862cb76daffc0,ngageoint_opensphere
6051,65d93b7ca5fce717942617958d3a1571618675f3,ngageoint_opensphere
6052,65ef7b223eb8c77e2b096b56dffb877dc115c1eb,ngageoint_opensphere
6053,65f0eee0d6104480116b5c7e8017c2002eaf34a1,ngageoint_opensphere
6054,65f7094bf6497a9e3d48c65e4b53fa7e90089e31,ngageoint_opensphere
6055,65f82a808395d9d813c4aeb2b0e1d0b6e26446a0,ngageoint_opensphere
6056,65f9088243e727faca4f934b084845e2127de7d8,ngageoint_opensphere
6057,65fe29a082879a637486491a7cbb90c9d4c96c8f,ngageoint_opensphere
6058,660028941eb57f3987fab77f59d76403a062d30e,ngageoint_opensphere
6059,6603ea758593a2b8338bf1e4d66056e7950048d7,ngageoint_opensphere
6060,66043a5d86d9f7bc859fc5cac5cc1131b5419041,ngageoint_opensphere
6061,66114c8849ce55058b0caa02f30a1f26570a9b1e,ngageoint_opensphere
6062,661763988177928c2cd6460ff5c9551e6bf59493,ngageoint_opensphere
6063,66181f9dcf1b3cd60d9014f346d62b4c8b6cb868,ngageoint_opensphere
6064,6619e3d66d8da6ab45d0d972279bd936d0ea2be0,ngageoint_opensphere
6065,661a835137a0bfd781b5f62d369aa7779256d8fc,ngageoint_opensphere
6066,661af6aa05618a5e091cce8664c87f7158a7fcf1,ngageoint_opensphere
6067,6622fa2303d0e9470ce4d78b2e6cfc44d62bfa9f,ngageoint_opensphere
6068,66350908d31993d7c65a9f10c79986f4a3e709a1,ngageoint_opensphere
6069,66384af05064e2f0c4e11d9ae3e0351e3edfa879,ngageoint_opensphere
6070,66396d75b2642b7512a2f8005a3264f336ca59ea,ngageoint_opensphere
6071,663b95afb4178387aa65283a902beda69bb00fe8,ngageoint_opensphere
6072,66452627e9d19cfb3baa7fbf46fe38ef75ff4c17,ngageoint_opensphere
6073,6647cb53883dccca34d231229f549919b9cb10f2,ngageoint_opensphere
6074,6648675fe775a357749e2024b05837e30c86c5d1,ngageoint_opensphere
6075,66499bb4acaeaf24a138e26cc0327df27f5ebe38,ngageoint_opensphere
6076,664a86a98b851e6cd97488b2db5b1c30339a0a2a,ngageoint_opensphere
6077,665305188e190cce67e63912ff1c1073bfbf83da,ngageoint_opensphere
6078,665e7204a81debcf8babac6bf4f3c8ea0cec67d0,ngageoint_opensphere
6079,665f8c43f468f00f4aa6e3dc4853ef3672162649,ngageoint_opensphere
6080,66601abd52943367c8bab615272dd50f0689440b,ngageoint_opensphere
6081,666052dc807db4ba8d248688d56413320558ed0d,ngageoint_opensphere
6082,6662bf0e980c6a2b1a870d0f85142e64de46b920,ngageoint_opensphere
6083,66695d7a99009e2372aad2edaa10f48e89641881,ngageoint_opensphere
6084,666c2101030194aa66da3c4a965aeb2f78b01c04,ngageoint_opensphere
6085,6682d9cf20c02bc50c50ae46b4fe9f5f01d9b66a,ngageoint_opensphere
6086,66845ffe49d381248f6669e3e01787ec0fd5620c,ngageoint_opensphere
6087,6686515b475cf44f9f5950a3b639a49446d2aaf6,ngageoint_opensphere
6088,6687e3b077ede279a7cb413a72b1c3de7835bbc1,ngageoint_opensphere
6089,6689da1774ddea1e1af3742f142e2321b5fa901e,ngageoint_opensphere
6090,668b4fe7d108ab8efd944d3070044b5e000955c5,ngageoint_opensphere
6091,668bc6a911a11eea951f05ccf2e3fadd8dfcd3fc,ngageoint_opensphere
6092,668f19df110b48bd4bcea743a15ff3c7f5ac8ab6,ngageoint_opensphere
6093,668f4c5b2d684c6f610e077c4701bcad58d33335,ngageoint_opensphere
6094,669784ecea306f923405bb90ca707e159868cdc2,ngageoint_opensphere
6095,669cbcb5ca8d9587743de67bf7828bd99db13ba2,ngageoint_opensphere
6096,669efd3063f4055094b0736e303389a0d86143ac,ngageoint_opensphere
6097,66a1e1d80b4f23f53bc31d21b2cbced855bfc76a,ngageoint_opensphere
6098,66a5683d118e61290c4503f851cb5caba7759a56,ngageoint_opensphere
6099,66ad5d7f7ee49628d9f4ce50af904bfc3454c33e,ngageoint_opensphere
6100,66b11ca71111f588ef9f6ea62e1c10d84de59191,ngageoint_opensphere
6101,66b7014d95c7c2037f6e166604d2a35634faed95,ngageoint_opensphere
6102,66b88e46872a8d281533d8e71312da64f6996b71,ngageoint_opensphere
6103,66b8d2240c4fca43bc787541c5e6867badf2fa0d,ngageoint_opensphere
6104,66ba20646459ac5a9e1883e0e092f90cfb19182f,ngageoint_opensphere
6105,66c2dd3f887bf7161b698a36b48d5a8adccc45ce,ngageoint_opensphere
6106,66c35cbe9e17b3933740528ad642911e3fe8bb75,ngageoint_opensphere
6107,66c4b6d040b855501313929bb6bb9de8abff64d5,ngageoint_opensphere
6108,66c9b5d739ac28db69e4db9f2404da08c8d17edf,ngageoint_opensphere
6109,66d85eb754e5757a7c458c6d293b1c875f2d3612,ngageoint_opensphere
6110,66dd107305676bc3c55a6790aec27607e4b13a97,ngageoint_opensphere
6111,66dfc91d40b2753fb982096fbebd7796bb417ae9,ngageoint_opensphere
6112,66f01855dc589318a89f35c972e08e9d5477aa6b,ngageoint_opensphere
6113,66f20f87f3ac2285b521a0acd7cb89ce83ab946f,ngageoint_opensphere
6114,66f69f9c107dd295305f2aa1c25e5493d91dbb81,ngageoint_opensphere
6115,66f757543e76a519577951688d86c5b5eabe733d,ngageoint_opensphere
6116,6708a5c769e4a30a671af2f208ff8250ef13a135,ngageoint_opensphere
6117,67093bd6020edbc5e9ac547889163a5c8e083c14,ngageoint_opensphere
6118,670bf3a574e02fa82dab09135625eda74b8b0454,ngageoint_opensphere
6119,671084a2e6391ccbe82955858d10c61c693eb3f0,ngageoint_opensphere
6120,6710ab2c3b3f91121aa6e5a273bfd5a8e07aed22,ngageoint_opensphere
6121,6710b09ff60ce544f38f8492050a93ef531e4d78,ngageoint_opensphere
6122,67161cc6a3eb991d8ec81400f83e0d125a00d8c0,ngageoint_opensphere
6123,671c2c2f1fb678db647e35547383063d9d4bc8b8,ngageoint_opensphere
6124,671cf010b0a7662e1b730a0c757d08c40d75f0d2,ngageoint_opensphere
6125,67214761411f9203f43003bc7aa2a2599b306f4d,ngageoint_opensphere
6126,6721f154b0a79a42fc119ae9ad2e065c062dd77d,ngageoint_opensphere
6127,672630050f3e78c9b1ff4ee78e346475948780ef,ngageoint_opensphere
6128,6726776cb0259aafbaa3df1f68383d6a0c838411,ngageoint_opensphere
6129,672f71b4c0f8a0f1a24a61c6133b9923133ae7c4,ngageoint_opensphere
6130,6732222f5d5eabab317c069bf773eab3cdd794f7,ngageoint_opensphere
6131,6739e10144b3abc0b0ce188e12db15be200fd1c7,ngageoint_opensphere
6132,673b5e06fdf77db0cb5a1d4b9460caf4b0525b64,ngageoint_opensphere
6133,674371359303a8da0603ca8f24752af93731e844,ngageoint_opensphere
6134,674a1824a58d367e4c0b14a537f65e5bf07dd266,ngageoint_opensphere
6135,674b3e667d35f5ba25546787c993075d9abe23f1,ngageoint_opensphere
6136,67552cecac4126e2aeea0c6263b336fe85ef5044,ngageoint_opensphere
6137,675f8ad9552bd8a1f494e15fbc051ccb12047727,ngageoint_opensphere
6138,6763f2283036d0346cad58856d52b3ab74617a3e,ngageoint_opensphere
6139,676fc2adf4ada4b5f633a608a78f97546989e7e6,ngageoint_opensphere
6140,67745ad482fab080beaf44fab49dd41a9ed71700,ngageoint_opensphere
6141,6779482d07eec4ce950039f9ae0ffcfe6d8e3719,ngageoint_opensphere
6142,6779cba4c33a1af5d08627b8999ce969060bd3fc,ngageoint_opensphere
6143,677a6d2bb6b8d76f1c380101de60c6a7f97ab13b,ngageoint_opensphere
6144,677b6715762074e68147c83db81ce3d8e3cbbb5d,ngageoint_opensphere
6145,677cdf1484e95e7724d97c665118cbd6e90bbf4b,ngageoint_opensphere
6146,677f1f98c6324d2d25bb6f7133800869d8008b38,ngageoint_opensphere
6147,677f922fab60c22c9b56cd4ced38fbf4ba199f38,ngageoint_opensphere
6148,678168829081e02e553e803aaaf4c2c086dbe91f,ngageoint_opensphere
6149,67926530c29af12b89fba09f502bdde69db02709,ngageoint_opensphere
6150,6794a94c6bbfc3f6f5ad27643350698fd3214ae1,ngageoint_opensphere
6151,679b839bece89668ad0eb872551062a0d749c480,ngageoint_opensphere
6152,679c8793e34612695c66854d047b1f5f48b8ceac,ngageoint_opensphere
6153,679ec891c90963dd56a89bb2245ac77b6a95950a,ngageoint_opensphere
6154,67a2b6bd2f9310dd8e630ba6e5b19a1136561b59,ngageoint_opensphere
6155,67aa44f75cdcc857fc0d9141a5de86f57568d210,ngageoint_opensphere
6156,67ae7269c1f14f6abd6cd1633bee232cb7176415,ngageoint_opensphere
6157,67b06d0a47b6dcd29b6d2f992d495475d5729c98,ngageoint_opensphere
6158,67b74f6d6a47aea1cb9a59113bf872e85fc0186d,ngageoint_opensphere
6159,67bec3728bd0c89512a2bbadf1a0ef490b5f286c,ngageoint_opensphere
6160,67ccf170bcc7ea28e44068be6dc66b3e7d382be7,ngageoint_opensphere
6161,67db621c09d7652a4a16b6827764918233f2f87b,ngageoint_opensphere
6162,67dce47890ba50c35a628710a28ba56c760e7730,ngageoint_opensphere
6163,67dd1510657d1489e8337d10e9d257e8af2aae0e,ngageoint_opensphere
6164,67e2603ec53222b974c949d92a14428572bb6bfb,ngageoint_opensphere
6165,67f02d14d1c7c3cde45f59521cd247c1b2823e0b,ngageoint_opensphere
6166,67f0fb68e6dcdb7e99ad6b18def308dc813a09a8,ngageoint_opensphere
6167,67f3b8b41e0751bcc67dd6fbd480cd4543d2c364,ngageoint_opensphere
6168,67fb8a9ef1ce575d46761f8e1288289d3c5d4792,ngageoint_opensphere
6169,67ff12f043b5585bbfb8f603d5d43213eaaea8d7,ngageoint_opensphere
6170,68079bac0569b45d55f3b85d7e86777fdd03771f,ngageoint_opensphere
6171,680c3edd18c3a40bceaf7b1e9cbc8cd5c8b27efe,ngageoint_opensphere
6172,680d6aa4963edea84fa9bc2916b5d281c1fd1580,ngageoint_opensphere
6173,6814aa866cf7d3e7859f39294bc8c3463954356d,ngageoint_opensphere
6174,68179a29c565f5a6bbc5e407a8c3dbd82f0e625b,ngageoint_opensphere
6175,681c7162c79a30788e2a5ba9f54fda1c52a0f01c,ngageoint_opensphere
6176,681ce2e665848dc4a1338392a92f48401034c00e,ngageoint_opensphere
6177,68233c348456b6c8dbe1e2c5345d12b82264a1bb,ngageoint_opensphere
6178,682a6adf4e52f25ff3d2aa5e2bd7d57c72a405da,ngageoint_opensphere
6179,682ae93e72023edc55b2fb7086e47c105223000e,ngageoint_opensphere
6180,682e532bdaf0d47d698bb4de5f36347a1e5d542f,ngageoint_opensphere
6181,6830b30e0e73bcd22b4106ab227cf1e9d387af85,ngageoint_opensphere
6182,6830f03b656b349e2d8e23421df6239e1b6372c2,ngageoint_opensphere
6183,6832292e61db75f616e994bef41d5b4a1c12a988,ngageoint_opensphere
6184,68334efeaa7c29079394f15ed1e93ed7fef2f67f,ngageoint_opensphere
6185,68367f0ba773b9537a528b98f3ed1fc64b8a9e90,ngageoint_opensphere
6186,684a8390c2a099a62af9480861cd4a0bcbbb3bc8,ngageoint_opensphere
6187,684beff1ae2aa1da29e9afdd5fe1c408dbe8030e,ngageoint_opensphere
6188,6858b98a348c07827aae8372d8ecefdc66625d4c,ngageoint_opensphere
6189,685960f13e75a52d2315c73a995262fcebb3c341,ngageoint_opensphere
6190,685fcb347dcff1909dcd36ae48ee54153019b8d6,ngageoint_opensphere
6191,686017021c5db9bf658151c349fcb9aab44402f5,ngageoint_opensphere
6192,6860f45fcd2ebf75aba4779c3340548ab1cfd396,ngageoint_opensphere
6193,6861d39caf46a7a4f5e68220357a7b64cc1d4db8,ngageoint_opensphere
6194,6864159e7171fde5370caaf3ad0f5d9a6862ad90,ngageoint_opensphere
6195,6865c774e02d4aafd8894c1eee9006248e35b722,ngageoint_opensphere
6196,68684c9efa1eb4c7a86d7e4d0d6c2d800063187d,ngageoint_opensphere
6197,686c54b635335f45b71b142b243b818440ea050d,ngageoint_opensphere
6198,686cdb00ee4f308438a2e2f45e46a60c5949dd9a,ngageoint_opensphere
6199,686f9fa4c6993c5665fff55ba44cd5e2d37a0d06,ngageoint_opensphere
6200,6871cd4e4275a784a3c0427d19d1d489f91f3bbc,ngageoint_opensphere
6201,6872e5830394f37bc8a6939bdede4e0b74769656,ngageoint_opensphere
6202,687695fd7235e3a45259be17bff4bb721062fa0d,ngageoint_opensphere
6203,687fb632606b4f6baa191502e8b6362fe74bd659,ngageoint_opensphere
6204,687ffc40251eb7d2fbe7202a62ddd1b03dfa0d61,ngageoint_opensphere
6205,6880855b3f35854ae32bde712221d81f3d2ebe11,ngageoint_opensphere
6206,6889439faba026e13a58ab9580d7b4381d45f0ae,ngageoint_opensphere
6207,6891477bdf9da2a3626fc33879d98a4833fce9fa,ngageoint_opensphere
6208,6899ccf8f8d32e20121f508fc645915016411afd,ngageoint_opensphere
6209,68a0bb35f5fd1590c1a15275959d1e6e2fd3d99e,ngageoint_opensphere
6210,68a8af4c7bd94e6ddefc5daee8158bf63281b120,ngageoint_opensphere
6211,68a92b7918fd7772531816782d3f903a37ee20c7,ngageoint_opensphere
6212,68ac4e5cf16d6c9f9d4ee14c5be0e1c3bcf6dc1f,ngageoint_opensphere
6213,68ae2dbadf5020ba3ad8f9d1060ed3cf86fa43b6,ngageoint_opensphere
6214,68b3b54fe33d2ff8dd29968fbaada8e2266c2380,ngageoint_opensphere
6215,68b88a6c163881cacada9d087fdc8c95a8d94d34,ngageoint_opensphere
6216,68b943a023118bba1d47f2a40fa434b09673c8a3,ngageoint_opensphere
6217,68ba1c9695aa567537a25e8c740a69d1bba7214a,ngageoint_opensphere
6218,68c2604bfdb485339b5f029500268d05f3710181,ngageoint_opensphere
6219,68c4ceced881af8c9169acbc84abf5eeb7c3be90,ngageoint_opensphere
6220,68c546925c24bb410f63700942d256ae5589ce6a,ngageoint_opensphere
6221,68d53c5e21be0913861319ac24a5d9bd8221e673,ngageoint_opensphere
6222,68dcb7f0cba64246b62932b3bbc35e151d96b13b,ngageoint_opensphere
6223,68dea59244d8480d7ec892c624e4a636ebf95cd7,ngageoint_opensphere
6224,68e10d59f70d0c1084e801d4c50f5178894b108c,ngageoint_opensphere
6225,68e29ac03d302ca07bd0f3a069da0211e49b3ab6,ngageoint_opensphere
6226,68ebe2a242cbdeb372282ad41eed142cff3378f6,ngageoint_opensphere
6227,68f604ded73cc1627ffa830bdf4abf26114fef61,ngageoint_opensphere
6228,68f6e07cef933536281be4d9ad06d840866c8abb,ngageoint_opensphere
6229,68fe88560c043c87591f16eb63dcc55800247096,ngageoint_opensphere
6230,68fecb6b9aec7d78e76974e583e642209b504780,ngageoint_opensphere
6231,69018a50897122d3742033c0100787d4500c3315,ngageoint_opensphere
6232,69057fb8c228ac7caa66c68914f6a9175f3318f8,ngageoint_opensphere
6233,690f08bead42ecb30b31c6f9c4a4cbf7e87f47d6,ngageoint_opensphere
6234,6910f600361c293ead41b4f87d56afd45b6e4270,ngageoint_opensphere
6235,69141c22e6b80f38a630c56577c7f6b55de09c04,ngageoint_opensphere
6236,69180ef48e1344ad8ba5cb215e458a2b11bf3ef7,ngageoint_opensphere
6237,691b2f11cd0b19845234024cee4ff06bf6945176,ngageoint_opensphere
6238,691c28db1561ebe11301721367d89f2520f0fcc4,ngageoint_opensphere
6239,692475db1b017bbd022015911bf627dd80b7444b,ngageoint_opensphere
6240,692f6845fd3059fc39dfeaf897a0142ca90ca55b,ngageoint_opensphere
6241,6930378acea2cd49b7bab74315a2370a7a0938d9,ngageoint_opensphere
6242,693d659b8051db61f66560ebc087e8de14014c7e,ngageoint_opensphere
6243,6942c909858a1e601b540f3952666a32ecb91e27,ngageoint_opensphere
6244,6943b2cacffb0fa9694e8c3b5827af3c7d54468d,ngageoint_opensphere
6245,69459b98c405df0457866d2e4600adab7cc78c45,ngageoint_opensphere
6246,69473feb724a1db6e5186ff98ec7ac02b87454a6,ngageoint_opensphere
6247,695fb188d48fb2e5e02d2e51fec315671c621ec1,ngageoint_opensphere
6248,6961d5f7b9df86fed7c198f5425fc73ba92d4bf0,ngageoint_opensphere
6249,696ab5019bac6818f26aa84581f06fac5a7942b6,ngageoint_opensphere
6250,6978c4e74863258b978b85512c047b084ded9d6a,ngageoint_opensphere
6251,697971db932dd441fdba4fa8bc31fe320b25dd61,ngageoint_opensphere
6252,697f8e291190f061ed3fd3594599d9388b65f92b,ngageoint_opensphere
6253,698303917302ed9ff90545af149641eba5a204cd,ngageoint_opensphere
6254,69880dc8efa5f5f0808db4240cdd15bd53d56cb6,ngageoint_opensphere
6255,699666492252cf5fc1ee833ae6984261fcc3dd4c,ngageoint_opensphere
6256,6996fbec3fbc9fc5a572cc4d199769cf29f0ca62,ngageoint_opensphere
6257,69a10b3c28a9bbc16d7ed6421294f54ff8f14b9b,ngageoint_opensphere
6258,69a62472cae1caa76af2caccf7b510486fa9cb7c,ngageoint_opensphere
6259,69a9663055646b3db7312aebf0c38ad026b189bf,ngageoint_opensphere
6260,69aed365d1d02428fd19909c70fa9f966e249c76,ngageoint_opensphere
6261,69b221aaf27ccbd279891bcfc35876e253be567f,ngageoint_opensphere
6262,69c586fe2b08024f6dd901f27039bcda71b255bd,ngageoint_opensphere
6263,69cb34a74456f9cdde733c2a6ac7fab6b518e9bd,ngageoint_opensphere
6264,69cb50fca2959ab26350feb5ebf588ffe9ffe8ff,ngageoint_opensphere
6265,69d177e7602d636914d5de941ce5cf428b432e3a,ngageoint_opensphere
6266,69d2a84d09bca67758c9c3656c2bbf165eb6e450,ngageoint_opensphere
6267,69e07e83e5a5e82cb984eb4f3c0e8b0f410d07f2,ngageoint_opensphere
6268,69e2a95d3b9c6d04bf78ea118a0ad21ee4fcb1b6,ngageoint_opensphere
6269,69e97b79cd3fbc14ba2aca2df8a6b2cf6f732bdf,ngageoint_opensphere
6270,69ebc1e675ab1807481f417cee98ac6fb0bb9596,ngageoint_opensphere
6271,69eec1eed71b54e2d2e7081832e094055524bb15,ngageoint_opensphere
6272,69f4ef73299c5600ae79104707e5b9b122b3528d,ngageoint_opensphere
6273,69fee4f88e92ef3b546c3b244149de5f048a2a84,ngageoint_opensphere
6274,6a125db17efa43aeec3c59733e1cba3279c6573a,ngageoint_opensphere
6275,6a130cf66b253a88a47af1a533aeb863afdcbba6,ngageoint_opensphere
6276,6a142db525d02f0ffafc00344eb714cb85ff6f91,ngageoint_opensphere
6277,6a18a285d2cf6d918d7a6141f4f101aedd1faa28,ngageoint_opensphere
6278,6a32e6a0bfce79f741d5fc4f24639ec79ce287b4,ngageoint_opensphere
6279,6a3711286d936ad18e97fa6456c077e2ad95e141,ngageoint_opensphere
6280,6a393519293f8fd89e058d2a05ef0f7d6295141d,ngageoint_opensphere
6281,6a3c9cd3a684d1872f51fa05b07c28d733b6c043,ngageoint_opensphere
6282,6a40b00fca9df628836e9820829f85c949dc2172,ngageoint_opensphere
6283,6a4168bb3ab9621371b56c768e2cd561c412bcea,ngageoint_opensphere
6284,6a419c3d0b2a65bdbfb5b6a7adf97bd76175585e,ngageoint_opensphere
6285,6a4aebc9e498aefea2d5e2239b3bed1cb0c55f9c,ngageoint_opensphere
6286,6a50f0960729786136d033a7dc0eafb4513adfb4,ngageoint_opensphere
6287,6a562bb1a304a457769a96ba6e34d3ccb8f75330,ngageoint_opensphere
6288,6a578fd86c35e61959841456a22e42ec285bec28,ngageoint_opensphere
6289,6a5c63f6b1ef48d12903363559e949d87f7fa6f4,ngageoint_opensphere
6290,6a5d396ce5f2ddfd79e02e5f1fab9dee8a74c513,ngageoint_opensphere
6291,6a652edfc79f2867df73a330e664a8fb90380267,ngageoint_opensphere
6292,6a66efe859322028ee97d5da710764b3232a4777,ngageoint_opensphere
6293,6a754235164ea5501724629caca40f47070cd580,ngageoint_opensphere
6294,6a772ca25125f0d008bb2778e7c023ce8aacac0f,ngageoint_opensphere
6295,6a78645bb761b158eaa8f0ce2beef808f7fd71b6,ngageoint_opensphere
6296,6a794f39227ee5eefcd919ea24afc50250df1b65,ngageoint_opensphere
6297,6a799d364a74f365fa1eeab9327a602802660a52,ngageoint_opensphere
6298,6a8354c2d21ea7a409cde37dc1d1c8ae5bb12d1b,ngageoint_opensphere
6299,6a89afd7bc45c06781209cc456a1b5e2f89e5b5a,ngageoint_opensphere
6300,6a8b792f7ec5bfd4d85159c3f06e54cc06805df7,ngageoint_opensphere
6301,6a8d25c629fb1cd795b3811f0c132964dc808de7,ngageoint_opensphere
6302,6a8e8e4b678e78e58906609ba615e372d63d4a94,ngageoint_opensphere
6303,6a913b60b936fae834b3374d3a4426672e9634b0,ngageoint_opensphere
6304,6a91756d8eca0256eb2ecdbf5436c1b19ac69a9b,ngageoint_opensphere
6305,6a91d892620d33436762b25ebc3808b456d07f4e,ngageoint_opensphere
6306,6a9e3e9e403c9e1463b4ada4fbd30e31ec749e42,ngageoint_opensphere
6307,6aa1138c5b81142279ff8d9bd28a8bbbf9dc13db,ngageoint_opensphere
6308,6aa3a15b2a6e05ab8b16f7a3f0f7221eeedabfe3,ngageoint_opensphere
6309,6aa3d93a9a4de49a53e4f01f5f113012b00b7245,ngageoint_opensphere
6310,6aa4c0a2a86f255fd7214dc8c1cb56c8374cc706,ngageoint_opensphere
6311,6aa4c63372c5b3c2231625305d832bea5437301b,ngageoint_opensphere
6312,6aa4c97a4507dc99a68a85d2679e4df70e0190f9,ngageoint_opensphere
6313,6aadf719b0aa6f57283c5ea650292ee4c52852e5,ngageoint_opensphere
6314,6ab1b1e81ed2928ac3b9fa960593e219b1472d9b,ngageoint_opensphere
6315,6ab9412a6510c2e1920f1b603d84ab595fb37303,ngageoint_opensphere
6316,6abe058e44bfbde8b5ef5911d2383b7afa0de02e,ngageoint_opensphere
6317,6ac5cdd3015e3b1d911430e40df912df6aadf3c9,ngageoint_opensphere
6318,6ac8da05760a7cd4ad1d37f750a7aed3d4d44c64,ngageoint_opensphere
6319,6ac97e3d88cad1cad9b46dd3876cbbacd640be92,ngageoint_opensphere
6320,6acd5e5ef49297b051aeb5cb3cf575ee220c414e,ngageoint_opensphere
6321,6ad6565440bb3beb68b028d92ac6527d46eb2775,ngageoint_opensphere
6322,6ae17412c22ffcf60b1a97a884e7aad0037cccb9,ngageoint_opensphere
6323,6ae1a1514c949cc6e833cfe7a866a4a97e19cb6e,ngageoint_opensphere
6324,6ae3b3aa22995b8908cbf6d89b3ad8812c0d296f,ngageoint_opensphere
6325,6ae3e993151192325a09ff7fbe3d9eccfb5f4e92,ngageoint_opensphere
6326,6ae4a8c518006442c9147aab0e107db4bec274b6,ngageoint_opensphere
6327,6aea84743180ed5b63179e1f83123956936e9d10,ngageoint_opensphere
6328,6aece9e21737f96642a380c27a679f7789c37c78,ngageoint_opensphere
6329,6af32677f1e62841fe01db862d9fc8e38d22ffd8,ngageoint_opensphere
6330,6af98845ad37bde34fdcfd5139e125b7cfa27630,ngageoint_opensphere
6331,6afc7c50fb43515ac91781da63e5cf65556361db,ngageoint_opensphere
6332,6afec679726b4f47243cf62cba6cc2c966d4ed8f,ngageoint_opensphere
6333,6b02d6a5dcf7ef8ad949957b928a569172416192,ngageoint_opensphere
6334,6b03d519d1dd479959b620dccda28a36985182e3,ngageoint_opensphere
6335,6b06ceba58e6e4dc6173eba9db3c91c5518c2950,ngageoint_opensphere
6336,6b0ac0877ee140de2850ee1506ada16c70b86122,ngageoint_opensphere
6337,6b0ff3e0781c2894b1138bc037c9f030169fa668,ngageoint_opensphere
6338,6b1182e8363c83c2ebd45e667ec91b73e2769c17,ngageoint_opensphere
6339,6b12b19c9804454c9ac42b674cf29d5f4532611c,ngageoint_opensphere
6340,6b15a9428ccf64b3d9e01f4f046b180158eaa4cd,ngageoint_opensphere
6341,6b18c92dec995e22edac9eecf87217456ff700d6,ngageoint_opensphere
6342,6b215b0f4caaa53b082701ca7687a26e39d907f7,ngageoint_opensphere
6343,6b21a2cec3a7b63633e23c4a5c555e3042871b94,ngageoint_opensphere
6344,6b26bd269ef24dd5ebcef2cdd0c3065ee658eaa7,ngageoint_opensphere
6345,6b31ee2fe9fd944f9bbf6e11c2fe16177327848a,ngageoint_opensphere
6346,6b3382c4180fa3858e313ef87f34c4ccaac18655,ngageoint_opensphere
6347,6b3441944e32c79c0ebd5a3ee43e2e4828c33fb6,ngageoint_opensphere
6348,6b376d4596cf90d09aeaaf798d4ba20644338a2a,ngageoint_opensphere
6349,6b3dfb76ed0e11fdd700e9ab6c570549f3ff9fc6,ngageoint_opensphere
6350,6b4046401cb4d1d0cf11ea30392d4060944135f6,ngageoint_opensphere
6351,6b42e09f4e5175d2d8bcb09c9444f324694986c3,ngageoint_opensphere
6352,6b47d5722ce498def167c9007cc2994f20935b41,ngageoint_opensphere
6353,6b4900816775033697d4a1a13a2d8f023272e8e2,ngageoint_opensphere
6354,6b4bd72ece9fec34e1e24d54ee22b21c3451303b,ngageoint_opensphere
6355,6b51b429c1a3dd5f70772b5eb56aafd58ab1554d,ngageoint_opensphere
6356,6b5adab895d3b2f9311f834c868a26d90710bf49,ngageoint_opensphere
6357,6b60ce1bfb056bc0e6ed1575ee5b383298900344,ngageoint_opensphere
6358,6b6ab81380cee63cfac70cea3fa82f6a784b0ea0,ngageoint_opensphere
6359,6b6b3359ad0c4d4239aab648196c93dda6d346e3,ngageoint_opensphere
6360,6b6cf7ccfe9ced54457a66b3c5119d5e316da84e,ngageoint_opensphere
6361,6b708eb08b79600f671109aeb3903f7ecf4b63f2,ngageoint_opensphere
6362,6b753a666059e7fdc52f5aa29d21fd34792c96df,ngageoint_opensphere
6363,6b832fa1c23b10e9bf952a4937eebed0ccab530b,ngageoint_opensphere
6364,6b86b5508be16f3897255c5b359cab7741990e16,ngageoint_opensphere
6365,6b8ec8805e185966ee13bf1097976614d0f2b21a,ngageoint_opensphere
6366,6b91a1521aa0c4812a0d2eac3a8ed260df90cae9,ngageoint_opensphere
6367,6b9322ee37b974990fbbcc94a9bddfdbe97a2505,ngageoint_opensphere
6368,6b936120e6a42cf1e79b92e6bf7d691cae83f80d,ngageoint_opensphere
6369,6b9ec42460c563c96b6295b551cbddc72689996e,ngageoint_opensphere
6370,6b9ffacb5c4956e579655273e7531aadc9904b28,ngageoint_opensphere
6371,6ba1d2dce4acb8885135e5f6cff62edc58c39002,ngageoint_opensphere
6372,6bad61247317b8fb82695c31103bb608cbf8b071,ngageoint_opensphere
6373,6bae59b3562ffacc7ff402e5c661de1d6fc9c9b6,ngageoint_opensphere
6374,6baf1ae6316bb348dce75381ff0e883a2363c5c8,ngageoint_opensphere
6375,6bafa1773b9ab9d5f7bd4cd69970f8d3620f2f2c,ngageoint_opensphere
6376,6bb4e55553cbc451e2147c3513708f7cf1590982,ngageoint_opensphere
6377,6bb61671c474a7a7ae2561a2e60d0725374c38c9,ngageoint_opensphere
6378,6bbe46d78f757bae570ddcefc522f4215b082e96,ngageoint_opensphere
6379,6bc0841cee2dbec72d675a6efee6e7044b8f6ad6,ngageoint_opensphere
6380,6bc6202456cf9f33d34606fc4f7503a6de915bfc,ngageoint_opensphere
6381,6bc92c2e7cc7151f72f5e929ec3e459b0d4b9311,ngageoint_opensphere
6382,6bd07759ee5f0a4cfb996e2339624dc2dc4e4157,ngageoint_opensphere
6383,6bd12e29003dedfd02f25b3710d8683258bdad08,ngageoint_opensphere
6384,6bd8db86ae2332dae9493bbbc5a1f29030260b5f,ngageoint_opensphere
6385,6bdbe03ca5709c9bbb60c9b31518a4f5561b3c4f,ngageoint_opensphere
6386,6bde73dec1c1d88d1793c80cad91b9d4f0e8a72a,ngageoint_opensphere
6387,6be4e45c6af8bd93b9a6acf2980154c9c5a6ff13,ngageoint_opensphere
6388,6bec41527ad538b94ac80942e0e44fc33338f4c7,ngageoint_opensphere
6389,6bf3642a3d5d06b0bef1ff3c09f7616bcf8feb43,ngageoint_opensphere
6390,6bf3f40a1281b10691ca5ec1616c8caad5a55f6a,ngageoint_opensphere
6391,6bf78d14a1a1a57ef94e749538d170d415813bab,ngageoint_opensphere
6392,6bf85ae8cd990db553db1e6a0c810aecd5c48ad3,ngageoint_opensphere
6393,6bfac205139ac110b02079f9981cb053142ceb0b,ngageoint_opensphere
6394,6bfad9fd94b76ee30d2fdcf56db7c4c1d4e1967f,ngageoint_opensphere
6395,6c01c7e28b485e1630f7840a19d92402797e21be,ngageoint_opensphere
6396,6c024e25119802a1cc8355f54f0445407651b639,ngageoint_opensphere
6397,6c0a4baf7c415c916f306226f0ab19a0a9f14b0f,ngageoint_opensphere
6398,6c0b3fdebab2d3256c06ffd3c72f138dff355df4,ngageoint_opensphere
6399,6c0bbb98ee836479cb74d2169cf295f9e3cd118f,ngageoint_opensphere
6400,6c10ce2dd5cb6264f5efa817b3cb51fb2e66b6d0,ngageoint_opensphere
6401,6c15ac754eaf2cac469360be5b5e3606bd30fdd8,ngageoint_opensphere
6402,6c15e903c70fd055f7244d34f1bbc5865b85e9ca,ngageoint_opensphere
6403,6c19e21f9a920d2ef398a363fcac37ef00732299,ngageoint_opensphere
6404,6c1a714c96160cade8cb0b9b0430287bb19685ee,ngageoint_opensphere
6405,6c1cf7d03db0616fdf51dd7effc641916526a944,ngageoint_opensphere
6406,6c217ac08880870f4e94fadb8452205c56aaa84d,ngageoint_opensphere
6407,6c261d4841f3d90822b5ae8dfcd91dff0e16324c,ngageoint_opensphere
6408,6c2983f50aa8e4bd9d445fd3356207802ae40150,ngageoint_opensphere
6409,6c306c16c61d92dbc5d3f482382238dad7a887db,ngageoint_opensphere
6410,6c30f73ea809d50cb40fb303d679680a75025a47,ngageoint_opensphere
6411,6c3c42707fa187504b5d54f40b8bb670155f199b,ngageoint_opensphere
6412,6c3c85905ca542413db02b3fa269e2d374992194,ngageoint_opensphere
6413,6c4019faee641b27559b3fd5ca997d711a6db7f8,ngageoint_opensphere
6414,6c49976af5e989e28bef9d8888a9b1d9fea84590,ngageoint_opensphere
6415,6c49e6d8f313973c58c54062fb7249d725eace48,ngageoint_opensphere
6416,6c4cf141e74e1a0318f416dd9ba61846324798ff,ngageoint_opensphere
6417,6c4fc47518868da0ee6be17d2357369a9a068bff,ngageoint_opensphere
6418,6c521d2cf5f6e848210c4f4fc48e2bb40d7df54c,ngageoint_opensphere
6419,6c52893502c9268d7664a8d50766e537848b862e,ngageoint_opensphere
6420,6c56096037f9fdb31189a5927d2dbd4fccd1daae,ngageoint_opensphere
6421,6c5f66deccfb9936344cec90499a4a53044990d7,ngageoint_opensphere
6422,6c67e912b5a005490dc03f19181227c852cef8da,ngageoint_opensphere
6423,6c6d0b594af8a251a7a93cf56bfd913c125d7cf8,ngageoint_opensphere
6424,6c711cd6ffba9bb422ba3c740274b8a50bfb0b96,ngageoint_opensphere
6425,6c7122162198c13e3175a5488370c4e59271e575,ngageoint_opensphere
6426,6c73704b59648e49dff041c965723cbff7a7354c,ngageoint_opensphere
6427,6c74b25d8b54ccc5d55654131fd8c91853aaafc7,ngageoint_opensphere
6428,6c7e2416019acc4be2b5470d4f4f5a80b7dc0926,ngageoint_opensphere
6429,6c84c53f662786c47424f01ca15d401141e97531,ngageoint_opensphere
6430,6c8a29f3483f901236e977d30bca887ec70be0c8,ngageoint_opensphere
6431,6c8c7b90cb37fe3767a6162a7a88d99bc63420a4,ngageoint_opensphere
6432,6c8f13190abed8dc2aa89d91bae0c601672fb46c,ngageoint_opensphere
6433,6c9758e3d45302da45beb614ea38be8aafdd3ce2,ngageoint_opensphere
6434,6c988ae96d38058a0592cedde052d16d4bb84ed7,ngageoint_opensphere
6435,6c9b6ae0db4e4952c405598f31761e04ba7f01fc,ngageoint_opensphere
6436,6c9b7df28e84d2c6048482fc7b5aac9951eee173,ngageoint_opensphere
6437,6c9cbdb780630d9a2c39039be02121a046791ba3,ngageoint_opensphere
6438,6c9cbef0e913998b20e7d80ce76551f88d2caf45,ngageoint_opensphere
6439,6c9d89d656b93d957217a97e2fb2c97d8e5c9343,ngageoint_opensphere
6440,6c9e8f8af344f5b8b351c932a0883fdfd5a25081,ngageoint_opensphere
6441,6ca2218a1db5635ec826a11a025b1f9ed3fa2451,ngageoint_opensphere
6442,6ca3723bfa0ca25bb9c3f41cb31f489ee812a60b,ngageoint_opensphere
6443,6ca825c7df91d297dca9edf363c38dffffe637bb,ngageoint_opensphere
6444,6cbdccb2404d79b1bd2e8bdc0e1362507be63e4e,ngageoint_opensphere
6445,6cc4f84276e0a5730f4b1613527a88d1cb1e8947,ngageoint_opensphere
6446,6cc7bb93510cf27965bf0e61ea17a1dd39011d47,ngageoint_opensphere
6447,6cc95fb8a2ea744b277ec8caecffd45abd16496b,ngageoint_opensphere
6448,6ccf0fe02b5855ced3745486f9a27cb5d6365a09,ngageoint_opensphere
6449,6cd2f638d719fb5b075fc923ce8bffc690a38e07,ngageoint_opensphere
6450,6cd580b78abd173618cbaad5a18d61adf411e6b9,ngageoint_opensphere
6451,6cd75e2e341b4dfd2397e132128ac450b9ac588b,ngageoint_opensphere
6452,6cef7dcb1f553f29ea0f27533d930de966ef37fc,ngageoint_opensphere
6453,6cfcf12c56b5035c55c9546a62e2045fac7afdb5,ngageoint_opensphere
6454,6cfeeabead67026ce4c60e78940196e186072a19,ngageoint_opensphere
6455,6d04f8e085f7bfdc137f4f6e8616d79b14f341ef,ngageoint_opensphere
6456,6d0948b77d7e0c67609e8a84155d747ca3ed0262,ngageoint_opensphere
6457,6d0bf4a99f0c1c8682f0e6d69c9354f0154c72ea,ngageoint_opensphere
6458,6d10c23b89ec7500f759e49f2d4080d7f6d62c83,ngageoint_opensphere
6459,6d11e65ec923237a6c22964fd986f3a898d059bc,ngageoint_opensphere
6460,6d195b8340cfa3eab8d8450300d1fb4647aecc22,ngageoint_opensphere
6461,6d1ab50500395dfb6a51fa3a8fd36e1a35a11ab6,ngageoint_opensphere
6462,6d1cb0eb3be7e40410a84f7006a09378764a8bfd,ngageoint_opensphere
6463,6d1e969eab7f15f392fab0eb5802779c2ca288d1,ngageoint_opensphere
6464,6d1ece3e4ea83c8fe4f21d59a06cf4b33762e56e,ngageoint_opensphere
6465,6d3533fef0db53d9fa1de81f0ae452568d27c21f,ngageoint_opensphere
6466,6d3a57d3c84000b3f4daa85b81fd42dd90c9ec50,ngageoint_opensphere
6467,6d3d63193bdc24d39896ba9bd449204ee28d3cab,ngageoint_opensphere
6468,6d49a08ea5bcfd9cb52b42585552f2197c065e0e,ngageoint_opensphere
6469,6d49b22f4ceb66f80b414ce981eb8560955c564b,ngageoint_opensphere
6470,6d506fe233daa734ac9282f924a02188065b1958,ngageoint_opensphere
6471,6d5070a96f81a21f418f36e21f89911192997620,ngageoint_opensphere
6472,6d51817f1eb1ebb89d39c08a8350883f41306c21,ngageoint_opensphere
6473,6d53a0e86db869adcf0910808733e7362a0c40c6,ngageoint_opensphere
6474,6d60c20a98a01d8e5e83903ccea536cec58215df,ngageoint_opensphere
6475,6d62c47160fc4980e56928df45db0021c9dd6617,ngageoint_opensphere
6476,6d63a32d4d069f0ff004d64616de95d1ef7e73d6,ngageoint_opensphere
6477,6d68afc1cacdf20bb1bce6d3b26dc6dffa4b3cb3,ngageoint_opensphere
6478,6d710bd65b96ad324cfa0b8d750c715aef01fd7c,ngageoint_opensphere
6479,6d7ac883422ac6d7db4d28780a536257b721991b,ngageoint_opensphere
6480,6d87fd5ac9455100472905c5e7ed3ddd2bce3b37,ngageoint_opensphere
6481,6d98e414a8ba9c5a230129cc30be73ac7db012a9,ngageoint_opensphere
6482,6da222f7108882a5c0284ee660c499cfeafd301c,ngageoint_opensphere
6483,6dafbd6a3dad2b5688ab742b1b13ec73fd1b2e80,ngageoint_opensphere
6484,6db1e6fb2afda745e7db04be3aa99cf148d2cfcc,ngageoint_opensphere
6485,6dc1b70cfa5fb2473d63db471a23cb4b48a7f0cb,ngageoint_opensphere
6486,6dc68903d76b56ca74126d85e21876009f9aecff,ngageoint_opensphere
6487,6dc8b7f06b499cdc4dc58a408e6813c9237a8624,ngageoint_opensphere
6488,6dcb27141f3f087a48766b00a4608b13f9b5f35b,ngageoint_opensphere
6489,6dcfe1435bfd81b5826f293ecde00e18ca51338a,ngageoint_opensphere
6490,6dd22aabf14025173513c377d355bdad7a37e879,ngageoint_opensphere
6491,6dd451d35f89459d560a073b5b4b921eccc91a6b,ngageoint_opensphere
6492,6dd48d7b61129fc0e771023e5416f373e8f9b2ad,ngageoint_opensphere
6493,6dd5f3d702d84417c3a4b071f80284f4683cb37f,ngageoint_opensphere
6494,6dd6990d8f6a348de516945f0cca51bd9444c3d2,ngageoint_opensphere
6495,6ddb836fba47d2ad4fb4a585fad6317914f2b2c8,ngageoint_opensphere
6496,6ddc5cbe48ed50155b0f53c138b1d621b59e53c2,ngageoint_opensphere
6497,6ddd31b871ed1f5a0be894d787b2add1954fdf25,ngageoint_opensphere
6498,6ddd425ceb0c758d823d444b8dcfcb46017ce934,ngageoint_opensphere
6499,6df2e4badbc6dd315be3b8b48c03027ff530ec9a,ngageoint_opensphere
6500,6dfff44e0714963516cfa97c9562c9f0bdfacf8f,ngageoint_opensphere
6501,6e06b81a83cd6874c27af1a00c83c812e666cdab,ngageoint_opensphere
6502,6e0be0950bcfaf71c0a0e16a9eabad73d075d1f7,ngageoint_opensphere
6503,6e1031d982088d8c2b0128fcc65e7805f38c9d01,ngageoint_opensphere
6504,6e125f4e4338560c82e78ef1e271ef64f9f94b21,ngageoint_opensphere
6505,6e17ca7d777e48e60dea5463a4cc9d25aa7946e7,ngageoint_opensphere
6506,6e1ab7ec94d8faa9832be9179c1affca33ce5147,ngageoint_opensphere
6507,6e1cadf228442ab1d3341ae0906f4a992970af9b,ngageoint_opensphere
6508,6e1cd3ac7e92fdbf1e59767c60142081e1b4e30f,ngageoint_opensphere
6509,6e1eccd82b7195ff31d8fe314714b3e010343d9b,ngageoint_opensphere
6510,6e1fd1eb4a251c31e8fb9166ff692f3016ffe770,ngageoint_opensphere
6511,6e26159b196bbfbbbbd486709ec60afdefc00d7a,ngageoint_opensphere
6512,6e2929848f86059b9ef45c255226f9829c682c0e,ngageoint_opensphere
6513,6e2d82350547c2dcff24ce3df004ce07301b765a,ngageoint_opensphere
6514,6e2e69f50ab50e6e42bc4d7a6c5f25f833531803,ngageoint_opensphere
6515,6e346cbd96516057f36de021b4afc8a62784c506,ngageoint_opensphere
6516,6e34e3fc3dca446e30d91f88645b850c228dfd03,ngageoint_opensphere
6517,6e429dd0e118e4b7df5e9e51d58745b852f36894,ngageoint_opensphere
6518,6e49e72bf6bf9db158c47c2f40e279c8240d796c,ngageoint_opensphere
6519,6e4e9ee8fc911df184eca11e52a43510551e7861,ngageoint_opensphere
6520,6e4ff2f0a78020af1f03ce9c89a8ffc2953e341e,ngageoint_opensphere
6521,6e51bd4162626183230a431b7c9e2337ce2aac23,ngageoint_opensphere
6522,6e574035c970a8bbf1cc0b39510a301317a7043c,ngageoint_opensphere
6523,6e5b704cc7d4db59ed2f940b5abb01bba0a1a9ff,ngageoint_opensphere
6524,6e5b7c421d6c35eecb4541da7c2e29dfad58cdf3,ngageoint_opensphere
6525,6e65812f72f58c204874a0ee2beded691bcb16f9,ngageoint_opensphere
6526,6e6640bed20277690db1152baaacaf7c7a81f045,ngageoint_opensphere
6527,6e6b281a99a581b76643317c3137e2f1d00484c9,ngageoint_opensphere
6528,6e6c9db7548ecd50d0248e0f26eafa71ff10ed8f,ngageoint_opensphere
6529,6e7226b308b586085a0bc8c3e5414d2f4a64b372,ngageoint_opensphere
6530,6e73e3212f7ab3502a270fa6343ad27f777ba330,ngageoint_opensphere
6531,6e7b7366a9f0f0dc88da021c4601ec8c0a2420dd,ngageoint_opensphere
6532,6e8e3367f3c7302ea286aa4143b7d161ef980bf0,ngageoint_opensphere
6533,6e90a65ad5b76765821dc9f1027b24e0bd5c74bd,ngageoint_opensphere
6534,6e90d63e0b876a3742cd51f923a90c92f204a368,ngageoint_opensphere
6535,6e958f6e7136a12577e9a78cb251a7da7c19ffa1,ngageoint_opensphere
6536,6e98dc5f9ba0f76ac78405788e9a236afb0c4058,ngageoint_opensphere
6537,6ea473e0dcaf02662838f623feb122eee91ed9db,ngageoint_opensphere
6538,6ea68f3597eba7ba5ecdb27dca84672fe066660b,ngageoint_opensphere
6539,6ea81c784a35677e3a4248aa87b1a34d6a2179c1,ngageoint_opensphere
6540,6eab1906f9453bbc484b5791fdadf49a56f9aaf2,ngageoint_opensphere
6541,6eab7878aef368b5b4d29f13831cbfd684e43707,ngageoint_opensphere
6542,6ead9f38bb7df1aadb67aa7adef1a41be67f45de,ngageoint_opensphere
6543,6eb34314e6ee289c39f1e8d1d9c9981d4f39706c,ngageoint_opensphere
6544,6eb9721a8ba0dc52ec33eabe0dad2ad7270d48e3,ngageoint_opensphere
6545,6ec16509c5021dc43058a4fe01126e1491a2f6d2,ngageoint_opensphere
6546,6ec33bdc0ee2c2f79dc58b1e888a520d4ababf58,ngageoint_opensphere
6547,6ec5e4c9170263a3244826396420e169acf9431b,ngageoint_opensphere
6548,6ed08bbb574b628f2031d65767b815709c518e43,ngageoint_opensphere
6549,6ed3cbef919927e3d1756de670c9a66be978d31c,ngageoint_opensphere
6550,6ed477dba5439c249b908d73f0adea7d9bc85518,ngageoint_opensphere
6551,6ed954ac169e4d18f5432c73227578d6926a73b6,ngageoint_opensphere
6552,6edb1708a21ba69294be96174e756c62861b54ec,ngageoint_opensphere
6553,6edc29085818798da81bf3c83fc06b0bf033b7f1,ngageoint_opensphere
6554,6edd057d17655887c778ece7f41055147171d821,ngageoint_opensphere
6555,6ee0a491694fa4ebb044eee23c82e05318a6f564,ngageoint_opensphere
6556,6ee7e1e96d65b593f2d0c4144ef21280c9b2a7c0,ngageoint_opensphere
6557,6ee9fed62fc11a3037d3e205f4e12588189ac2b3,ngageoint_opensphere
6558,6eef951ddeec0374869be3713db6df75c6951c54,ngageoint_opensphere
6559,6ef7bd1350a1aa3435a6fc9b33f4de8817f7bf84,ngageoint_opensphere
6560,6ef7e10153835956ddd15bbed4dc404425e4d921,ngageoint_opensphere
6561,6efa3507ee0da7ce829b5b768e3ccaf407436d04,ngageoint_opensphere
6562,6f01a231fca15aaef32852dee9a9f68b5d164bae,ngageoint_opensphere
6563,6f02dc5b71baa9310f36cce047f1ee26a013512a,ngageoint_opensphere
6564,6f09f7fbd32e9a5e40f8bef2f1ad273aac6e12f9,ngageoint_opensphere
6565,6f0facc763d28e75c1ecdc2ea77c8065e9384eb8,ngageoint_opensphere
6566,6f107fbc3b04f3ad5f5dd90c96aca71764d1172b,ngageoint_opensphere
6567,6f11ebd01d92d605f424245b2aaed189f434368d,ngageoint_opensphere
6568,6f12da39480bfb9f16f208b172e6714701c8f13f,ngageoint_opensphere
6569,6f13946d4e9236b1bf5b457180906779f342c9d3,ngageoint_opensphere
6570,6f1713006713c84d02b663407175db42ec32638d,ngageoint_opensphere
6571,6f17ded0fb57b01fbcdb4cd542994329210fe102,ngageoint_opensphere
6572,6f1faf1036dc5ba83afa22c21a724b1d97e65ecc,ngageoint_opensphere
6573,6f2a4325c18414967134832b7f1cc8b681c55f4b,ngageoint_opensphere
6574,6f2bc47b3662d378933c9c0222294c6cb0a28956,ngageoint_opensphere
6575,6f2bfe8dc4633295129141298fbc525c9788e893,ngageoint_opensphere
6576,6f2cdc065af41d10407ee273581c6241b6cc9eec,ngageoint_opensphere
6577,6f2dcf991058e2a2a4444ef384ce32e990caa277,ngageoint_opensphere
6578,6f2e0f28117b57295cf77b8d82023293b2c8f487,ngageoint_opensphere
6579,6f31e310928146ade77047fc6a822df9704d1488,ngageoint_opensphere
6580,6f3446642fad5c26ee2b0fb172aedc8a8c0434d7,ngageoint_opensphere
6581,6f36dc037d7c2cd8985d2cd07343440df71fe223,ngageoint_opensphere
6582,6f3ce468d726b0464f4897e0117917383d2d2650,ngageoint_opensphere
6583,6f3df46b3a203009495ace405cb840bdb5ae32e5,ngageoint_opensphere
6584,6f3fc5d2ffb76e8050c440fc81f252a83d46eb34,ngageoint_opensphere
6585,6f4126a623c6431088b313ded4792f9381e11c23,ngageoint_opensphere
6586,6f43f0e465ee957767cd1d30488bf0326901244b,ngageoint_opensphere
6587,6f47b9b33fb5ebec47f43be20a1cf2ee514c163e,ngageoint_opensphere
6588,6f47cab244493826c7b916f5bd01b537cce5c2ef,ngageoint_opensphere
6589,6f49597dbeaa7fb1054b49bba898ae31c072bcb1,ngageoint_opensphere
6590,6f4aca7e0e39aa90c5565bb0e1d9b8f768fea06d,ngageoint_opensphere
6591,6f52245bb592c487b15eff500595ef8d74eb51e1,ngageoint_opensphere
6592,6f59ca9b1a291f7897b84be460b365b45a46bceb,ngageoint_opensphere
6593,6f59d993c96d44ead78f6258fb4457dd1c9b9799,ngageoint_opensphere
6594,6f5c1b8c461877aec7a98baf67853fc595f0efcf,ngageoint_opensphere
6595,6f5e738fb480187e093173911fc3041d0d67da61,ngageoint_opensphere
6596,6f6ffbebb1b53e11e98373b7c4523aa8ba58fa70,ngageoint_opensphere
6597,6f70995a8856de53496d52d16a336d86e55205bd,ngageoint_opensphere
6598,6f7187c4ed0abd58626cb5637186ed1d05f66e47,ngageoint_opensphere
6599,6f782f9bca339e4793777f33809faa678e906f44,ngageoint_opensphere
6600,6f806424de281ca0fbc54b9086e7a334bc5586dc,ngageoint_opensphere
6601,6f8097ac5669ed58a56c7f3fcebbded73c612e8b,ngageoint_opensphere
6602,6f81b1de24eb9e2c294accabf5f8c243e6d945b8,ngageoint_opensphere
6603,6f83271338af251f508943e9bdcdece69be07f98,ngageoint_opensphere
6604,6f84e5113c1c41522d8415e8a87fd04bac14dd77,ngageoint_opensphere
6605,6f88fca011281a6e9e12b03ca3c2565706ecddf5,ngageoint_opensphere
6606,6f8a2a34ae0192a55b11e083494d0299a99da772,ngageoint_opensphere
6607,6f8b8e8d88cf1a3d301d035a4b4dc8f4bdf2cc6a,ngageoint_opensphere
6608,6f9847c89cbd2caf01608955337a119c24a30e9d,ngageoint_opensphere
6609,6fa13f30e4faaa5da422b0fe88ab281638acab14,ngageoint_opensphere
6610,6fa2e1b837235832cef34dd6632bb311503d3462,ngageoint_opensphere
6611,6fa717c1838bbf69fcfcd470456a2128adf319f3,ngageoint_opensphere
6612,6fad6664b66936c1669c40da89f77758cc5e77cf,ngageoint_opensphere
6613,6fb3716e35fe14010a35e8de665d0606d507d955,ngageoint_opensphere
6614,6fbfe154d36ae547b5c014aa6e121dcbde53fcaf,ngageoint_opensphere
6615,6fc665c641c9757e3b840b1c57833afcaef61149,ngageoint_opensphere
6616,6fc7b694a937aa78452a0dd28ea2d885f5ff2b7b,ngageoint_opensphere
6617,6fc8e281fe4cec48a5623af08500f452831c261f,ngageoint_opensphere
6618,6fc9a1b613490a4077a18aa4e22a204903732ab5,ngageoint_opensphere
6619,6fccaa85497300b9cabb7ea4e55d07a292e5c191,ngageoint_opensphere
6620,6fcd8358b6f45ea5807f4c90dfa2e8eae04557fb,ngageoint_opensphere
6621,6fd4f73064be69ade14b65550d674f1f265ec6ea,ngageoint_opensphere
6622,6fd6ff517d3e414775d91461f41528024b78e734,ngageoint_opensphere
6623,6fda20eb964538668f00d5fcffa440e447512c2e,ngageoint_opensphere
6624,6fe12c2fb92ba521e4f162c1a7e247f0807a8c29,ngageoint_opensphere
6625,6fe19d703fe695f13fe64c1afd939afa7e858448,ngageoint_opensphere
6626,6fe941104b5df1ac0bd90a5898841b72e5bf0c97,ngageoint_opensphere
6627,6fe9d37f7d86a152182f4c1e10b3932966ce6f95,ngageoint_opensphere
6628,6fee1f8aa84ef9d5efb579445b3d86ab559d957d,ngageoint_opensphere
6629,6fee67bc2f2cc2a72926022dcfdcdc64915c25cc,ngageoint_opensphere
6630,6ff4cd9fb61734032285bb8a07fd9fe78a1bfb17,ngageoint_opensphere
6631,6ff635079903f2de78223a987c3c8d939ddd31e7,ngageoint_opensphere
6632,6ff88c47040647ffdbfd2d8d1226791599d20762,ngageoint_opensphere
6633,6ff9f4044644ee02600fce9b8d354493bd1d7556,ngageoint_opensphere
6634,7002c726983faa150caf3a55480503a7d9277e5a,ngageoint_opensphere
6635,70078b3cd2466ed4d3015c4e5a77147c652438a6,ngageoint_opensphere
6636,700fd904a5568f1a5c0dad28ca1610f196a14797,ngageoint_opensphere
6637,7012eb7d68d161bb225dbcc33811191662016f0e,ngageoint_opensphere
6638,70197562096fb38a8a044ecb3ea4884974af0288,ngageoint_opensphere
6639,701fc50414e22acc58c19aeb5dc74bde883e70fe,ngageoint_opensphere
6640,702174aa40baa5d6fff38cf1e8dc94406eee9dd6,ngageoint_opensphere
6641,7023761b6dc64cf4201b7577d3afde844317852a,ngageoint_opensphere
6642,70248b20f6477c5c5ca945864923d68f56472546,ngageoint_opensphere
6643,7027d76b775e8c18e1ef7662ef95a10d11462a69,ngageoint_opensphere
6644,7028c8bd9638b5ac23d082d802ba920ffca1dbc9,ngageoint_opensphere
6645,703329daea9987b3d04405185341b059e531eb04,ngageoint_opensphere
6646,7034be6def830cbbebeba7524eefc2f53873ae8d,ngageoint_opensphere
6647,70364e2faa6c1088bc2309a1cb169d138e63c27a,ngageoint_opensphere
6648,703745b3187d60f157a194b0c0769da1a8a6992b,ngageoint_opensphere
6649,703df22ae046bceab654956944334e0c9cbd1eaf,ngageoint_opensphere
6650,7042ab159cdfad788a4ea4b40152ae09a94bd544,ngageoint_opensphere
6651,704448a70b8e4d98e5625c4a52a311d219ced0b7,ngageoint_opensphere
6652,7045620df0b59f03dddbd9fb0c094f81a4dd889c,ngageoint_opensphere
6653,70484f570f0c930ebae6050be3a4e86a44239211,ngageoint_opensphere
6654,70494a9affb2370e62bffe55bf177ed6c1d373d3,ngageoint_opensphere
6655,705385205ae88ac921b2affcf90509a8624389b7,ngageoint_opensphere
6656,7053faf6f0cbdd8c925cc34e7500be0aefc1096a,ngageoint_opensphere
6657,70565a2849105cd79a2bb3c734aadb19340279b8,ngageoint_opensphere
6658,70577007441229cb63c300e3db2fec0b447aacfc,ngageoint_opensphere
6659,705c1f78981ebdf005773ccc4079ea740089c82a,ngageoint_opensphere
6660,7060cee7ec7c15a33fc54922950f6e7d3dc25836,ngageoint_opensphere
6661,7061616bf72acf3abd093c42d6d03f215f843c7e,ngageoint_opensphere
6662,706a013b24f9773263c84578dede2477a35d3b70,ngageoint_opensphere
6663,706ad86f61cc8f1489c1a22dd72123ac4f0b69ca,ngageoint_opensphere
6664,706c954d7a1c421527a42ad826bf680a9aad4dee,ngageoint_opensphere
6665,70707582cac037e97b1d3aa72b0e8355613fbe54,ngageoint_opensphere
6666,7072305ec01c6e1e7c5a7b0c88a8884821873433,ngageoint_opensphere
6667,70814fdd839f9552a40cfeb222bad6aa5c363c0d,ngageoint_opensphere
6668,7082022d8150a2c2a6c481e09eb9f4bfa161285a,ngageoint_opensphere
6669,70826a3291ebfc77a40ba1fbda9c394846fde376,ngageoint_opensphere
6670,708b365925a121418bb624f171aec0537029724b,ngageoint_opensphere
6671,708e148ac47963b33662356702740751d65a25fa,ngageoint_opensphere
6672,7092b73af45311f9626744887a35a3ad4ef49377,ngageoint_opensphere
6673,70942e2c3be089a14a06d0d39923830b855e393f,ngageoint_opensphere
6674,7095ff6e8edc3befe97fbf53d013d138e9e9365e,ngageoint_opensphere
6675,709b427e4e01f68b11bd9887a1ffb213e94cd759,ngageoint_opensphere
6676,709c201c21ec05a7cdc8ea8b455980e4d16ae815,ngageoint_opensphere
6677,70a0ccf85e70d938f36fa40265d08df426465db3,ngageoint_opensphere
6678,70a5181a7b003f07bdd2657fb52a1768cf2417f2,ngageoint_opensphere
6679,70a7577afd61d680467b9fbb222dc602248fdc1d,ngageoint_opensphere
6680,70aa730d58fcefb807cb51f1f01922ba5ee27ac4,ngageoint_opensphere
6681,70aa7dc2e641fb82beca0b7fbb6d8cebd6d658b9,ngageoint_opensphere
6682,70b3853f605087cd1f19ce77530e8b7aab68ae8f,ngageoint_opensphere
6683,70bf3b684d3be0cc08182f968fc13a5979287c3b,ngageoint_opensphere
6684,70c8f2c429463b8879db4f04a9802a976202db5f,ngageoint_opensphere
6685,70c960638a8d76663550d6067750666f8d025837,ngageoint_opensphere
6686,70ca2321824b3e9cd43bc21910f9bfa6c06b63b9,ngageoint_opensphere
6687,70d0179b8b46217817ba35b85f842aabff22a172,ngageoint_opensphere
6688,70d12dae6a69d4c1aa09bacdbeb5a422bdeabf9f,ngageoint_opensphere
6689,70d5e5cd8279c6fcde729a6b3be9c4e2715b0642,ngageoint_opensphere
6690,70d6e577ee130782488b1c9dfaeea2073c38ece1,ngageoint_opensphere
6691,70e09cfde22d1a4814629baff5da2738097f5358,ngageoint_opensphere
6692,70e2f469955dffa572f8f595e7f3508587ecd35f,ngageoint_opensphere
6693,70e6fa95f80182961b5f111fa9eb9e447b09c59f,ngageoint_opensphere
6694,70ef89c2421b09b8cbce5dc9b35b8181752e521d,ngageoint_opensphere
6695,70f128d06572c176adf5cbc58afe2b43f359f209,ngageoint_opensphere
6696,70f18b205b9cfe0fc26c42595f82f36bf85de1d3,ngageoint_opensphere
6697,70f99c94bf679716e2e6c2086375f25f6c2218c0,ngageoint_opensphere
6698,70fa40a41c65410d58a800db754a919439c9f8ff,ngageoint_opensphere
6699,70fab1680cf11821b3d210a975a83eed85014f93,ngageoint_opensphere
6700,70ff1a8a90a910cd812d4b8a695d36ede0834e84,ngageoint_opensphere
6701,71017a1dd40208154537a3698748fb339233dbc0,ngageoint_opensphere
6702,71043562119c8d2d821e5165e0c96bd0fe78e19c,ngageoint_opensphere
6703,7109670b3ac73f6876f7eecfab039bfe22db0dfb,ngageoint_opensphere
6704,710bd3517a4c91fc4f8c42559b4b9e2fff7ac46b,ngageoint_opensphere
6705,710c84f073c0e26dafc1a4aa77bb7fb5f8c0176c,ngageoint_opensphere
6706,710eee033ed7cd9b314e56627fb70cd4851c8ec3,ngageoint_opensphere
6707,7115962728efddfa4620aade50ef171099071dee,ngageoint_opensphere
6708,711a9e30fa9de88fda9150c3d4264d66de9eaa94,ngageoint_opensphere
6709,7121ed9fdd559092686b4b3332338043550166fb,ngageoint_opensphere
6710,7124eaaf69060801b3e2e88d48b29a493ea3e0ea,ngageoint_opensphere
6711,712a1191b365b229215d0301acb9280514877d29,ngageoint_opensphere
6712,712bcff524b7adef9c57204f2b8eb3a76a63f2dc,ngageoint_opensphere
6713,712cfd81348732c7e2096e5f03cb124b61e591d1,ngageoint_opensphere
6714,7135955a6eede84f36fd33e815af069fe8cf135c,ngageoint_opensphere
6715,7143a0e997d1b6c948c5fb1d270d19f0ca0a9dc5,ngageoint_opensphere
6716,714c87395ea075e8f9f31f2b9d722c32ddfea87c,ngageoint_opensphere
6717,714e246527dd1d518e3cdac2acbe3145bbfcbba1,ngageoint_opensphere
6718,715239227a962b52266a9deea8399cb08f42fff8,ngageoint_opensphere
6719,715642f5172219c794002b299c8a3b003be8587c,ngageoint_opensphere
6720,716d8e4129389ec09e96e1763ee15041dd951ee2,ngageoint_opensphere
6721,716e7e947e074461ec9983a84acf14de5085b3b5,ngageoint_opensphere
6722,71704783b78c86a685303e0c0e29567e3737bb6e,ngageoint_opensphere
6723,7172c358819a9160f32c3998f7e5bc6d2d0bc9ae,ngageoint_opensphere
6724,7180ae8b1767b1aa2f716362fd797000c0fe0ff9,ngageoint_opensphere
6725,7182bc9297346c7a61a2ef699de5672900656778,ngageoint_opensphere
6726,7185177c140e53c4781c01204a9c0a4f21a09fc5,ngageoint_opensphere
6727,7186b088f5463609375430e205dd79e783cfa762,ngageoint_opensphere
6728,71881010e7f73768422ef57dfe78f3b953c4d174,ngageoint_opensphere
6729,7188f0575f414691e79f8ff4cab8ed03b22149e2,ngageoint_opensphere
6730,71991cc4e78013170e629cf1d6a0889101104ebc,ngageoint_opensphere
6731,71a2d4bc1753b5bdad212baf42e0361166e09ce0,ngageoint_opensphere
6732,71a77fb0942c445d28fc1dcbe998644a45a98925,ngageoint_opensphere
6733,71a7a41fe24f90b37b5b3ec20ef07a098dd5face,ngageoint_opensphere
6734,71b082399a02061487380f37318d4e69666ce04b,ngageoint_opensphere
6735,71b1e91d7dc039ef76e0f461fe1e0e87b58f9260,ngageoint_opensphere
6736,71b5077a64eaf7e1cb582581b92583ddebc45f98,ngageoint_opensphere
6737,71bc2687a84b065fd93100f9d760ed82619664ca,ngageoint_opensphere
6738,71be00db68ebe570b357e2e2b975e08b834620f7,ngageoint_opensphere
6739,71c2b9a003db9213cf3c5833005f4204de5ee3b4,ngageoint_opensphere
6740,71c985c13fa45720c872d13d25c638eaef6ab685,ngageoint_opensphere
6741,71cfe987709e5a6ec185c9ff35b474bd8d99e331,ngageoint_opensphere
6742,71d3c9bb1f234e5baf2df7cbfaaa003c1d121caa,ngageoint_opensphere
6743,71d694dba6dcf82a1b14dd1628e0bb16286f76f9,ngageoint_opensphere
6744,71dcb98c498dc80f0253563a803b226abdd40f70,ngageoint_opensphere
6745,71e4331bf8e6f0cbbf6f8b99304d161deffc6eda,ngageoint_opensphere
6746,71e66f100c7d679c50555c7ca5ae3238e8ceaf90,ngageoint_opensphere
6747,71e94f1555e26da69fcb17846d7ab52205c86655,ngageoint_opensphere
6748,71fa5acb3f9208788c3642a2d4be18131f228bb3,ngageoint_opensphere
6749,720d63b61c00b99ac88d658080eb17d8326d206e,ngageoint_opensphere
6750,720fc0bd8eeb63492e30aa15a159323dddbd454d,ngageoint_opensphere
6751,721293c82d067741d4fb90ffdc2a6815881a08b4,ngageoint_opensphere
6752,721be45cd88237663caaf59b33d3e4fd21e1da6d,ngageoint_opensphere
6753,721c75cdb141c7dd53f1c5214eab323f9cf35657,ngageoint_opensphere
6754,7220ce2ac087423252c90cc52d356e4caa4e8653,ngageoint_opensphere
6755,72293b70f61a2d7da64e006dfbbc2f4c9ad3b6a2,ngageoint_opensphere
6756,7236c0a0d889a8fee6c18569fc6123024fd71eac,ngageoint_opensphere
6757,723c432f6e58a37304bc217c53c017bc6925c288,ngageoint_opensphere
6758,723e052e61567b75f6ebe3af069beb199309930d,ngageoint_opensphere
6759,72441c121f9c766ac7403d5561a99cf410bb5a45,ngageoint_opensphere
6760,7244fd84f2dc89a3659349ee7cd8b9a65d9e0dc8,ngageoint_opensphere
6761,72454888ea4d8456e784daf556395e92415ad8b6,ngageoint_opensphere
6762,7249c49b658de82e29fe05b9c3dd2ab4f534b786,ngageoint_opensphere
6763,724f46a0f269114349d565b537e5ac0494005548,ngageoint_opensphere
6764,7250a4b0a0fbba6c5a3cfbefa55b33542fee0fae,ngageoint_opensphere
6765,72518ffcd3f8287b7e211a7c01a1834dfdeb399f,ngageoint_opensphere
6766,7251e6f8070b459a9852ac2debfe706435fb983b,ngageoint_opensphere
6767,7252b1556f9969c1e95867171723d3362dd8ce01,ngageoint_opensphere
6768,7254a2a2f017e0e6b3dd50da9257cc2d92398a62,ngageoint_opensphere
6769,7258a29625a08db94a4dc4afdbca76924ddc2562,ngageoint_opensphere
6770,725b7192c6578b3d6a6e6cbb90dc161084738d8c,ngageoint_opensphere
6771,725e937bab145aed1c246253ad0b68ac45fe8405,ngageoint_opensphere
6772,725e93bede544c905fa61eddf1191195351ca8e3,ngageoint_opensphere
6773,72618eaf537cd1312a54ab9c3b4c7cb4d6dc6da4,ngageoint_opensphere
6774,7261e15e68a4e4b23d24d753128abf5f3b36da08,ngageoint_opensphere
6775,72637c43fc10c0ced338cc8e0bdcc2faa5e46898,ngageoint_opensphere
6776,7264b2310d92b31fd1d7f475ff6bb12c99ac4e6b,ngageoint_opensphere
6777,726562ca3fb132ae8770166d426beab0a0919fad,ngageoint_opensphere
6778,7265b76d873206215e53666611a3d0e0d7caa074,ngageoint_opensphere
6779,726d37f93d0743c19d2dc93e8c5c85133c444e6c,ngageoint_opensphere
6780,7275c897c15be471b19f51575e2fb1ae1f558670,ngageoint_opensphere
6781,72777250466fd43f8f7afb99ee6814746aa04a37,ngageoint_opensphere
6782,727b713fca0520ce2eda7886b925740ce6447358,ngageoint_opensphere
6783,727ce001a69c2345a56cbbf500b9edb362c83b1a,ngageoint_opensphere
6784,7282f4e41f7f9154ce209a29a9f0a18d9cba2d6e,ngageoint_opensphere
6785,7284ca22c4ea5e5bb5e9327da9ff9742e3aab8f7,ngageoint_opensphere
6786,7288a8a1655768ad0004018f761040e469649136,ngageoint_opensphere
6787,728aca744dddb5f0149d92e3963fae1d4af34be9,ngageoint_opensphere
6788,728bc879d962ff14a435ac13753f42f69a32bc6d,ngageoint_opensphere
6789,728c5c321340c54389852cd14f7e18e491c6019e,ngageoint_opensphere
6790,728da83b5df4b4e0ac8357724e8893050d689822,ngageoint_opensphere
6791,7294a4443faf928476c9b2928188f3d3d1f7ba3d,ngageoint_opensphere
6792,729a31ed1f80c1551f7c358df163d707c3aa20bf,ngageoint_opensphere
6793,72a9b5eb02354f0423d6e6f40bed84e0bb3d59b0,ngageoint_opensphere
6794,72ab32e0c37d7e88533435a8b61b4502a285e9c1,ngageoint_opensphere
6795,72aeff8b0145af1c78d8471094ae8eba4b51f8d3,ngageoint_opensphere
6796,72b07c1a0015e84a247ed171e72ff3081ad17bf6,ngageoint_opensphere
6797,72b484ed690fd5178693778f9112b9e859465134,ngageoint_opensphere
6798,72b76a472924696f6435f2c7673435f243bfa1b8,ngageoint_opensphere
6799,72b8ddf5978ad4c2929f71cb8ee4ca077df976ab,ngageoint_opensphere
6800,72c053b0a7d1cb2824b06e68f0c8a6e8a36b3256,ngageoint_opensphere
6801,72c1d46eaf116541e9f395749a75fc228edeaa39,ngageoint_opensphere
6802,72c37bc75d153a038f8379353ff81caec30115f5,ngageoint_opensphere
6803,72d170ea7922ab20ecfaccca94b36eb861e475be,ngageoint_opensphere
6804,72d4927070e3735b39bb984c1af51bfed4050bbb,ngageoint_opensphere
6805,72d9525b44f4180ea5bcf25c5a711146b96fe2fc,ngageoint_opensphere
6806,72e393010a7e2db874133f278016c57fcc96cdd3,ngageoint_opensphere
6807,72e8f4aac86299efbac0a237f2a7b5b4edca2326,ngageoint_opensphere
6808,72e9aa7abd50ef892bb30b3d8ca02645924b7366,ngageoint_opensphere
6809,72ebd3937fe72ee18aaeb6c9505ad7d1feb83557,ngageoint_opensphere
6810,72ef00513d4361232432a43a7c7ef3aadb7c7a81,ngageoint_opensphere
6811,72f5ac922674f93e117d1f27ba56da46dc229300,ngageoint_opensphere
6812,72f953b37b42f7081c89462beca92d3233db997f,ngageoint_opensphere
6813,72fb745bff940076aa605cad2a6b55d1cdcbd9ae,ngageoint_opensphere
6814,7302773478ba4f250877124a796f09ee29809728,ngageoint_opensphere
6815,7304ae3faa543d5b6d0693dee99f3a2d48b141cb,ngageoint_opensphere
6816,7304b73f2893422d02475d1a31bfd1980c607e0c,ngageoint_opensphere
6817,73085d2da66d4bb4cefe144576e2cd4ccda5d926,ngageoint_opensphere
6818,731098a8a477e4a677f98d85293ead009758a3d5,ngageoint_opensphere
6819,731737b32cc830cb3f29b429496e57ad5f27cc80,ngageoint_opensphere
6820,731d9f968a7b115bcc6133bb00fa608db878c53f,ngageoint_opensphere
6821,731dec8b689df97dd66feb2b7e433fae0bbe8d27,ngageoint_opensphere
6822,731e451670316e4cf3ead1e2098d71eaf757d76c,ngageoint_opensphere
6823,732ce5b45ff5259ef2846f8ace33dde0270960d4,ngageoint_opensphere
6824,7332c834666f51ef2b4cba31a6a5d109ece5f308,ngageoint_opensphere
6825,7335c77f368c788785201e5a6448eed3a56fcc94,ngageoint_opensphere
6826,733826c8fdf16df18930159e2055346f97d2003b,ngageoint_opensphere
6827,73411e526d2547c1b7c399ea828980689806c03e,ngageoint_opensphere
6828,734380a29df12161081321dccd0d60d254ab228b,ngageoint_opensphere
6829,734d1e14a65e622c45be9c42ff3dccf9056f7ada,ngageoint_opensphere
6830,7354cdfae514a972d6737d0df9b1d269cea5c685,ngageoint_opensphere
6831,7354f43aea1c5af45a19a9548de1d30d4a34ecef,ngageoint_opensphere
6832,7356923f26c55e7128d9654df7de32546310c402,ngageoint_opensphere
6833,735794346db78269846e4c673ea1120dea7c2e5b,ngageoint_opensphere
6834,7362fd8b3e8a3477c4c1e64843f6df4ef6afe9a4,ngageoint_opensphere
6835,73663737705f6565330b14d2133e1e6755cb0f9c,ngageoint_opensphere
6836,7366ebcadd7d07eda3957de244cae75aa8389618,ngageoint_opensphere
6837,7369329a62a8e719deaef2c392af54a6ca69239e,ngageoint_opensphere
6838,736b49509a58dbd863e6e8cc6824f3cd9b8a1849,ngageoint_opensphere
6839,7374d04eb9fe5a7a1416b1fa28ecff1d2580dfb7,ngageoint_opensphere
6840,7376f54493dc56d503548c41affd96e071f97c06,ngageoint_opensphere
6841,737848c9d412a26449a783fe27d4f4173682f11e,ngageoint_opensphere
6842,7379785359b380aff9463fca7cb9978ff8e045d5,ngageoint_opensphere
6843,737affec0149b521791591238b13a341303cf031,ngageoint_opensphere
6844,73841b190b14fa0a9b7c10e614c3ea9d781d764f,ngageoint_opensphere
6845,738fccd066083ba951ef46785a91f8c51abb37a7,ngageoint_opensphere
6846,7390b55aa94ea769c27bef640de0ca5be2bd9592,ngageoint_opensphere
6847,739c033b9557f608c77de14f0581e50db7764596,ngageoint_opensphere
6848,739c0728b248f226abd679ef91430cb906d593ed,ngageoint_opensphere
6849,739f31b2cb5ecb85c1c2a92e0499e46112515fce,ngageoint_opensphere
6850,73a038a7cac0c3804501f04febd321158e361864,ngageoint_opensphere
6851,73a91461cc97ade3cf145e2afc3e0251bc2bb0aa,ngageoint_opensphere
6852,73acb2d07b130459517bd9d320e1b34e3d8abb40,ngageoint_opensphere
6853,73ad1edd70195a7e61556acc7d53d424dd411fe3,ngageoint_opensphere
6854,73aef5d1245d52592e2aefde7e9c71aadfebfc46,ngageoint_opensphere
6855,73b11897bd87fbbb8210709dda1a8304e21058e0,ngageoint_opensphere
6856,73b865bc153fd0289c6dd0d9129b0d6200e5ce5b,ngageoint_opensphere
6857,73b99dfc677e91e52fdc553e97d5d8e2a0156f62,ngageoint_opensphere
6858,73bf2a8956b39687872491899c9b0171b49b11de,ngageoint_opensphere
6859,73c75d74b18df4b47e0b1c4b7ad972315cab6056,ngageoint_opensphere
6860,73cf6d090a6c49e08cb9a8021a60595ae5d76938,ngageoint_opensphere
6861,73d29f2b5901748de34a1f48bbbc9bef8e4a3be4,ngageoint_opensphere
6862,73d45a07ea2bec695436725b335fe7439adaae69,ngageoint_opensphere
6863,73d70fc3d18674928600e6192a11830096b97b74,ngageoint_opensphere
6864,73d9a09b441b2150d3daf80145dfd93f5c5060b8,ngageoint_opensphere
6865,73e28b2bd06e38cce72405757c681a274c31928a,ngageoint_opensphere
6866,73eba1b985732810150d8883f58f0082f808c627,ngageoint_opensphere
6867,73f9d83cafaffd729cd618d2f7e02328c82b1086,ngageoint_opensphere
6868,73fade0b9544445ede167bdfe64b31333466f7ba,ngageoint_opensphere
6869,74096167f9984eca3820212a88f6c48c31ac7f89,ngageoint_opensphere
6870,741045822d1ebb1f9eda53a94204e1ffc8b465bc,ngageoint_opensphere
6871,7413d1f3bc35827482cc95120f259aa3f8bd1347,ngageoint_opensphere
6872,741a7b009bea5e3f5f76a375c94ba556b68f168a,ngageoint_opensphere
6873,741ee67643d3bf639b926153e4f66a0a9648f625,ngageoint_opensphere
6874,741ef8b9d87c74ef3b841bd1b9e7a2413821ee7b,ngageoint_opensphere
6875,7426144012cb893cae1181271002d7e81743faa4,ngageoint_opensphere
6876,742a63e45aebd079ad2e168f8737e772de0141fe,ngageoint_opensphere
6877,742c55af8166f2d6092a61b7a62981c9776b597e,ngageoint_opensphere
6878,742cdc6cd049fc0662d967c09a7d992d871e50db,ngageoint_opensphere
6879,743b92a287985432158628bae71d33d57d45247b,ngageoint_opensphere
6880,74411e2b88925d05bb08fa72f81245ac82834d57,ngageoint_opensphere
6881,74471272b99c3c64595a9ec11fc54e28a47c2c59,ngageoint_opensphere
6882,7449307999d995d190088efba79925109a434b1e,ngageoint_opensphere
6883,744ce840fc2b11eb4b61373f84bb84c26c2c3284,ngageoint_opensphere
6884,7450dd949a11e2015dc5e5cf4ff4cca18867d513,ngageoint_opensphere
6885,7463c814b97e2df8b87a2badd656dda32afa8220,ngageoint_opensphere
6886,7469c14936a8926422ef5b313527d181fe6c2dbd,ngageoint_opensphere
6887,746b05f6fa71f1a1a0b8827ec925eee6497151a0,ngageoint_opensphere
6888,747719711a6c8ad0867f5a0f4cc5c5f04effc083,ngageoint_opensphere
6889,7477d15b807137f0fab9a7e02219b08b4585f544,ngageoint_opensphere
6890,747f88f9a8248593079643a3acfa0a006a2f5a70,ngageoint_opensphere
6891,7480b173bf9fc70f9c976ea0d3ab2c1ed24aae48,ngageoint_opensphere
6892,7481ff00a7eab57926aa16d28c4fb54ef58c9b26,ngageoint_opensphere
6893,749337d0a41bc5bd295d296b68a70242b965512b,ngageoint_opensphere
6894,74950414d0b526bfa6995e3ef032136c8bafd610,ngageoint_opensphere
6895,7495a77f07a2b40f7447236bcab4d893df2ad85d,ngageoint_opensphere
6896,7495a7d15781d3c385f4a13f32f24376156d7050,ngageoint_opensphere
6897,74a33edc46d927de9dbaadb7de17ec7612af04d9,ngageoint_opensphere
6898,74a366a2a9406adc0491d1edf234174d613e7a89,ngageoint_opensphere
6899,74ad7f72656b0b0a312dbf12d1f6fcdc727406e8,ngageoint_opensphere
6900,74adf39fa1d14e95225427ad2a3d1fe6541304c1,ngageoint_opensphere
6901,74ae670d5f1f73d6b325069096ab00e9cec8f3bf,ngageoint_opensphere
6902,74b23cf6c3e679167c59af34c2dafb3e306e14ae,ngageoint_opensphere
6903,74b2f0d0b0129b046e787f2af6cb68f78fc2fee6,ngageoint_opensphere
6904,74b4e5f1733bd9257bc338b4220269c7e3071a02,ngageoint_opensphere
6905,74b76be90acaf3b1d79d89ca37be7f08923bb7af,ngageoint_opensphere
6906,74c7d7e8845af0f300d7c14d30f36001fe9318f2,ngageoint_opensphere
6907,74c9d8f0830faa907712245254dc48b7ca61747a,ngageoint_opensphere
6908,74cc957c25cfc70caaa40012b288868c4a3642cf,ngageoint_opensphere
6909,74cd7dcb5e7f7ff03f444f55e78e493eecfa64fd,ngageoint_opensphere
6910,74d353aadaa57730e92a379298a065d3fea18fa5,ngageoint_opensphere
6911,74e2e7fb4c9520433ae1c44c060c4643635c8411,ngageoint_opensphere
6912,74e37454189bf8100fd623c6d4ac423da58b0ad5,ngageoint_opensphere
6913,74e68a85b1df0b96d8cb246e9a15d223344e566a,ngageoint_opensphere
6914,74ea1806b8f6152190974974f0e8801fc6073dd8,ngageoint_opensphere
6915,74fb622b2455d5e8d6c754bae3825057912717b7,ngageoint_opensphere
6916,7508b7e07dbafa1135d2546153abd3612416e32f,ngageoint_opensphere
6917,750d66bf75ae59534d22be4156652ff64b426fbc,ngageoint_opensphere
6918,750e6c30ecbf81578df25f3a8d1103052cf495cf,ngageoint_opensphere
6919,7514cdda07ca494e11f5e0010f61dff98a9a3558,ngageoint_opensphere
6920,7514eb34c59dfa80527a4d06f950e4559b5e3e25,ngageoint_opensphere
6921,75185bc4e6d1bfb6b6aca29bd19bf158474c4c9d,ngageoint_opensphere
6922,751ef2c83f3ac606f99e2937f08401053ccdb37c,ngageoint_opensphere
6923,7525a03203df70356939721b1bd0852845df4219,ngageoint_opensphere
6924,7527875191c5fb71ad8c54e34c98f105849fa0e4,ngageoint_opensphere
6925,7531b0e9f691344663cc92fcfc4d0e8cc32828ef,ngageoint_opensphere
6926,75339717db42eea136ff2021795b0e1ccf3670c9,ngageoint_opensphere
6927,75350471cb821080eb9690eda841f68d81de6948,ngageoint_opensphere
6928,753a572496e5d1f989a0a45ca76dcf14fe2d020d,ngageoint_opensphere
6929,753de30eea620e98f42d74d17df253731b7799e0,ngageoint_opensphere
6930,753efa9a205c1bb05858a63f61131b3b432bd5bd,ngageoint_opensphere
6931,7543df6a7854c579443acc25ee62ccf9d6ca1db4,ngageoint_opensphere
6932,7545ae882d734e80ec07c759cb77d63cf0867bba,ngageoint_opensphere
6933,754ad1f628842a740051264f98ba33c795aed941,ngageoint_opensphere
6934,754dd93b575c51438ec6618e37559765a3a032f9,ngageoint_opensphere
6935,75577f907e555d9d6550550929ac0790ed63b119,ngageoint_opensphere
6936,755b0b32689911558e47c7d1fe0e30706d70b276,ngageoint_opensphere
6937,7566268c0275d2acea4574435b3f0321e714de0c,ngageoint_opensphere
6938,75679c21178d75521b77ce6b217795a96bb7b47d,ngageoint_opensphere
6939,756b058e832b56296453f213f74b6d229a41e57e,ngageoint_opensphere
6940,756b13e4d1872a84b9a370c94da73743e721d0d4,ngageoint_opensphere
6941,7574b0f0389bdaa258679ee66987656a9c857738,ngageoint_opensphere
6942,7578060c380fa88b638a5b2cc0490109f8bceb15,ngageoint_opensphere
6943,757a022d0e8fa996ce5241bd36d10828b2ec40ee,ngageoint_opensphere
6944,757a81d2bfb267add1e77f4403f00d2fd20a9cba,ngageoint_opensphere
6945,7582f7c81dcfc345d30ff9dbf536b391c7ada542,ngageoint_opensphere
6946,7587f9e8ecee1ea236fab8cf3d90cf11ad81aa90,ngageoint_opensphere
6947,75917d1f7a3c9c15d78fa6d0d6036f3fa1de494d,ngageoint_opensphere
6948,75964897c75f914557f49f25833b8aba9c50e8ef,ngageoint_opensphere
6949,7598e34c5a0879a4c41893272d1627505121a8f8,ngageoint_opensphere
6950,75991edbed7e6e0d006952847e2284e714362613,ngageoint_opensphere
6951,759c9b97a5d2154e4fa92f3e4fee2ebcc604ee1c,ngageoint_opensphere
6952,75a2b02011371f702abc2a1b4dae76f99facc6a8,ngageoint_opensphere
6953,75a64886d67b66d9d9051a04880decf0fe5f557b,ngageoint_opensphere
6954,75ad21bf7f365ce97a3c4ba81e174adabdb27f2d,ngageoint_opensphere
6955,75b28db3a5b446014c39d42b28b55eb44ce0adfd,ngageoint_opensphere
6956,75bf1ddf50b1649e2bce409d905a458383e04976,ngageoint_opensphere
6957,75c1df92bd9c475f2b2af55330d54b983e89b24e,ngageoint_opensphere
6958,75c39ffcdec505b37de118f96107a37ea60e4563,ngageoint_opensphere
6959,75c67d634dc2b7dda4b9143503678bed8efbd5fb,ngageoint_opensphere
6960,75cb58af29f1d8122760a153ece230b572cd0412,ngageoint_opensphere
6961,75d5e0bbc06cb1cc6e6f49b735908101652c5a9f,ngageoint_opensphere
6962,75d648bfc33b4f58e1a7a35efb4d4f7462fc619b,ngageoint_opensphere
6963,75e2e8ff206f3f0dc274331132d6e06791defa4a,ngageoint_opensphere
6964,75ebe5756ed8885d3328a91aad0a8600323384b2,ngageoint_opensphere
6965,75ecb519df42b4a98dc9805ce5661c7038e61967,ngageoint_opensphere
6966,75f4e3cea66097252335f08a638b11d0fd624333,ngageoint_opensphere
6967,75f8c9afcd82a8bbdd0d946bec62950fae290767,ngageoint_opensphere
6968,75fdaf8348be030afb02623add9a45d8b4aadcb2,ngageoint_opensphere
6969,76004be81e988eb1b373567a971ec16b6ea2b8f5,ngageoint_opensphere
6970,76007510c740876b8dd275c3db4183db0ba32911,ngageoint_opensphere
6971,76034dace985c18c91dfe552d1e3f7d6a52403a8,ngageoint_opensphere
6972,760927488fbaca21fb45bd969a9d4edc949111ce,ngageoint_opensphere
6973,760e558f9b2f8e13e3aef89a70af22f6ec6fee7c,ngageoint_opensphere
6974,760f527538fe493a557bdf44f43f3b58045fc986,ngageoint_opensphere
6975,7614daed2d52d5859522e5a3eb73fb849cf6df8f,ngageoint_opensphere
6976,761d4b74bb935ba056e2f22a786301acb88a021d,ngageoint_opensphere
6977,7621899308e8c51bbc24ad72c9d6cca60a0696c5,ngageoint_opensphere
6978,7621ffe09774ee48f05b9d5eef0cb08b12aac2eb,ngageoint_opensphere
6979,76223ce13d7db3c3b2be5878d154617ba99d29c0,ngageoint_opensphere
6980,7623a32e6562c20ad509ef86feee8534ded31593,ngageoint_opensphere
6981,7624999495d00e6cd07189f6ab54f68e8159d78a,ngageoint_opensphere
6982,762560fd714debe9588734f0dbed74074b9884af,ngageoint_opensphere
6983,76321fa83fb3582a0b4225f48a3996aa71a569d9,ngageoint_opensphere
6984,763308262e8fee8d823264f105fa7e2e35044229,ngageoint_opensphere
6985,76420ead0d00b8408c3f47497687dde1465e38ed,ngageoint_opensphere
6986,7646877b07edf5af6b8efdfa884ec9829266070c,ngageoint_opensphere
6987,764c2e9c38d069d4fd47f49bc924bc95a5365c18,ngageoint_opensphere
6988,764db1ec4ed2341b381366cfdc00ac2634e66667,ngageoint_opensphere
6989,76518592a2ee3e6f51a8508dfc772f7c82f61cc3,ngageoint_opensphere
6990,7653b0c04dc6f657169ca4138568e37e0bb28a07,ngageoint_opensphere
6991,76550cc30a270f0283e8e7e657b03e7cfae6e183,ngageoint_opensphere
6992,76580d1144061a437a01ed14f0c4ae6587705a51,ngageoint_opensphere
6993,76631758ce514971d4cb7529a77a9d565df4468d,ngageoint_opensphere
6994,766438c7c531ee0c355f6f049bdd324cc6b162d4,ngageoint_opensphere
6995,766470304c6e12e6c0d90a4310a75d655cc6cbfb,ngageoint_opensphere
6996,76682a762aac15f2c18c5cf8671c0bec400f6a27,ngageoint_opensphere
6997,7670ed3fb3f128a4bdac107169bf921cc88fd6e1,ngageoint_opensphere
6998,767574cda4f2aeec193e96a1f57bb48598ef5687,ngageoint_opensphere
6999,7675b704e4d7c06da1690b9d90161768a0c0de35,ngageoint_opensphere
7000,767ac79589a7b81e819e038533542e684f55d901,ngageoint_opensphere
7001,767bdc22189a94d1c7d70913985724ea6cea4e0f,ngageoint_opensphere
7002,76828c7c96f35083e0abce2761f125f93ab9d481,ngageoint_opensphere
7003,7683d2f34f7b8f5c92320d30d5322b28ccebef44,ngageoint_opensphere
7004,768c48d79e88872bb996ab61cd468e4589c0942c,ngageoint_opensphere
7005,768cf3d56e87849130919106fb1751d41991baf4,ngageoint_opensphere
7006,768df6abbc39eaa34fcd2ccf6701b2616afdb219,ngageoint_opensphere
7007,76971773b9f0a682255e132c444d6381ed28af05,ngageoint_opensphere
7008,76977ccb86572a3b579e323d3e590a93f33f0817,ngageoint_opensphere
7009,7697e2d3474caeff0697a78b1a3c21091ef6df8d,ngageoint_opensphere
7010,76a03c422425d7da0d96e0e3c24f495dd9a6766c,ngageoint_opensphere
7011,76a9946e8d6370631070721e21f17f40ff40b76a,ngageoint_opensphere
7012,76ab7230a22fb15a97e576344b6e0bba5c4583e9,ngageoint_opensphere
7013,76aeb1def72e2e03f78f09950e70d06417a8a02c,ngageoint_opensphere
7014,76b17de6f4ea364d6dad3aadf25c4f881e64707a,ngageoint_opensphere
7015,76b494128212b9f6254ecf9a37a2cae7bdbcf3af,ngageoint_opensphere
7016,76b67cc47454feb48bb8a0116c08d6797dda4e56,ngageoint_opensphere
7017,76b76d6f81e4678bf8416ea813b2a36ac530013b,ngageoint_opensphere
7018,76c00951b5e09059c93f9029b73be98408e800da,ngageoint_opensphere
7019,76c224962b4bab3f59d13da7167bc99cccd9bace,ngageoint_opensphere
7020,76c7b08cdae9a34dd9e71859e7278387fbd6254f,ngageoint_opensphere
7021,76c9658fd002c71890922d8f9c3cb5bda26203ea,ngageoint_opensphere
7022,76cb950c16c1e4f4facf9ea547875bf9bd7a6238,ngageoint_opensphere
7023,76cf9364a40f03894f4c3693a0e8dca4da8f5d8d,ngageoint_opensphere
7024,76dd558c111c9a154fd241bf6fbe3219cd8e43b3,ngageoint_opensphere
7025,76dfe5a4ef62b472ac4839af679b6c30e98654fb,ngageoint_opensphere
7026,76e12522b94bc566de28a9c33a3c4e0eae1ea84a,ngageoint_opensphere
7027,76e3c9f3e7f1571b0ce73750670d30656a55f0df,ngageoint_opensphere
7028,76e6b4db2c87b52035ee4fb70b1641da9c84147d,ngageoint_opensphere
7029,76e954de1d3de61f6536d6887b61d6fba017daee,ngageoint_opensphere
7030,76f3b9a8ef2e9b28d160d41532cd71223c3734a8,ngageoint_opensphere
7031,76f668a6aae624cf76b36542e73413dfb48f2e42,ngageoint_opensphere
7032,76f6e45e0bc6ede24f6909849c1ab1e29f08b569,ngageoint_opensphere
7033,76f9c5d12ce74a0737b00f1546fdb977e177ac5d,ngageoint_opensphere
7034,76fc546086794dedee57b186082c747fb622cb6c,ngageoint_opensphere
7035,7702dcb541fff05d1199f161b4b38d899fc1c3d7,ngageoint_opensphere
7036,77082790c567e260aa7af10a0d5d7f5561cd8d39,ngageoint_opensphere
7037,770b481becc2e438cb1c1fcc23d93f3cdb4d3e12,ngageoint_opensphere
7038,770beb009a425e34eabaec29a391319cebb68a0e,ngageoint_opensphere
7039,770d8de4fe9b3c383031315583326f9bede3462f,ngageoint_opensphere
7040,7714381286afa1be35ae62eb5c2bb889b0948305,ngageoint_opensphere
7041,7716470aa647107daf4e3c30e306b0f8a58f74ed,ngageoint_opensphere
7042,77185892085d1aaf3df7c6731a4f52a2241956fd,ngageoint_opensphere
7043,771ee53abcddf53d5903014840f669e6552212bf,ngageoint_opensphere
7044,7721be6387fd221fbc36b113b5108d3e428f0afe,ngageoint_opensphere
7045,7726b02fcdf7986d626285a45c80b309e7b1b65f,ngageoint_opensphere
7046,772aca6359efc7b89060abb20d166a5fcae11c4f,ngageoint_opensphere
7047,772eff6ba80c17f7b989de6fad1492399687a6a7,ngageoint_opensphere
7048,773231e9d624aa5e0442641f3bd87cadf6063626,ngageoint_opensphere
7049,7736c2217ce7928e4ca9d604c960a52d966066fb,ngageoint_opensphere
7050,7739077b9619af0490d07a85a6b4ff383589cdbc,ngageoint_opensphere
7051,773cffaa212a59e824ef755bd8f8d1a6f3690328,ngageoint_opensphere
7052,773e5d95d1ae58f01b2b5f78c4150ade0360184a,ngageoint_opensphere
7053,7742d337d5b834ef9fc77c0b1f7fb2e61fb0b4ea,ngageoint_opensphere
7054,7749a5cef24499522470409eeea94bdb5a882c5c,ngageoint_opensphere
7055,774bb464599ff8d374949998579f90440b03eab5,ngageoint_opensphere
7056,774c543b2811a531026f0aa3927aebb7d5cf6349,ngageoint_opensphere
7057,774f5e20b2a15112381a411f20d754c335babef7,ngageoint_opensphere
7058,7758c580c2a619b096589d05ed224ce629cb11d9,ngageoint_opensphere
7059,77625dbe82ce03ee5ae5f82c6ad367c2566f01d3,ngageoint_opensphere
7060,776636837d17fae8d28aa77737373e87af08eb8f,ngageoint_opensphere
7061,776935f8239b133cdd3f170ed47e46c0e5a1d4b3,ngageoint_opensphere
7062,777861da39b6f50435f7a1ddca0eca1982751d46,ngageoint_opensphere
7063,777ed4592bc033b8e1eb1b901d27d6a549b17ef1,ngageoint_opensphere
7064,777ffcee52d5c43b15ab375aa0ee65b1cd97a5de,ngageoint_opensphere
7065,7785423bddf52f78fbac8c3b54690e4459775a5f,ngageoint_opensphere
7066,778564042d1cfe351dab29a5c7b2df6c6795844c,ngageoint_opensphere
7067,778a704c4a9745b412eff4cfe1153906724245d6,ngageoint_opensphere
7068,778f284266db6f3101465b142827037981a9f980,ngageoint_opensphere
7069,77906f3fc94e67c13a1e3891203dfc4964693fc7,ngageoint_opensphere
7070,77972e7f49f53c8377b2176fde6d49e72fef2082,ngageoint_opensphere
7071,779856c741808d424497b9a883885519d7b0b3e0,ngageoint_opensphere
7072,7799d231873838ffc0a71bc45378b14ea53dbb28,ngageoint_opensphere
7073,779aad1785a87d8e46a17318dd8285cc95ab016d,ngageoint_opensphere
7074,779b7098239592351db53e28ed19d6caccfacd44,ngageoint_opensphere
7075,77a2193e6a1e9020cafbcf6a51d7943692026f90,ngageoint_opensphere
7076,77b09c75d6afe0998aac78517e7ec020dd9ad92c,ngageoint_opensphere
7077,77b197c485ac34b0bd6450ed889261f0a493e784,ngageoint_opensphere
7078,77b1c2e4234b0f3aec2d664423be4114e7445f43,ngageoint_opensphere
7079,77b330e42852208438f8153a2b00cf57f453dcf5,ngageoint_opensphere
7080,77b35add3698c332dde8353aca7d08511bde67ab,ngageoint_opensphere
7081,77bfce0f98a88479f5b3900708672b6936c16c69,ngageoint_opensphere
7082,77c0aa15dc9cf00f32dc676f2a3ec6d57dbc4d91,ngageoint_opensphere
7083,77c4ee7144d4b29efb249aa482096143fc0f1464,ngageoint_opensphere
7084,77c5c76a236ca0be79a65bcd7310f6ec1113e55b,ngageoint_opensphere
7085,77c98f6c0a84d3275f4464a73d8dacaa3def6f9b,ngageoint_opensphere
7086,77c992b10f063da2934f8484fecaa9b1f2fb3631,ngageoint_opensphere
7087,77cac0a23d57f3f015a28932decd2663b1e19b41,ngageoint_opensphere
7088,77cbfa7852e5ff3142550746dcfa1a1de59c8ad6,ngageoint_opensphere
7089,77d024d08c77788ac5f9627702258accbf0342e8,ngageoint_opensphere
7090,77d380c57274be3eee4aa2aa2a8671a469ce3b90,ngageoint_opensphere
7091,77d5510f47fbb8e7d366b526ad1502e7f66196e4,ngageoint_opensphere
7092,77dca416a0daf7058e29b609ce700a871d88d4b4,ngageoint_opensphere
7093,77e738e280acbd3ea37dc769a2faca751e213e6c,ngageoint_opensphere
7094,77e75b770bbaa247d6f8f9bbbb24071786dec325,ngageoint_opensphere
7095,77e84465cf87da43c2c5055a0192fdbe904b501f,ngageoint_opensphere
7096,77f51a01e4d947bb5b1a7571325f479e32c3b107,ngageoint_opensphere
7097,77f579157c8523d4528d1d52a5db585d062d9ed2,ngageoint_opensphere
7098,77f66ed95ee6777e0bdd9ed14f9a70139b94ae4e,ngageoint_opensphere
7099,7800e1686d5d011d0c566ba349750d8759c3c947,ngageoint_opensphere
7100,7800fb7e81130f0db856eaa247244445b21fb664,ngageoint_opensphere
7101,7804bfaa69d2a03db75119a8fb155e3266b525bb,ngageoint_opensphere
7102,780ab9866e87537fe395053ad7af50bb965d933b,ngageoint_opensphere
7103,780fea47cb4b8dd611576b30a98d23b5865a7a32,ngageoint_opensphere
7104,78154ef40494406f2e3ee6917f25110469dda984,ngageoint_opensphere
7105,781f417138ef883e04118d7ca8178a0dccc21f1d,ngageoint_opensphere
7106,781fe75447d07248e18abc1f93e7bca5f386a508,ngageoint_opensphere
7107,7825ec4fef7204ec820bda7b0f961f862883ebef,ngageoint_opensphere
7108,78266e0a8e8f0881370a272f0b38bcf04d6f9f15,ngageoint_opensphere
7109,782aee8a2532cf0f358f60ed1dda8d8dfbda8712,ngageoint_opensphere
7110,782b52f79bd32e5371759ee743ac4c9449b25297,ngageoint_opensphere
7111,782df14bdd4495c87c0347ee1be570b491a57d13,ngageoint_opensphere
7112,7832c39c9bd9b3f7a6f6a7c65eccfe4ba4d95b51,ngageoint_opensphere
7113,7836d969964e69b9274f1ff39768fb954c97eb7f,ngageoint_opensphere
7114,7839e29a5e73fcae94fbde55c926264c89e135ae,ngageoint_opensphere
7115,783fe5cd21e683b56b22d7cad01e136f3bf5b75c,ngageoint_opensphere
7116,7844f358aa88b92324b37e3b9140642fe5f4d92a,ngageoint_opensphere
7117,784673b1ee0bac2a19041b4b38e7dd576b21dfea,ngageoint_opensphere
7118,784687f2622f0ccddefcb1cba6c3a0720eed6691,ngageoint_opensphere
7119,7847add306aa256dd952c569a8427f8d5d98a705,ngageoint_opensphere
7120,784b2527415adf580ed5d955b0891dec0b597c4b,ngageoint_opensphere
7121,7850c8701e6dbcd3f71aba415e3ba3a53c4e91f8,ngageoint_opensphere
7122,7851298e92bc4956e3ce791c76dabacd802b23d2,ngageoint_opensphere
7123,7851ea7f46df9c2e19fa5efceaae750d2dfb0470,ngageoint_opensphere
7124,7852cc1cf07eea836ce8c0f84b0e9d4394ab574e,ngageoint_opensphere
7125,7852e40f828a027033916da7362af32bb968df34,ngageoint_opensphere
7126,78534b22740549c3bfe1b3af293af4d27fb74125,ngageoint_opensphere
7127,785730028b67f8b586497dfa87e71feb1ed83bc1,ngageoint_opensphere
7128,785cd5b8bf193ee8fb88a9e7956d4ce9723da139,ngageoint_opensphere
7129,7863156fc97108adef9318f57e71dd9f4c98d286,ngageoint_opensphere
7130,78685a091866f2c35be5ea6ec54b47735138dd7a,ngageoint_opensphere
7131,787a0f58bfdbc049438213768acd74728e394ad7,ngageoint_opensphere
7132,78864616d66a4dd3d74e063a1553649304568c28,ngageoint_opensphere
7133,78891a99bb119f7854b92fe29247cc1eb05ddb30,ngageoint_opensphere
7134,788949e97a322b4449519f3c6a22751cbdc3f5b4,ngageoint_opensphere
7135,788a5c3b58e1a47eff4659f3fbfe8e7cbee49c08,ngageoint_opensphere
7136,788b36c62182e249441856818e6e5c1cc7344ca9,ngageoint_opensphere
7137,78974cd595e2c4b079a9c787b5e149a6730e92e4,ngageoint_opensphere
7138,78a279a51eb32a3fa6363708e643a9869be4f19f,ngageoint_opensphere
7139,78a891fd6768930089128e05f15942cd204f5815,ngageoint_opensphere
7140,78acd92782f496819250450acb1a3571cfc89fbb,ngageoint_opensphere
7141,78af28b349f08a5a4aa917062b28ad07dccac1fa,ngageoint_opensphere
7142,78c1549888cc0d8821a1996a41b8d598387175b7,ngageoint_opensphere
7143,78c362cfbec4169601ba90edd8e62682f63263b3,ngageoint_opensphere
7144,78c9f90e3d82977e229fbdd3f3f79df192068813,ngageoint_opensphere
7145,78cf99903b67a363b85602ee1ae7e1b69eb53c0c,ngageoint_opensphere
7146,78d0533e0eae74bbbf18d3120e33c954ad722b21,ngageoint_opensphere
7147,78d0e6dc1ae43b2db026ee819a20774c970e4bc6,ngageoint_opensphere
7148,78d45f09a61f5e205bb0e38e5d6fb7c98b0ae554,ngageoint_opensphere
7149,78d48dc09758fd148cc5c05af9dd149abeaa8ec8,ngageoint_opensphere
7150,78d6bd2b651db590c94a120e4f4dbeaa1b3608db,ngageoint_opensphere
7151,78e87edcb4b35eacb5cdfd40792744b1ca38d5bf,ngageoint_opensphere
7152,78ed58bbe24df77013f8679ddc03073fbae104d9,ngageoint_opensphere
7153,78f0acfdd4c7ccf9505fb77102973e7dd76dbd19,ngageoint_opensphere
7154,78f383a5ba8e54608e306270f1e5f62db13588d3,ngageoint_opensphere
7155,78f7caa91f57c35980cf391cdc0949f9e6a43b23,ngageoint_opensphere
7156,78f8f2d9bf335dd8a3ffb1589810362fdbf75bb3,ngageoint_opensphere
7157,78f9cd8cea65ab7b7ad517e1022a40cbadf204bc,ngageoint_opensphere
7158,790252b6d2447b55b29854ddce2375e653d2a252,ngageoint_opensphere
7159,79073352a4096e6c6dab8e475e9f61316c38b6d4,ngageoint_opensphere
7160,7913dd5b33fdab3a48b3cbc14d741d8f0b5dd6bb,ngageoint_opensphere
7161,7915838057f10a933a715eb7613331bfdc51b2fc,ngageoint_opensphere
7162,791e39a644336adedff1c36bbd2f19f75380bf51,ngageoint_opensphere
7163,7922e276b194699437f87c0041da872e3edb4386,ngageoint_opensphere
7164,7925f75a84794292dbf83fe1622985dee66b033d,ngageoint_opensphere
7165,7929a3cb3c6912ae84d90802832709509206396d,ngageoint_opensphere
7166,792bed7991e07c55b66607c32d73388a6f7868a6,ngageoint_opensphere
7167,793756099426ffd0ccf9e85a4316ec7db935f5bb,ngageoint_opensphere
7168,79401d89de564f789378351a35755d7e14cb276b,ngageoint_opensphere
7169,7945d6558b74e116e8b525db7e50c740e7f6e203,ngageoint_opensphere
7170,7948abb263259ab24385c31c7926df52d320bbd0,ngageoint_opensphere
7171,794ae11d6848b44b565adb467b97601c50852e80,ngageoint_opensphere
7172,794d99abfa7fc5ab5c3f06a934406317a04a3e55,ngageoint_opensphere
7173,795389056985447d6860b22b312f6b4bd07c52c2,ngageoint_opensphere
7174,79642fb77079a983e5946620af3e2c4c395f00ec,ngageoint_opensphere
7175,796722b27d943dfb79641c72f2d719ca08782b3d,ngageoint_opensphere
7176,796a4fcf8369ec6c979172677fb62056fb70756a,ngageoint_opensphere
7177,796d5445944bf293f4f0edd06e32df1d4464bdbf,ngageoint_opensphere
7178,79706a032d4f2120b3faec555bda1f155ffe6c24,ngageoint_opensphere
7179,79729ba647079dfea103b6ff1a3acff986604b45,ngageoint_opensphere
7180,7974f9c47301622d5c5f473ac045aa90bcb803d2,ngageoint_opensphere
7181,797b9226bea9e35ed1480b0d2bd2b31c5cbbf94e,ngageoint_opensphere
7182,797ccec4fc3128b07697ff02a625cf8aee6bce4b,ngageoint_opensphere
7183,798d160fc6807f392d2485e0d8e60ad0ed247895,ngageoint_opensphere
7184,798f50ff0e5cf39954ac8af6c9d4424a75cb1d96,ngageoint_opensphere
7185,79941c280c4dbe43a90a671fb2fb825aeb49056c,ngageoint_opensphere
7186,7997a14621e9add4f932f26ae5782424c85880b2,ngageoint_opensphere
7187,799c9c3710d95a3d86a87adb693d3527fa60a04c,ngageoint_opensphere
7188,79a3dca7bc970a152fb9499a5419bf4f3eb96a98,ngageoint_opensphere
7189,79a5e301ca0bea051ce12971c0d9633060072653,ngageoint_opensphere
7190,79a966e9864c7a6dc7de10082ca689ca9490d424,ngageoint_opensphere
7191,79a9730dbb7c8b9ff282af00cb1613ad7fadcbcb,ngageoint_opensphere
7192,79b8a9facad3019b9376c4f265469475fde94ac5,ngageoint_opensphere
7193,79bbda8f1165473bdd98c68ffaa8d857aba2d076,ngageoint_opensphere
7194,79bca8c395bd02c72d421b332d8a7d3bdf958543,ngageoint_opensphere
7195,79bd71d43fd093f7b7295f9dbe3f70c99fda7990,ngageoint_opensphere
7196,79c008f1f04ff6777fc18b6dfb475d0f2e8e9f6d,ngageoint_opensphere
7197,79c1552e9d40604ec3eeb7ba8be433006ad923cf,ngageoint_opensphere
7198,79d2a2ef43d9f589a2256f137bc39f47fbe2142b,ngageoint_opensphere
7199,79d3b817e594875ef89ae3185ff91d894208d979,ngageoint_opensphere
7200,79dd9da61ca99b37a2547267aabc643eda764baa,ngageoint_opensphere
7201,79ddfe8d15b2a4875580587b860fd36ff406f29c,ngageoint_opensphere
7202,79de9e136592375d828844611fc6511e024e8f4b,ngageoint_opensphere
7203,79e478d74ab4777327c53610b1f8a074bc381b08,ngageoint_opensphere
7204,79ed57629892be8d26e0a5ab807c288b83d6003c,ngageoint_opensphere
7205,79f48191eb13be60f1790ac2081c27b2f05143e0,ngageoint_opensphere
7206,79f57f3a70f54586e9c19f98f84931fab7329886,ngageoint_opensphere
7207,7a040d17935d123540b992f18996db4f868409c1,ngageoint_opensphere
7208,7a0b51b475e498fcb2d79e23630a45c543f5739d,ngageoint_opensphere
7209,7a0d802f45cda723f5577ca3af6ca6eba80249db,ngageoint_opensphere
7210,7a10340e63841fc618b75bfb2bdddc6d66e8e7e2,ngageoint_opensphere
7211,7a1075aced30bc9df65a4d2832b1a9e0fa6ca4c9,ngageoint_opensphere
7212,7a1669b3e37624b86c7a7d036d0c1c935b5f33ea,ngageoint_opensphere
7213,7a1833355a3dc33d19d2df82585caf97b6d40dca,ngageoint_opensphere
7214,7a1dd96af1503784ded406fb7c9af80cc81fc090,ngageoint_opensphere
7215,7a2ecb10125ecfe5e9b43df99e939d04acab2e68,ngageoint_opensphere
7216,7a3015e0ba9777d005b0a216fc3242cb7b373ee4,ngageoint_opensphere
7217,7a31d0c46511d27dd78f63d3d30347ce4435d91c,ngageoint_opensphere
7218,7a3ab3b5121783c49da4744fd26eac9b2232e77c,ngageoint_opensphere
7219,7a3bf2ff614c49ae8c9ea02e82443518885404f3,ngageoint_opensphere
7220,7a3e0d4e2773f806c30b7359468239c11a6cf531,ngageoint_opensphere
7221,7a3e20323029a6c7728ec394ab445a026e76e062,ngageoint_opensphere
7222,7a3e4e658716b064c3b67afa8c9575c268591a63,ngageoint_opensphere
7223,7a3e536f59ba7ac8523f0e8996307edf0861de03,ngageoint_opensphere
7224,7a4041f78cc004fd4a9a3b55e94d7a2fd38529f6,ngageoint_opensphere
7225,7a40884ac766f2ce27686d90e4cb9001b6e70a79,ngageoint_opensphere
7226,7a4821af4a234cad0c4baf9fcc5a1c5c22e90a69,ngageoint_opensphere
7227,7a4bcd0ca50bc81d113fa950ad5ffd14d001a5d1,ngageoint_opensphere
7228,7a4dde4b1f9589c00dd67d9baccda451dafe6751,ngageoint_opensphere
7229,7a4fafbb5d4cee157180e9b6faf31ecabedb2097,ngageoint_opensphere
7230,7a50b9189c697bee41c8a829b9301b73c74c8711,ngageoint_opensphere
7231,7a529e3978ac9dac1741186164ee57759560d099,ngageoint_opensphere
7232,7a53c8de7ea41dbf5f4a5542d73e46fdc4f7825b,ngageoint_opensphere
7233,7a604dac0418ffa0bad23e23b27bcc99761e2d07,ngageoint_opensphere
7234,7a6336f4facbfd9ace07dec8eaf143a200ee2b87,ngageoint_opensphere
7235,7a68bc70e745058623525e937f3f176fd63b5c04,ngageoint_opensphere
7236,7a6a906afe9df125772fe82a18bd3ae0df5543f7,ngageoint_opensphere
7237,7a6c10b5c747af048cedd53e8c7baadee73c4b19,ngageoint_opensphere
7238,7a81b0b6eff35e33a4000e5df0a7ff8d07a787de,ngageoint_opensphere
7239,7a8ac9efacccb717fdac690608a6efc06862e2e9,ngageoint_opensphere
7240,7a8affbf20a4ef04fb8ea5855bc6789fa4f19171,ngageoint_opensphere
7241,7a8c58417eb43efad820e161237a8355ccabb7c8,ngageoint_opensphere
7242,7a9298fc3cb92c1b7b6b565900752a83736cca2f,ngageoint_opensphere
7243,7a94e2807a28adfc7540954678b30687421518dd,ngageoint_opensphere
7244,7a94fed9d7584fa6d3425a961c7f290623e86e34,ngageoint_opensphere
7245,7ab50730663aaf2281ebaef5f960203460dd25f0,ngageoint_opensphere
7246,7ab56eb807c1907e3c04107f2d550ef41796b04d,ngageoint_opensphere
7247,7ab7b4cc6c09e36b798a12f1a99e9f9feda12d4e,ngageoint_opensphere
7248,7ab964a2d77f6e2ccfbb67bbff0d6fa8773b7913,ngageoint_opensphere
7249,7abb7cf09f7c1ba37e705d2f794c19dc038c8ad5,ngageoint_opensphere
7250,7abc12937f2a070bbc44974275877f1086cdebbd,ngageoint_opensphere
7251,7abdf703606ab73ad662dfcd4a08e020b54a481a,ngageoint_opensphere
7252,7abfd384d3298f9d76f812587c7f9c3061668dc9,ngageoint_opensphere
7253,7ac8cede15c5a0036cdd090164304540decb055b,ngageoint_opensphere
7254,7acbb659d8938f638632d7b9ed09c65b19514389,ngageoint_opensphere
7255,7ad865195b0ee32cc70347bf32d60f0e3fc55c69,ngageoint_opensphere
7256,7addb8b9a7e3e03d65752b4dc94b7a7e6a25ef0d,ngageoint_opensphere
7257,7ae12583e72cef343e1fada0f9084876e52f3cd6,ngageoint_opensphere
7258,7ae3c95c006d1e0938de962433bd93e66f920fb4,ngageoint_opensphere
7259,7ae4d8b3ff0098e6b680f8fa1492e31a1db10c03,ngageoint_opensphere
7260,7ae7770199e7a441bed69a31723520641b092750,ngageoint_opensphere
7261,7ae98e15e58c47ca8b158c219b97400c9f34e723,ngageoint_opensphere
7262,7aed6b6f5d2199b82f76fef983b5b7a21312e9e7,ngageoint_opensphere
7263,7aedf349ed52e5a19557f3c93c146097ea87b314,ngageoint_opensphere
7264,7af7a57e62b7e52f2e24bf3b8e5c17f8eb53ab85,ngageoint_opensphere
7265,7af8c22533a081ce82d199dc9a18779161b06df8,ngageoint_opensphere
7266,7afd563349c193a1f3c139a75a6c8c7511e6190a,ngageoint_opensphere
7267,7afe4dd7a8c417b573519ae67e88cb2a895970db,ngageoint_opensphere
7268,7b0432ab55fadb23b6a32c0850aed5dacfb79c51,ngageoint_opensphere
7269,7b0711327ebe5841b3e373015e70ec7761b8880c,ngageoint_opensphere
7270,7b087e4a34838a4a2e84afe99c14cbabb59efe52,ngageoint_opensphere
7271,7b091cce2e9d55062c590a3544ce197d721f531e,ngageoint_opensphere
7272,7b0fea14e1ef8283ed0ae0885130391d3e5526a0,ngageoint_opensphere
7273,7b12173fc221d61527ac7ef9088600e8eee72815,ngageoint_opensphere
7274,7b133ff2ef900d095c2e96a556c05cecee9a62ba,ngageoint_opensphere
7275,7b1dcd5cda29d852ce61ab5dcaa94bfdc8251ef4,ngageoint_opensphere
7276,7b22d4711cf6fd8e9c5d2a17ac664cc2105e76e2,ngageoint_opensphere
7277,7b22f33028fc817addf657184305a0fe3d870c00,ngageoint_opensphere
7278,7b2419743ba2528b6324c34c128546ae505ee2cd,ngageoint_opensphere
7279,7b2ebe26666faa188f6aeeadf0f29c8a27f84edf,ngageoint_opensphere
7280,7b305a237b92070c52d9cdd2a5b6629ec915046d,ngageoint_opensphere
7281,7b34845bf9af1b152cb210528490ef913d55440e,ngageoint_opensphere
7282,7b35599f384931e3488a10417c5be64eaefd1049,ngageoint_opensphere
7283,7b355df1b71e78b95cef215965c48ad4cdd484ce,ngageoint_opensphere
7284,7b41605bccc0d9639807547605653675b58eec41,ngageoint_opensphere
7285,7b50e917429208050570819174475224bb4ba1f0,ngageoint_opensphere
7286,7b5c3edf175569ec265173a17985b974d2221ec6,ngageoint_opensphere
7287,7b657346933cc82f5bd9c824b010a090f64232de,ngageoint_opensphere
7288,7b6a5e0705be1ce709620d047cd58dbbfdbfce32,ngageoint_opensphere
7289,7b748e414703dc152fd40c21dd403b60bc054cb5,ngageoint_opensphere
7290,7b7854aeeaa1c45ff0a9d0c69ae46d32b525e0aa,ngageoint_opensphere
7291,7b7b9b3bab471024761c39e4ae3d5f760d7e6668,ngageoint_opensphere
7292,7b7e4adf569766bc04cff0ae109cfe10bd08b6b2,ngageoint_opensphere
7293,7b8f8faf9af3dca8ad492989ca876054d1e85468,ngageoint_opensphere
7294,7b90ac9d4342b4f3f6c62d86e25661a0edbf7b89,ngageoint_opensphere
7295,7b97c426faf7857ff2fd39e3a47cc1da9d12158a,ngageoint_opensphere
7296,7b9a604a00485c3061ee538fc84f0875629bd741,ngageoint_opensphere
7297,7b9fef27b50e39686a229fa2691ea17cf386e94f,ngageoint_opensphere
7298,7ba8fab968db154d704d7f39e1d0aa0264d6bb06,ngageoint_opensphere
7299,7bab0a2fa56af14ca50be15165d6bcd3f98e76a2,ngageoint_opensphere
7300,7bb384211391051c76e94a61ab924b4f94838d00,ngageoint_opensphere
7301,7bb5cc56246a13498ffd90faaf88ded21861e775,ngageoint_opensphere
7302,7bc361bf01db10a3fa04cf430b9f613e49340f82,ngageoint_opensphere
7303,7bc39fd0b391f255eedb5bfcde7bbb77c2aeb8c0,ngageoint_opensphere
7304,7bca38052fbb00f1acdbe955817381d1c083ce96,ngageoint_opensphere
7305,7bcacbd5f02e064eabbb83e96f8401614ee82171,ngageoint_opensphere
7306,7bcd0b3b22282030506374c37a0f7ec07ea3675c,ngageoint_opensphere
7307,7bd17e13c0a48d21fc882e25c223358f6c64aba0,ngageoint_opensphere
7308,7bd91e9e6724a4ea3a657351dd96bc2166ab4035,ngageoint_opensphere
7309,7bdba007e829a14de3ad3cb73483ab1f20173550,ngageoint_opensphere
7310,7bdcc1234294a7dd944eb60b1547e419d1d14674,ngageoint_opensphere
7311,7bde8fcc8d5a18cc1e5ddb460e6f9e138b438395,ngageoint_opensphere
7312,7be04662bf8eaf240eb81b12dfadd888365cde34,ngageoint_opensphere
7313,7be2ae684b0b0332c3ce564acd7908062e01152d,ngageoint_opensphere
7314,7be3be4d06f9c5e04e0ebdef64623a1da828151b,ngageoint_opensphere
7315,7bec376eec04d731e07aea1d26ae33011a7647a4,ngageoint_opensphere
7316,7beec07d2e48b0ac2c3baba1aaac4abe393cbc16,ngageoint_opensphere
7317,7bf29a0ff30a3a4eede6998208a6b5bedec3d921,ngageoint_opensphere
7318,7bf2f7976464e5c71b33f4f22e330a09e41ec971,ngageoint_opensphere
7319,7bf3f8250233edf8030cc0bfc0eb124f728f7808,ngageoint_opensphere
7320,7bf7653e5d372708ecc55817b38a80dcf3c48151,ngageoint_opensphere
7321,7bf7661ee550a16aaaec08016df0e13bbced30e2,ngageoint_opensphere
7322,7bfd3d4632ae2697a520293ea12e535aabea8871,ngageoint_opensphere
7323,7bff0f53cb461f14e0e939b695288ff8a68972f4,ngageoint_opensphere
7324,7c03ec20ede0c31842b9e1c14325c58631f50e3a,ngageoint_opensphere
7325,7c10356fb00943d96b61365dccf623f8347c5257,ngageoint_opensphere
7326,7c13a6fadb9de629ae782acdc3036dcfed3e2e59,ngageoint_opensphere
7327,7c17473979fb3e91e413dec64338f4f305aad6d4,ngageoint_opensphere
7328,7c18c3c00e5926af7c3bcfe69d899c8e28b32e7b,ngageoint_opensphere
7329,7c2456558c008dc6b00c0a915de870fa76e1938d,ngageoint_opensphere
7330,7c303d6308e72a5da8ab59a0854227871af5eb35,ngageoint_opensphere
7331,7c38e80a36551118ed6bc1c5404a401a07b6e2e6,ngageoint_opensphere
7332,7c3c5568b1904c7ea6274435ea868ba347a215de,ngageoint_opensphere
7333,7c4ecf49b8cbf136a08c9d684d1c7e354c38b042,ngageoint_opensphere
7334,7c5215571ee5f5d0c8b03a485ff5c8a9c45078f3,ngageoint_opensphere
7335,7c535622c54fad431abdda16e7818dd6e04020b3,ngageoint_opensphere
7336,7c56ea1c5b401492667d00050537ee8b90818943,ngageoint_opensphere
7337,7c587fb7afcb131715dd58ff97136d3f5dd85039,ngageoint_opensphere
7338,7c5a98c7e6ef1fe9be47b64241b17f7c014c1647,ngageoint_opensphere
7339,7c5beb288e8ea2b6850a5205ef7e25a05670f0c4,ngageoint_opensphere
7340,7c5d25f03cdd633c9f788d8f9eb4888dc5644cff,ngageoint_opensphere
7341,7c63706a2c251d98b1d2207f888ae909efca0072,ngageoint_opensphere
7342,7c68698216c44929fe9386ce2fa8283a1a28386d,ngageoint_opensphere
7343,7c6b59b7f080af4c6e7b1fbdbad478f05d2b6b7c,ngageoint_opensphere
7344,7c6f4f23f3952968624646e8eff610c144847513,ngageoint_opensphere
7345,7c724753d8af4084f571de00a7da44ebab822170,ngageoint_opensphere
7346,7c7366ada4ed854bf0458694e69c80c0481b5c96,ngageoint_opensphere
7347,7c75aa4c76d74011b557cbf7c6de96a587ab49c7,ngageoint_opensphere
7348,7c801381edca33508d9f193360652bfdb91bec5c,ngageoint_opensphere
7349,7c81a9cefdb510427a28fd63ed74f8f00e2d6607,ngageoint_opensphere
7350,7c8300dc24f0b8c873f726dfe8e09266f5ecbca2,ngageoint_opensphere
7351,7c83522a45077b2f0f5760ea8ac5293db353edb9,ngageoint_opensphere
7352,7c8cfc140fcf23162a78fca4eb95969f828d455f,ngageoint_opensphere
7353,7c9581ee2802f61532dfa746003dfbd59b0ba32b,ngageoint_opensphere
7354,7c99e8fb94586beade6c9d6a3ec9734a0371e144,ngageoint_opensphere
7355,7c9f796dceb355fb5d0d4cd58d5013f3bd2ef6b4,ngageoint_opensphere
7356,7ca61f2b59fce02d6dbd9d9ba2a0d6f003a6623c,ngageoint_opensphere
7357,7cb5cb2f599b5f50b2b188878980b810e9733a3c,ngageoint_opensphere
7358,7cb79edc468f0683d542d412158f15e15ab80d2e,ngageoint_opensphere
7359,7cba212e56c4d21bfbe37d60cc64a3f84a3ed317,ngageoint_opensphere
7360,7cbe91846768fcc9a915661282a4be6d189d0c37,ngageoint_opensphere
7361,7cc2a4429f1bf6f3a091caf3619c4887c97a6b7c,ngageoint_opensphere
7362,7cc9e6720def66cfa67d52a4b4249e3ee5bde8a6,ngageoint_opensphere
7363,7cca976502239493f1e654a2f3e56f4170c679ff,ngageoint_opensphere
7364,7ccaa79235bdba17da3c8f9712f0d3be1dff5c3e,ngageoint_opensphere
7365,7ccd07b851b6a7f2a366840aedf3ce31e3156de2,ngageoint_opensphere
7366,7cd56282cb79e851ec242fb5cfb360deab209bf9,ngageoint_opensphere
7367,7cd6b266f070a17b71de549f9db3406cb8cb0713,ngageoint_opensphere
7368,7cd7a5f48dc761096316d9fd532dd9078b5bd391,ngageoint_opensphere
7369,7cda84fad23d7b190db54a51b6f99c9734849dd6,ngageoint_opensphere
7370,7cdf2ad71d3eba31d32bfd39eedc214bd3d56279,ngageoint_opensphere
7371,7ce1c5731129d4b0addb5738c04dbec5fcb96fc0,ngageoint_opensphere
7372,7ce2652fa8d88e6cb09df19137cb7f347635c253,ngageoint_opensphere
7373,7ce8855b0ab230285d3272553c9c491c06cbb7aa,ngageoint_opensphere
7374,7ceb15f945794607e4e2e72e733a14131bf50554,ngageoint_opensphere
7375,7ceed5ce6c8bdfd5e5143423ac6145bdb4216e3c,ngageoint_opensphere
7376,7cf6517a83bc48fb8a662aae9b2df58f7e00349b,ngageoint_opensphere
7377,7cf722991b57fb7181f7a21ea1fc9e6bd8ccc23f,ngageoint_opensphere
7378,7cfd707d21fe5d17e303e5af08d9fe11537ef232,ngageoint_opensphere
7379,7d013bd812c1809c7a30d3f1821a46ceddff712c,ngageoint_opensphere
7380,7d0511f672cd928bfd27504a70ce0b1fe6c26e80,ngageoint_opensphere
7381,7d07dabadeccb9cb46836f7f24b412a93e948644,ngageoint_opensphere
7382,7d0bcf90585a7953bbbd8f7542d99ffe8eaf4668,ngageoint_opensphere
7383,7d0dc3887854b2a4fb342dd64bd6265257e5d2aa,ngageoint_opensphere
7384,7d128433cc470cba681f382c9d625b54288924a4,ngageoint_opensphere
7385,7d1804744568205bd2404dd1bf48b587cbf52096,ngageoint_opensphere
7386,7d1d3d3d00fcf2d652ef359b9da77ae39c956e66,ngageoint_opensphere
7387,7d257edda0930c605f8b36583c2b62d815d6cd13,ngageoint_opensphere
7388,7d3af431a0b81bafa888241376941b33f895699e,ngageoint_opensphere
7389,7d3b678913fbc2dd26c93a3cae286fa7b5295e28,ngageoint_opensphere
7390,7d4543c90f089820aad84e68debfd0ec0194145f,ngageoint_opensphere
7391,7d484292f2ca2254659fedbc73b96140371cfabd,ngageoint_opensphere
7392,7d49d227187ca7d3655d87ec1feaa5549c5c1161,ngageoint_opensphere
7393,7d52998b83c7679f5f0ab9aa1f3ac044e6146838,ngageoint_opensphere
7394,7d57923e396cb7ca25901bbc02a7891b86fff187,ngageoint_opensphere
7395,7d6606d84416dad3e4fcf23cb1b44a283a7b2971,ngageoint_opensphere
7396,7d68a777147589e73d23e4d2f108d161d6d98a19,ngageoint_opensphere
7397,7d6aa4d74f866494b1ac4072deca0246e794564a,ngageoint_opensphere
7398,7d6f0496116f5f8c3e2c6354fbef2b3b34db6621,ngageoint_opensphere
7399,7d724cff92e4290d1874f39d9fd58516ccb2c8f7,ngageoint_opensphere
7400,7d73407148a3aa6bc41ff79db83b1369420d040c,ngageoint_opensphere
7401,7d78b5c8072975fe24adbf66dda469565a318789,ngageoint_opensphere
7402,7d791a5b1229603640cf454246f5bbdab46aebf6,ngageoint_opensphere
7403,7d7ceef2878c527afa200cbf19224689af13720a,ngageoint_opensphere
7404,7d7cfb5532717ba8fd8ea14ead531b4286a51ba4,ngageoint_opensphere
7405,7d7fc7cb47aed04901f0d22cff9d971c4f2c803a,ngageoint_opensphere
7406,7d85f6c519fc78a39e95c216df541d59d453aafd,ngageoint_opensphere
7407,7d889aa761857cd1a318e1380f74f8399a0b5978,ngageoint_opensphere
7408,7d8d822274889adbacfbfd6e93a9fc4ed88aa05e,ngageoint_opensphere
7409,7d948a7d1032c414a308b4804363bad769f3f069,ngageoint_opensphere
7410,7d94c4e21fe146cc008ebc51a67b759cca95b33a,ngageoint_opensphere
7411,7d94e37742778e8acf6bbc223ff75711021ff92e,ngageoint_opensphere
7412,7d9c51e4bc95fc33bbed655fa104b6bb9a8ffe96,ngageoint_opensphere
7413,7da0f620a64764d07177a748d3089eada8b8acdd,ngageoint_opensphere
7414,7dac8639ff82cb93fb686552bf9015a2c8aefc22,ngageoint_opensphere
7415,7db4944c6b9408a31908ef5b933b6db0997896e7,ngageoint_opensphere
7416,7db60fd3c2ef452fe4483bba6b22fdfebfce0355,ngageoint_opensphere
7417,7db8799ac87497f4a567e4c3de37460e295c43e6,ngageoint_opensphere
7418,7db8b0041e0ecdd811a9d30815130cba332f9210,ngageoint_opensphere
7419,7dc18b4438abdcf61cd6a0681157d9723fdd1113,ngageoint_opensphere
7420,7dca1ae125cdc04d3e249ef5568e43063eff1c9e,ngageoint_opensphere
7421,7dcdecca5d8f9ba8822dc9bbb2d997aa163a4f56,ngageoint_opensphere
7422,7dd1ee54770b05e3630996ba31f8ddcc53dcc4ba,ngageoint_opensphere
7423,7ddc2741160f387a36a2d7313b1848c82b7157da,ngageoint_opensphere
7424,7ddccdadba48a83cd5e227bdf19abad2689e3a53,ngageoint_opensphere
7425,7dde76b6ab59ff4dc2a89972bab0c0467d1d024a,ngageoint_opensphere
7426,7de71f20d6c9436a1b8147911e2a6c59a196f70a,ngageoint_opensphere
7427,7de7425cee02242e25d64b5852bfed7220870beb,ngageoint_opensphere
7428,7de95adcbe56af806edd76cc2a44033282c04e6e,ngageoint_opensphere
7429,7debc8b4fdc57c00da4e7ac90844b1c0113b5446,ngageoint_opensphere
7430,7ded1cfb221ff984e4aff5f496a27c37f6aaeb3d,ngageoint_opensphere
7431,7df0b756fef9ecd68dadde37cfdf864dd048736c,ngageoint_opensphere
7432,7df1a3bc4ec10fdc9896a26e5745fd371abed9ea,ngageoint_opensphere
7433,7df2728fdaef96b3b5f9fec7dba221825d4b15ea,ngageoint_opensphere
7434,7df4a7640a828c4abd273088b83054385df349fc,ngageoint_opensphere
7435,7df6c31af1720addef671c1a37d1d3f5d02c14c6,ngageoint_opensphere
7436,7dffebdfbbb2a3078e7fab6c68de336e5b6a83b7,ngageoint_opensphere
7437,7e00bfa8270eee717278f66112c87911680f3f8e,ngageoint_opensphere
7438,7e11acd4d04b58b489bd13904fe0660e24b2b793,ngageoint_opensphere
7439,7e1bd9d256d02a47ef1700d4cefca51789299c4d,ngageoint_opensphere
7440,7e1d98fbe3796098d7203e7a17dd3cf5f2a4e777,ngageoint_opensphere
7441,7e1e0fbdde64b74de13eda81b4c3a9c9638332f0,ngageoint_opensphere
7442,7e246c32eb0cda493b6f4cd40a1e4b35fdec3e63,ngageoint_opensphere
7443,7e2669258b2963dbcdd71d0b31304c321a6894f7,ngageoint_opensphere
7444,7e28763d2e7721fc38376abd3504a89c4108cab9,ngageoint_opensphere
7445,7e29ac1835b817f171a4b324cecff5d61cd1215a,ngageoint_opensphere
7446,7e2df26b9150c0a1c91fdea6f16bb1f61c2be400,ngageoint_opensphere
7447,7e321987fddaedc524cea54d3ef4d1f76bfb2584,ngageoint_opensphere
7448,7e33e056bacb5bf20fb899aa83c65e0de042733c,ngageoint_opensphere
7449,7e36988276d868e2c22c74ca6ddd0b3b56e26f4c,ngageoint_opensphere
7450,7e435fd041cb9c7eda5a1e94848d966d021836a3,ngageoint_opensphere
7451,7e46d6ee87a3e4f90128f66602c3b59ce797082a,ngageoint_opensphere
7452,7e4731cf81a78b9019630b2f4e840528517fe7d7,ngageoint_opensphere
7453,7e49004da535f710a41fffee798dc9f64b2c08e6,ngageoint_opensphere
7454,7e4f07c602aebad432d3e0f3487328bcc64a3d56,ngageoint_opensphere
7455,7e557cbceaf100dec2e2caef44e0722090960ec1,ngageoint_opensphere
7456,7e583ab42c84379da6c2948bbe51932814ba4eff,ngageoint_opensphere
7457,7e5b4309e4fe91bdbdce459ff8eeae71f437aa44,ngageoint_opensphere
7458,7e5c0ddbb2365e1f3526f22b488a1f8adb99ad61,ngageoint_opensphere
7459,7e5c202e43bf595940a9426af06eee2b03a6ae95,ngageoint_opensphere
7460,7e5e9a9cae3382502ef0393701cd9ae0b3d93f66,ngageoint_opensphere
7461,7e613b9e552e52f87d88bbddc90e6b0070717bc4,ngageoint_opensphere
7462,7e69311c4c3356c680695d3a28a17f3324e24fa0,ngageoint_opensphere
7463,7e75b7d07c61587fe23799168ee0dd0aa028f1d7,ngageoint_opensphere
7464,7e77b28f12fe289fe67fe38b6fd3bdc37c857934,ngageoint_opensphere
7465,7e781e7936926d160d0cab0f4f7307f596ca81cb,ngageoint_opensphere
7466,7e8192f35a729270aecfc93b9d4d57164265b1ea,ngageoint_opensphere
7467,7e82ff431a5d1b11279a52a4d71aefadad3ac480,ngageoint_opensphere
7468,7e8526d52ba4f72029c11c5b53d8510261f7b8eb,ngageoint_opensphere
7469,7e8fe817191e034d52cae8c58d51af21094fff9a,ngageoint_opensphere
7470,7e904fc6c882252be8ce6861238af37c4fb16c57,ngageoint_opensphere
7471,7e9194d1d334ec64af05d26322863ed1c677c608,ngageoint_opensphere
7472,7e9645940555386f85770a9c40cba474cf749fc6,ngageoint_opensphere
7473,7e9834666414a723e55781fb0ff3ac6064e90b9e,ngageoint_opensphere
7474,7e984f8c2d01eebc49513f769cddc3a5e0080e13,ngageoint_opensphere
7475,7ea5dbb9b238c196ed7be751e4bd05be503e2709,ngageoint_opensphere
7476,7eaa7b25dac55e7c51eef4d57ef629ecf43e8b57,ngageoint_opensphere
7477,7eaab0be3bd10952d63ab56fc89fc65d2e828e32,ngageoint_opensphere
7478,7eb1bd1afd4635cd26e5c9ee9c71bb163bf348c3,ngageoint_opensphere
7479,7eb2af7f8edf6a743c01028c9b90ef3887ffe13d,ngageoint_opensphere
7480,7ebb213477f06be32b3a34f71188ed8d7f7d8f55,ngageoint_opensphere
7481,7ebbbe2ff5ac36675a9fabc6e9fba21bc28f488b,ngageoint_opensphere
7482,7ebe2f4b061ecdbb16f0bb838b9ed56ff4818289,ngageoint_opensphere
7483,7ec005b65eaa954758a20f4bf631f9cbd5da59cd,ngageoint_opensphere
7484,7ec12237fcd157ff64ea785ec1b02165b47defd3,ngageoint_opensphere
7485,7ecbee1abe130db9273d4b90d3d45da688feed2e,ngageoint_opensphere
7486,7ecdfcebf80c7280f3a0cc946be4078d17c68bf4,ngageoint_opensphere
7487,7ed521f486f7835e08f4a44f077eb217ba018591,ngageoint_opensphere
7488,7ed98a6281faecc7c9b1e05e4fa8b0f240557c8c,ngageoint_opensphere
7489,7edb9c8c3b20aa16c11c36119b92f5e5f75238b9,ngageoint_opensphere
7490,7edf90813b231ac75fda931cde54babb8b713dfa,ngageoint_opensphere
7491,7ee11819c64de43c0cda037e2fec4a3f3aa7a50f,ngageoint_opensphere
7492,7ee2c73a0e6fd3bda3b60615c55b715db60f2402,ngageoint_opensphere
7493,7eeb06a2d75b7817aa51bba72734228765af7907,ngageoint_opensphere
7494,7eebfbd4ec88bc10d051098ca24bf3eee2900efb,ngageoint_opensphere
7495,7eec75dd3074c5ae17a7407349c7ed2c91cf0ce9,ngageoint_opensphere
7496,7ef3a6bcb9deac8c165d5d63ea996ede5c46be45,ngageoint_opensphere
7497,7ef3e9d7f0a71fb11bf705e645edf4fb078cdb4f,ngageoint_opensphere
7498,7ef6a324ff3c920bfb0e7a5a866f75a05828d2ac,ngageoint_opensphere
7499,7ef82bfc0a447b184abb1c0eacba6321e404d74d,ngageoint_opensphere
7500,7ef936eb474c943191fac829441217cda2666e3d,ngageoint_opensphere
7501,7ef9bc80a4624bc2a10f925a2c3acc7e432b2c14,ngageoint_opensphere
7502,7efcb59d7053de0753faf8994d1332c7f581497f,ngageoint_opensphere
7503,7efd8e539465ca714f6f174fcd56e45dd352572c,ngageoint_opensphere
7504,7efeb33cff0d3bc2d11d17801fe43215b432351a,ngageoint_opensphere
7505,7efedb1abd397f5054246190b129908dce8890fe,ngageoint_opensphere
7506,7effebf5cd5828fff1aa9771d04b808e7d32a7dd,ngageoint_opensphere
7507,7f08f8f45fe2ab12ad126f1f305672ec677ddbbc,ngageoint_opensphere
7508,7f1448e6b475fb909b1f5510c14fd2ff66964585,ngageoint_opensphere
7509,7f1d37d1bccb85423fcdfe1aadc9c10b3a6d903c,ngageoint_opensphere
7510,7f256f379049e6bd2df8dc36f5855c10a98c89b4,ngageoint_opensphere
7511,7f2f81b466a8fad183c2a029326712ab66d46628,ngageoint_opensphere
7512,7f373a97f863605384eacefacc1b7485e5004ef8,ngageoint_opensphere
7513,7f3836812936a04a1953e4e72c907f78c50901ee,ngageoint_opensphere
7514,7f397741a61ca018089a541a64085ee3e17c8b69,ngageoint_opensphere
7515,7f3bcd07c4bb0acabddb08113537cc35843670f5,ngageoint_opensphere
7516,7f3c0f35dd4434b1207aaef070b0603d132ca9ff,ngageoint_opensphere
7517,7f3c712157e5ab3370babe3c65afe2bd2831627f,ngageoint_opensphere
7518,7f41e8f1811ad8778fedcc1d95cd22e4f455b41c,ngageoint_opensphere
7519,7f45839dcb5073cb87e7b00e2250816b3d253bea,ngageoint_opensphere
7520,7f4764671553f6b44aee402a132b7c037a92ecf1,ngageoint_opensphere
7521,7f4eedc420b8e495af56b1c15efc60f484febd4b,ngageoint_opensphere
7522,7f5549ca5eaa227ef526a771e40459ee4744fe63,ngageoint_opensphere
7523,7f56714ab1f2b84a665fa28f4c9245f8cc9549c9,ngageoint_opensphere
7524,7f56c3678bbda2878a62d931072fbbe8abc1294d,ngageoint_opensphere
7525,7f58f594e745d9ed9e114deb82018efac2bca560,ngageoint_opensphere
7526,7f59335c9e31c868fd8892a6e1a56c35bb9ac6d9,ngageoint_opensphere
7527,7f59b35f4b9c800ee3211ef9d4808760d2ac42f6,ngageoint_opensphere
7528,7f5d3d78c65f138d4d32297fff78b0adefefa9d0,ngageoint_opensphere
7529,7f619a54ddadda2efe746965dcb02688efd52594,ngageoint_opensphere
7530,7f6fecc45f31050eb735d04363895e8a9f3e59d5,ngageoint_opensphere
7531,7f7ef46fb6f470ccc40f1f0f46cf3edd304a8e96,ngageoint_opensphere
7532,7f8259736fcb92585ccaf742ebd7f3696b4e6f86,ngageoint_opensphere
7533,7f82c84fddfb68f3a8d271c34d32bafd3296f3dd,ngageoint_opensphere
7534,7f86134b93b40c7c1cc8647b14e5c9f9ec970dcc,ngageoint_opensphere
7535,7f86c877893e7246bfeadd4ed916e21e7a80e292,ngageoint_opensphere
7536,7f87d752d9662afbb187d6db1dd2d4c7329df38d,ngageoint_opensphere
7537,7f88a496a6993b398450725a287e77c7aea63536,ngageoint_opensphere
7538,7f8ab3f3b7a0c9680c7f061d5c5f0d93bec7e07b,ngageoint_opensphere
7539,7f8d1a6416fe412a604978e3c384308905132c3f,ngageoint_opensphere
7540,7f9359a8890e15a3bb1bd6d6b4e2ee61d92726ee,ngageoint_opensphere
7541,7f95aa1be2aa73726e181e0c838aab0a531256a5,ngageoint_opensphere
7542,7f9643f73bb5a6eefb71a237b2cd4c2b141f260d,ngageoint_opensphere
7543,7f97e19e3e57fc7db61b242163c1020db9d09857,ngageoint_opensphere
7544,7f9a1421494b1ca760941ff279d2b1d85d1a7825,ngageoint_opensphere
7545,7f9aa4089e5d93e2e44abbb4f11f90b492281cad,ngageoint_opensphere
7546,7f9ca44f5eeee29015d835ec0f7d58dfeaedda8c,ngageoint_opensphere
7547,7f9cf87b5f23dbd0ee8334ca701808eee4476bb6,ngageoint_opensphere
7548,7f9ee87fe4fb9a131bcdf2e51daafbf5eae2f1a3,ngageoint_opensphere
7549,7fa51c7ca6ddd0d05db945bceb1579f18ea179d6,ngageoint_opensphere
7550,7fa59fafd7e745f5ad2f4a386e4f1bce44c5e714,ngageoint_opensphere
7551,7fa9c650c76de979e584c3418322dac1cf317f25,ngageoint_opensphere
7552,7fac02f9f11ea37ac26c6c0e52cd25bd06de1daf,ngageoint_opensphere
7553,7fb87e7f2a38d155145559381734fe937d18d989,ngageoint_opensphere
7554,7fc762e30d6ca41350744943ab44d29380f5e895,ngageoint_opensphere
7555,7fc963fa36ec5e3b941c07fdc4650effe30149af,ngageoint_opensphere
7556,7fc979b51a56a4148aa89fd274729e02c730f997,ngageoint_opensphere
7557,7fcd29c78e08a45f0d41e5c6382ca6ce7f127288,ngageoint_opensphere
7558,7fcf55e95742529627a5d2aa4d4a06297cd201dc,ngageoint_opensphere
7559,7fd230465c2f200430faef919ab88f29a98042d2,ngageoint_opensphere
7560,7fd7bc420a4589f9af080397c1b05193ce227b3a,ngageoint_opensphere
7561,7fdaa79cae07612bafe817dcceab4d0e96cc73f5,ngageoint_opensphere
7562,7fdb13cdf17fee622100ee3ca71dad1a20cbe214,ngageoint_opensphere
7563,7fdee657162288ab382e6a23192330b2153d5100,ngageoint_opensphere
7564,7fe24be02545d70c2f50733218b3ed151403d0ad,ngageoint_opensphere
7565,7fe4173e546930ef5fb962c0e4deaaa6422bdff5,ngageoint_opensphere
7566,7fe4c3eb6a7bb16ae8374b21ce5273d6911988cd,ngageoint_opensphere
7567,7fe6ef9060c6a9be6422496c2caa7cb7553174e0,ngageoint_opensphere
7568,7ff6fca2668242f66014fb074b60016dca58f8f2,ngageoint_opensphere
7569,7ffaa1147d35f7cebe84f3a9ad841115d38a3a56,ngageoint_opensphere
7570,800794fca0c758387f3000b33ead1751828b9fb9,ngageoint_opensphere
7571,8010239eef3b44048fcf79606b76ab6863616f0e,ngageoint_opensphere
7572,8011c16340e2b89da6414457796321e157304a4a,ngageoint_opensphere
7573,80125e3d3656184b761dc6a8903ab82aaaae9358,ngageoint_opensphere
7574,80139c0f8019d4def869b665c4760dab2e6a6edc,ngageoint_opensphere
7575,8016a3966608e622a5e880ed80df58dd6058b529,ngageoint_opensphere
7576,80181d2789faa24e368f62fbd4748aea47e62a55,ngageoint_opensphere
7577,801a9ec36aee71a5fd813c94019842f7daa67187,ngageoint_opensphere
7578,80254f785fb03159b6d15d103bb96a714882db16,ngageoint_opensphere
7579,802bfe51aaf72a00191be1f6f03077e853461d5a,ngageoint_opensphere
7580,802f9c1ae56b65a54648189df04aaad200312cab,ngageoint_opensphere
7581,8031930655189eac203e14e909a48d3cfcf086c5,ngageoint_opensphere
7582,8032bacc48ece0eba72758950d947c6e7bac3b33,ngageoint_opensphere
7583,8032d22eeebbcb885e72421b44de176272d5a17b,ngageoint_opensphere
7584,8035a404428ce7c027bfeb0b8046659372ac4755,ngageoint_opensphere
7585,80396db79efeed7ea508fa5e56d7c31939de448e,ngageoint_opensphere
7586,803e4d18503c0a067ef4d845864e519a68e0f4e2,ngageoint_opensphere
7587,8044f904436ec987989311c35335cadd00df3f99,ngageoint_opensphere
7588,80506e12ab7bd337dba5bb678ed448662ab0513e,ngageoint_opensphere
7589,805124f2337e26ed7edb93974b2d5e2e4aaab9e6,ngageoint_opensphere
7590,8052d7bafbc282f929b888a3c898e96ad86f284a,ngageoint_opensphere
7591,805445c222f5196d34d09241ebbde7351075383a,ngageoint_opensphere
7592,8055cd0281a8966acfea43936fdc47dd19970b19,ngageoint_opensphere
7593,805c3b0062f1b94c58f5a42c890797f0eec38b38,ngageoint_opensphere
7594,8062c47767b8120cb04badcc2e9ae7cc8c4c029e,ngageoint_opensphere
7595,8068664676afa439996688a4b244bd2102102e45,ngageoint_opensphere
7596,807d1504b730514b8b722d78b204d06682a7c96f,ngageoint_opensphere
7597,807d928b7dd745373941bbfb59bc8ff63c74f132,ngageoint_opensphere
7598,808800664cd33528b32f0afd2b9044e12d473c41,ngageoint_opensphere
7599,8089985005117204fc25019a6497e3b2158b9f4b,ngageoint_opensphere
7600,809136b31affe7b052e777f5852dee70e058bc5d,ngageoint_opensphere
7601,809171e4f238dc22fb4dcf8b9fa48f8f1fcfc0e7,ngageoint_opensphere
7602,809dbfdfd85dbb3a00e4f2f18e4b409ea8bf05ae,ngageoint_opensphere
7603,809fe2e8fa38ba0465a2ac1a4ecb5fed6c3468e4,ngageoint_opensphere
7604,80a00a98f4988372594fd0094d95641d85752bf4,ngageoint_opensphere
7605,80a11db61fbf099b8a46d195b20bda6d12287b07,ngageoint_opensphere
7606,80a1607b9d84b64166f7eece03140c0c53b53d48,ngageoint_opensphere
7607,80ab42fb09069559a86770fbbdc45928e5aba6d7,ngageoint_opensphere
7608,80aec6861991f1089db36def9055a2238e0a4115,ngageoint_opensphere
7609,80aefee4c6d258af36432e1901fda3316245341f,ngageoint_opensphere
7610,80bf23a09a7bd9f0bcdaee7adb265afaab035af4,ngageoint_opensphere
7611,80c1a633d2247f94a0c596abe071b0ccbe166934,ngageoint_opensphere
7612,80cdc82ac1ca5b565c004f92446eb58e9c4a6fdd,ngageoint_opensphere
7613,80d74bdfca2af5ac3aca1d0734219bd403afc0fc,ngageoint_opensphere
7614,80dcd6022b83bdf921b26760ae182fdf24eb63f3,ngageoint_opensphere
7615,80de2b1cfc2f08296127e676326b8f80ff5477f9,ngageoint_opensphere
7616,80eb7ef677185f756b8d8272e7c2b09b667d60b1,ngageoint_opensphere
7617,80ec4e24b3902530fa91cac4ce63c6e2bb86d8df,ngageoint_opensphere
7618,80f159ccf87c7bcc9634bb55a543f96f76906731,ngageoint_opensphere
7619,80f1c8f09ea6486803e2404a81eee72b56de6bdd,ngageoint_opensphere
7620,80f2582542e8219f71d25dc7b7f4bb32df5a9024,ngageoint_opensphere
7621,80f8b1072da6d96ecdd28d184246ebf64d5598f4,ngageoint_opensphere
7622,80febf48ca69ad9240c260786689d940b331a588,ngageoint_opensphere
7623,81047afb19ffce1d77b7b1fa3e2f413f82a1b814,ngageoint_opensphere
7624,810ff7547e726ed6291536b5cea293a480e2dadb,ngageoint_opensphere
7625,811587905613f3ad57d161ab11cf4f9fd1973419,ngageoint_opensphere
7626,811a0d56aa259040516eabc9309a5f967b85657e,ngageoint_opensphere
7627,811f3fec310731239cb5b73aac2d2f2f72d2bfe5,ngageoint_opensphere
7628,812185d6c57285c39da5c012482d3c5098df7d16,ngageoint_opensphere
7629,81238483472081f099ae01bf4d9bc42474d445e8,ngageoint_opensphere
7630,81264214db762fef8bf3f0f6b278494c0a1f48e8,ngageoint_opensphere
7631,8126df35b0126c037c8ab1ab732dc87cdf302fdc,ngageoint_opensphere
7632,8130b2f9438ce016422ca548cb45f1c08aaf688e,ngageoint_opensphere
7633,8134377a7177453aa2df28569c643fb9705b7800,ngageoint_opensphere
7634,813635c203198f963821266ffeee179dae5bd3ca,ngageoint_opensphere
7635,8137eec58e4dc703ec7c6d5c892dbe964fe5ea07,ngageoint_opensphere
7636,8138c36f047c75653f23513ef73a5e2d1e877547,ngageoint_opensphere
7637,8139d4e45a45392adcfe29d7446fc6edcbf5274f,ngageoint_opensphere
7638,813d8cb991dd81e97a00902c84fac62f8e0603db,ngageoint_opensphere
7639,813ee5d9758500733d444ecf9e284ed6eb691f82,ngageoint_opensphere
7640,814f7a1405156aeb64eb0f53c6b20a6c934a0e25,ngageoint_opensphere
7641,8152a0decff78029414ef1f1a3b9e0ba230fa058,ngageoint_opensphere
7642,815510c1ea8671779d41b39caf88a83f2e0d51a7,ngageoint_opensphere
7643,815aa26bf38e85a1a1cd52aa35d32f8120841d85,ngageoint_opensphere
7644,815c7cfb946ecb66dcbeb0f175ef8d0cef2a6c61,ngageoint_opensphere
7645,8165c115a6795993fefef4e50a75ff5b84b20ae2,ngageoint_opensphere
7646,816afc1e92037e84165e90286e7853c9ed8104d3,ngageoint_opensphere
7647,816d5346e2890c92da3fcca3a8f4d1bc9a54ebc0,ngageoint_opensphere
7648,8170acc996efb2d4951642f05a1d7897a34e262b,ngageoint_opensphere
7649,817aa7c685a0f3585abcb76edbc78888740fe393,ngageoint_opensphere
7650,8183ef09b0378574f31b6c3a1a63c3dd70ae80b1,ngageoint_opensphere
7651,81857f65f93ed1c4dc639f753776246e6c514b4e,ngageoint_opensphere
7652,818ea571d2f27e6ea0e1bdb61c0614ac256bebd3,ngageoint_opensphere
7653,819850dad22b9179cbfe0eadfbd25c52bd5499a7,ngageoint_opensphere
7654,819ca36ed837af15c5a62e36dc77861375222f73,ngageoint_opensphere
7655,819e5d2fd0f68ded5dca61add9e8414d6aa7024c,ngageoint_opensphere
7656,81a0291b5a17dc77fc014042a71f543834313b5a,ngageoint_opensphere
7657,81a38d24e6d02283506630232cb500f364918e51,ngageoint_opensphere
7658,81a60fcc2f4e4c767ea0c82b87fa4bf383008076,ngageoint_opensphere
7659,81a61983485894e83d20f7b3776151e89521a19b,ngageoint_opensphere
7660,81aa50dfd2fb66944ca624334465350bc879d1f9,ngageoint_opensphere
7661,81ade016534581958c0d4a10472c9827f7df6c03,ngageoint_opensphere
7662,81b15ca5215ce1307b6c6f2a2631fdc0120af918,ngageoint_opensphere
7663,81b381e7bbc8864ca40e00ea7fc39e7bd323e64d,ngageoint_opensphere
7664,81b3e76260f24505821b4b6ca67432410fd2ed48,ngageoint_opensphere
7665,81b49aa4889748c6fcf358fe769f23b59fe7fbdf,ngageoint_opensphere
7666,81b799778f566b88033a7b1cabcb72ef8866974a,ngageoint_opensphere
7667,81b8af59c11dd91aae513298e7d7d86471c1efbd,ngageoint_opensphere
7668,81b936bd6703cf76f444075d65c7296edb25edf3,ngageoint_opensphere
7669,81bc2022547b0fcab3e08a504f38d9a1483fed89,ngageoint_opensphere
7670,81c631c799d103c0906d288b35d306b56b57dbda,ngageoint_opensphere
7671,81c7036211e061e988a24c776b9bbd9c33312714,ngageoint_opensphere
7672,81cb24e974c84fbd9dac3ac568639332770307ff,ngageoint_opensphere
7673,81ce33745366b28fa3b3b6233bfa0dca8793990f,ngageoint_opensphere
7674,81cf6dff082a96792d16cee44fa08fd9d74024f6,ngageoint_opensphere
7675,81dcf93acb4dec96cd854dba769a1f02bd7f3ad0,ngageoint_opensphere
7676,81e419b4bb7cd941567170913ea48f97b099cd61,ngageoint_opensphere
7677,81e961b92a3379f86a710cc0e61e7539eb92552c,ngageoint_opensphere
7678,81edd672c17965882e0e79dd674f084f26a590aa,ngageoint_opensphere
7679,81f407585d7d9d1b37043c3fb3be7b5137fc7142,ngageoint_opensphere
7680,81fc88a154e99f473a1f2ab20a006ef1f583780c,ngageoint_opensphere
7681,81ff0ea32e023a0a2d4fc5b93deeb44cdc74b63a,ngageoint_opensphere
7682,81ff61a2bcee0a6cc53ddbbb65fcf5f428a26fed,ngageoint_opensphere
7683,820343ba9d54ade0ff26345e0b7ea27958635640,ngageoint_opensphere
7684,8207e9477d370518f053fa9a20a479c095ab655b,ngageoint_opensphere
7685,8208c43a7ed834167ccfd6d9c47c649a990a20e1,ngageoint_opensphere
7686,82098885cf06ca13ff96137b20dd539e618ab00d,ngageoint_opensphere
7687,82111e2c71c09004b7d94f578d0e32373654b1ce,ngageoint_opensphere
7688,8218c5d37a3fbfe199a3d0265077e02a7b6a7866,ngageoint_opensphere
7689,821c409d0f3f3de3ab573c523123976d74503ab3,ngageoint_opensphere
7690,821dbc3df0ff7dd6f098bdd5167489114b2abd23,ngageoint_opensphere
7691,821e24246d0a65954b140219f111126c7b54a746,ngageoint_opensphere
7692,822a8f2080de5d4b9c5e3c78a3f2628b9d923cfb,ngageoint_opensphere
7693,82313ce9534821241a466ea8bf0bd2a61d21c296,ngageoint_opensphere
7694,8238f7990abac05cb6d45ad520650c1a6069f303,ngageoint_opensphere
7695,8239270473f0a75591efd34457f787a88684784a,ngageoint_opensphere
7696,82392c6c9b94ec803f790cc114cd981df6993a11,ngageoint_opensphere
7697,823aa38e97b29074fc2e15d92b5214c8dd340de4,ngageoint_opensphere
7698,823ac44da4d37aa6c8ef02edd97dde532ce976bd,ngageoint_opensphere
7699,823d6e8567b55476a4822291ef90b647ffd56450,ngageoint_opensphere
7700,8240031f33818ce610d6a85054b6ed81fb401075,ngageoint_opensphere
7701,8241baa27b5be97f915822a460986ce48ebc1162,ngageoint_opensphere
7702,8243bfacee8b0078d86ce651d352fab0dc061579,ngageoint_opensphere
7703,8244b4388b18f7e38feb024c403eeea41b29925e,ngageoint_opensphere
7704,82466e8ac0aa13a4ea5a773cfa34bbc6b5650f51,ngageoint_opensphere
7705,8246af486611828240e77db5c190a46e5e2b8b48,ngageoint_opensphere
7706,824725b728c2193fc2d5f6dc50aff605e307c68c,ngageoint_opensphere
7707,824d4d5d309953ddb7c906c33afe9587eedbdad3,ngageoint_opensphere
7708,824eb32c413f3549fbc87acd7de5f5d857b34646,ngageoint_opensphere
7709,8259124a8b0f2cd30959622d9fddf1653076bbdf,ngageoint_opensphere
7710,825de146307357b1976c9d9e8e053115defd65a8,ngageoint_opensphere
7711,825f13618bad7da17b630f6f07450e6df4050273,ngageoint_opensphere
7712,8265dcefe34922c760e9153872b9045f44be66d6,ngageoint_opensphere
7713,82746360eff8f594803e15b5bc5148164a97a907,ngageoint_opensphere
7714,82765ae808b0c4a02320b0081f2be4c03f7adc82,ngageoint_opensphere
7715,8279a644b79926c58845903b6f8c2a144f686857,ngageoint_opensphere
7716,827a6d9c0c6c1a1695ee04725483e41f64368cb7,ngageoint_opensphere
7717,827aa3f70efe3715201b99821414fd92425feb41,ngageoint_opensphere
7718,827dc2d7f49aa8fd427d40a0373d33a4400a506f,ngageoint_opensphere
7719,82800e9af57a20e7e1582cc080d06bb7289cf17f,ngageoint_opensphere
7720,8280a6a4c2ff3b744c764c7c85e441f0bc9ee203,ngageoint_opensphere
7721,8284caf182b5958669aa7a38e4c67017d5638c71,ngageoint_opensphere
7722,8284e56f880595878789002f658b75a4190fb35e,ngageoint_opensphere
7723,8285e6a1686b8b8c26afd28287be3f16c3e3fc93,ngageoint_opensphere
7724,8287b3e51af2cbf3aa26504a0041aab6a0cd0022,ngageoint_opensphere
7725,828a41c0c90476df5b80061ebdd7171a70afcf5d,ngageoint_opensphere
7726,828f5d16bd5f6e4681ec685396ea20b11aa88417,ngageoint_opensphere
7727,8290d32910d15a03bdae582293638106ac447158,ngageoint_opensphere
7728,8294f165f2163b3f6c564bc3a53b7e1512bc2219,ngageoint_opensphere
7729,8297c7347944148b9d00c80298770485d2549de2,ngageoint_opensphere
7730,8299b7193fc5b9c0c3801394b92ae0fbeaf3d53a,ngageoint_opensphere
7731,82a096a5c60a8be000453ceb83d281c09ab85bee,ngageoint_opensphere
7732,82a7314fa4a4222fe61ed8251508008e11e90ce0,ngageoint_opensphere
7733,82a932cd561172f4e38ed27c1d94feebdeea1215,ngageoint_opensphere
7734,82ad9bcfb8195a63de23cdd2b405a3a51a57abef,ngageoint_opensphere
7735,82b1a4b814133098c75119bacee1837f6d26ce14,ngageoint_opensphere
7736,82b9d0d64b75456ec8e02b9911b5e54fcf446434,ngageoint_opensphere
7737,82c04f40cc2f09f2f4133ae4341b23e704bbe33d,ngageoint_opensphere
7738,82ca1c4c54aeb808db53c8a1dce05f686b3e21d0,ngageoint_opensphere
7739,82cf57d176f118c14afddeefaa5a8950e7759d3e,ngageoint_opensphere
7740,82d08b6ffb613d6096f51f46a75432d2efd12727,ngageoint_opensphere
7741,82d568cc27b4f116b95cce57429c230ba0425479,ngageoint_opensphere
7742,82de2f4df7952e4a6e555378d6e1d332b49e0f31,ngageoint_opensphere
7743,82e2379948d3951c2117e557a74ed65fec161235,ngageoint_opensphere
7744,82e5262516a2032c1ac8a139bd9912354e969244,ngageoint_opensphere
7745,82e55a47a8a3ee5bedd67cd28ea9266407f3bd17,ngageoint_opensphere
7746,82ec49397c5788cfdfcb758cfd9aaa04843c19eb,ngageoint_opensphere
7747,82eed093f7531e01e180fc8494d91a6a4c03ff03,ngageoint_opensphere
7748,82f25c158dd8f4d5e40ddaa37cd4a25957bc2e95,ngageoint_opensphere
7749,82f51425bb4e3bf833e62d4c0d9612163f55cc19,ngageoint_opensphere
7750,82f7a28d2cd1958fe2de482b541d358e43cebc9f,ngageoint_opensphere
7751,8306c55f0c7dcbcf1b739ca95a9c3f93dfb920d2,ngageoint_opensphere
7752,830a42c9294c2a7b8c41d0f547d9e6f6fdd369e6,ngageoint_opensphere
7753,830ea87ce908ddd5a6e7121903863c5961a0bf22,ngageoint_opensphere
7754,8319703ac1b0a4772716127dd43943708c34e9a9,ngageoint_opensphere
7755,831a41a112a142aee9ce3f9ac4f14cdf5f94c071,ngageoint_opensphere
7756,831f1a7ab7933f684832cb804bb1203755ddfd23,ngageoint_opensphere
7757,832c6d4327d03a389de8ee60d7858bf841bb835c,ngageoint_opensphere
7758,8333d9278913040710dd3700f3c2a734af38efb3,ngageoint_opensphere
7759,833c42c155938e021b1b28052ad0cb44711be4e9,ngageoint_opensphere
7760,833dd4acc390dff6537fabb5bec4231f7df5a89e,ngageoint_opensphere
7761,834169e7b6b6ad25092f11a40e5cae6ebd224e74,ngageoint_opensphere
7762,83426512946cbab89f3cdfc50c41a730284c1076,ngageoint_opensphere
7763,83428964fba450d9ca96ca3a93535d7271c96400,ngageoint_opensphere
7764,8342cf86b847bcd36658fe4fc330146d6d18d1ed,ngageoint_opensphere
7765,834e31160939d25e5d61646879906e4f45e455f3,ngageoint_opensphere
7766,83504715efc4028af9eed3fa1525a467feddb1cc,ngageoint_opensphere
7767,835acb5b994da6d9096f3b908dc6f128ef240b39,ngageoint_opensphere
7768,83625fb2932222d77200e22903ad4ba6fea1bde1,ngageoint_opensphere
7769,8367c821fe73e8b32387e75b50a1ba91683b66d8,ngageoint_opensphere
7770,836c139aeafa16d077725f7fbf192ca765a3f917,ngageoint_opensphere
7771,8373afdd356d358b3d4c63f79572dbaef2fb3305,ngageoint_opensphere
7772,8375402ca4a1541b3323494a1140db83ec62d930,ngageoint_opensphere
7773,83804cea57df90966f7dfbb1831cc0bb3e38a6aa,ngageoint_opensphere
7774,83923488ec1bc4a571b135161b8a13214c47567e,ngageoint_opensphere
7775,8399b79d0c86dc8684a235923b44eb14bdfa15a2,ngageoint_opensphere
7776,839ad80cb564b608ddfa9e69f440491d84f84bdb,ngageoint_opensphere
7777,83a25d9874c304454389c58ce285eb70c4d0ffa4,ngageoint_opensphere
7778,83a943267148421884241b6b640ef3c567b916a5,ngageoint_opensphere
7779,83ac3aeb45b2b2c2bbe75f6f5f97ee3606432076,ngageoint_opensphere
7780,83af84d9370e932918f66346a55c11ae5ac34167,ngageoint_opensphere
7781,83b9552b1d99103c571c73e97b07568f642dc08d,ngageoint_opensphere
7782,83bac024f0bdb1e10d8824df3142c0ee871562a2,ngageoint_opensphere
7783,83c16e080eff4e39b28be527c31ea58acc8faf37,ngageoint_opensphere
7784,83c2a59e7809a9a9e81896eb2ba6630c33b10c85,ngageoint_opensphere
7785,83c4820ac25c4279585aa85274dea49cff3c9305,ngageoint_opensphere
7786,83ced0cc7a666d451a169ec3b2c1d66d518be82a,ngageoint_opensphere
7787,83d478f60d5cc7260d79261bc75d98a19f291a16,ngageoint_opensphere
7788,83db3cb0f19e329ff212a0e8bb68f15d737a1e7d,ngageoint_opensphere
7789,83f10ec6a539c89e5669ca2fe04d4bb03063314a,ngageoint_opensphere
7790,83f6f87da25fcab228b09e1bd65c873d6100b1b6,ngageoint_opensphere
7791,8405ccf1180888789c23502a7c5d9a2ba12cf39c,ngageoint_opensphere
7792,8405f5f52ccf21b855c088e85d9c789e7d7b5ba2,ngageoint_opensphere
7793,840b9a510ecb0f174c27d21007c9d470da3cd43e,ngageoint_opensphere
7794,840ec69b361d843963279532f896cf8896c4fa3d,ngageoint_opensphere
7795,8410583e34262d75c596bb82938671c1a65517ec,ngageoint_opensphere
7796,8410d9ac749b2794856453ce53f10fbe212c2959,ngageoint_opensphere
7797,8421ad3105c45bf4fcd1e97be96d9b7703be884b,ngageoint_opensphere
7798,8422cf94f4ddef7bb4d741d627333e48d5d305a7,ngageoint_opensphere
7799,8422d16f9d62b8414f22b6369db22711ac02380e,ngageoint_opensphere
7800,842b37becb3f9924800db2a052f60754a9465c7c,ngageoint_opensphere
7801,842c5396f4afca901e0aa42cbe8aed4b4a634cfb,ngageoint_opensphere
7802,8435a2c690e6294a49e2ed7b4f81ee0a3ce01708,ngageoint_opensphere
7803,8436959aad0c62829d51de52c355d90c2d803af5,ngageoint_opensphere
7804,843aa0a2ce8e574a6106eb00c4eb8b3d542104e1,ngageoint_opensphere
7805,843fc2c69d875ea9011781714c9bdca831c4bb77,ngageoint_opensphere
7806,8441fab3c7d9974386534c9e2f37415b19b153a6,ngageoint_opensphere
7807,8441fd52e128f68a2639394981d36312795508f1,ngageoint_opensphere
7808,8456e6a2d4908057f389823b8a66dc8c9c2cac1c,ngageoint_opensphere
7809,84593c430de1da0128dc0eba324c05abce71b3b2,ngageoint_opensphere
7810,845f35a92118d3fb6e83a6404b2a832739047a8d,ngageoint_opensphere
7811,84636247313f6b8a63dee1b4834b2aca100b1b52,ngageoint_opensphere
7812,846425b5bf41c4d6d3e28a49c4a793deea617876,ngageoint_opensphere
7813,847fd22e7865b42e643c68a7ef68615597da4885,ngageoint_opensphere
7814,847fd714dba6fb15953e1dbcadaba75eb9ff4453,ngageoint_opensphere
7815,8483b70f4398ff8aad777391b38ae12b92fcd4d7,ngageoint_opensphere
7816,8484bdb0193a99b3bc269aa3903499067a2bed2d,ngageoint_opensphere
7817,84867a5cc1c17bf180e7b6e0a089d9c044de2d14,ngageoint_opensphere
7818,8489bb89fc2007ea9be43ed72fb3867840a731b0,ngageoint_opensphere
7819,84915547b11867f31936469931d9f27b56d0182c,ngageoint_opensphere
7820,849845c7e2689ea10a7f5b0a3c10bf788725e0fd,ngageoint_opensphere
7821,849d37251cf457c870300241f66bcce56f1aadf2,ngageoint_opensphere
7822,84a34764f091523e1587e93d16f4e26c873000ac,ngageoint_opensphere
7823,84a3727b6feac07ff9b125a92d8502faf6e86ede,ngageoint_opensphere
7824,84a3e1cd81621b19042e504714165ef13a377c54,ngageoint_opensphere
7825,84aabceabefe23fa370f7870c38b8af222450f0f,ngageoint_opensphere
7826,84b08f829cd671e55cd59579420acd647c438858,ngageoint_opensphere
7827,84b6b6e44db66a96eea1038ec8a2c632177c709c,ngageoint_opensphere
7828,84bc3885894c76b4adff74b95ca2e6552670615a,ngageoint_opensphere
7829,84bdfa231a572382ebf706f6b77b8ed69d41a4cc,ngageoint_opensphere
7830,84c643bdd3324fc349a0ba0556d48c112bcb1fc6,ngageoint_opensphere
7831,84c780956a8660fa4a92ff1d249e65ffe62fafc4,ngageoint_opensphere
7832,84c89b4d695a920c77ce848665ceff093c92cedf,ngageoint_opensphere
7833,84c9656c82b01a84bde2ad877382c28255352ec4,ngageoint_opensphere
7834,84d3dbfe88e847266a0848a8d11fe9df27eb3193,ngageoint_opensphere
7835,84d8824948df1c46cf211867364967bc7f6f92be,ngageoint_opensphere
7836,84e43d130467689c41fb0bd15eb89d65044981b4,ngageoint_opensphere
7837,84f1796bddcff44ab6f917e710938f6832947782,ngageoint_opensphere
7838,84f5aa5a514664cf67e1a06e25050f244af0a67f,ngageoint_opensphere
7839,84fb27f4e84515bb084e7a403357bd97ad18182d,ngageoint_opensphere
7840,84fb522270d62d7f89afa57a151bab00d963faf7,ngageoint_opensphere
7841,84fd988acf5d8ae341893e28459f7b52d2b57c65,ngageoint_opensphere
7842,85046e98f1ea1c6f2ffaa9b9a97a408fff129534,ngageoint_opensphere
7843,85081a82c88a9b065914f1f6d31528f153e5aa76,ngageoint_opensphere
7844,8512714638836deb2a312d44099f8812c386ba02,ngageoint_opensphere
7845,85183f65a62a61372bfd1192c0f0874df1c08821,ngageoint_opensphere
7846,8518fc7497f20f0225ed1eb94114d2e80dcb1f13,ngageoint_opensphere
7847,851b975cd14335a50ce6680aabda705cd955759d,ngageoint_opensphere
7848,851e6ecdd53ad3cef768ed577ddfc114762cccce,ngageoint_opensphere
7849,851e86904c3d84328a8853c413007ce28d510632,ngageoint_opensphere
7850,851f8a02e2a637101b2f86392b0f3bd180da2ef6,ngageoint_opensphere
7851,851fbf4086b98b0139abebf0b3ad358f70d11766,ngageoint_opensphere
7852,852861c5a7daccc17bb69e6ac4da461d7d91642d,ngageoint_opensphere
7853,852965d63881ee185409c7549d0f6643a96f6d26,ngageoint_opensphere
7854,8529d456fd7eb723f2ebc421b7b315f5cad9c774,ngageoint_opensphere
7855,852dd0370b4b8f8ce77cfff7873f5bd9d0825f74,ngageoint_opensphere
7856,852dfa7d0d3aec9ae13f1bc0828e392c1158e0e7,ngageoint_opensphere
7857,85304a46629dd118df537ed4be9e3ef1e0b7f5c6,ngageoint_opensphere
7858,8537999b0398372027e06eb4d31fd7c2a3b13a4e,ngageoint_opensphere
7859,854b07af03b5955f6eedf39313b2f20fb85315b6,ngageoint_opensphere
7860,854bdf5739e7d3bde489e6650574600684a564cd,ngageoint_opensphere
7861,855367bd6ef2df1102cbcd2509cbf0f68880057f,ngageoint_opensphere
7862,856316e5532888afc8195c7fcba6139918e99437,ngageoint_opensphere
7863,85636281bc906b77a0dc3f60ac5c8474f91ed910,ngageoint_opensphere
7864,856b05788360229804db6d09f8848591add526cf,ngageoint_opensphere
7865,856b27c1f69da70406ae643f1daff8348740da28,ngageoint_opensphere
7866,85728d07f9734a9fda970ed21cbf6f540f2ee949,ngageoint_opensphere
7867,85773cc8eb207472530c03009275d92e8635cea2,ngageoint_opensphere
7868,85786e87dd49ce7ccc8bf80d02995f186dc95c9e,ngageoint_opensphere
7869,857a146b4a5e777d972f272244b431950b0f2e19,ngageoint_opensphere
7870,857cc5a5a65fd6aad5cd71e7cc3384db4142263e,ngageoint_opensphere
7871,857e8a15d265b837bc813d62d25803cb87acc270,ngageoint_opensphere
7872,8582c1632fec04a9c27858ea30467662a3a6b350,ngageoint_opensphere
7873,85847d0a0a16d6f2eedbe156cdb3370ef46c85b4,ngageoint_opensphere
7874,8585d92f51a0ec11d9dd47890635fdd3def0f0b0,ngageoint_opensphere
7875,85860d4f72c228742dd7310651ae93fcd5768072,ngageoint_opensphere
7876,85877692ffaffc758e747e961feb9b3fcedbe49f,ngageoint_opensphere
7877,8594e6814fb054ea82bf945e4e72982c4ba24722,ngageoint_opensphere
7878,859bff092d094239b99933ad4ea982e05f0bc04b,ngageoint_opensphere
7879,859c457b9d1e1e7d7d69285122771bb8aacd2fd6,ngageoint_opensphere
7880,859d118b57aa8a71c6272555788bba546e16e27c,ngageoint_opensphere
7881,859de401ffd4eee14c614fae7f5bb5c5099d350b,ngageoint_opensphere
7882,85a8c30e7ed5aed0cc76554234c0b946279be186,ngageoint_opensphere
7883,85af82a9434b020f5b465dd7bc37d584638f6085,ngageoint_opensphere
7884,85b0bb469a6fecf69f3030fdc60d930f20015b9b,ngageoint_opensphere
7885,85b403d6150c070317f565a1e6723947a471b2b6,ngageoint_opensphere
7886,85b4110020d37d82a2fba7be9883697cef8866ca,ngageoint_opensphere
7887,85ba3ae7f62bcf96946c49b43e49d5a1dd7450ec,ngageoint_opensphere
7888,85befc2e3b146d98e21b49986fb80fa0d68c3dd1,ngageoint_opensphere
7889,85c159e07b70b4bcaa5cd8e1e1626f3abd5ba9ae,ngageoint_opensphere
7890,85cb8467b9dddde2824a2e804ed061f810a3feb0,ngageoint_opensphere
7891,85cd681b9c27ee3ded123121576e47bea718828d,ngageoint_opensphere
7892,85d5673c56f85c9ee21b1e308df3ba4808dfaa69,ngageoint_opensphere
7893,85ddbaf88b7f45843ae9d108f4c68544ca4e87fb,ngageoint_opensphere
7894,85e0f783d36b406d743def98c6ce87b338a819ff,ngageoint_opensphere
7895,85e0fddbba34068808f9743c6f786ed71afeb1bc,ngageoint_opensphere
7896,85e1eddad1f4c9097b830e4b02ca621ceb646172,ngageoint_opensphere
7897,85e5bf4ebeb9ec95c2cb6236265ef72f9ac86389,ngageoint_opensphere
7898,85e8949930cdb51cc082974b7dc94f651860ff3d,ngageoint_opensphere
7899,85e97f35e67a11106078a1adbe4b6b847f18bdad,ngageoint_opensphere
7900,85eae0b94a0350c5183b59122cb44eb64b7ab42c,ngageoint_opensphere
7901,85ed7fbd3540be31e481b08934ec818bb36206a7,ngageoint_opensphere
7902,85f237fd02a30ecbc1f1d0c5ed915c9f3fb558fd,ngageoint_opensphere
7903,85f92527e2d4140c7f2e2b8f73c7f2d1606282fc,ngageoint_opensphere
7904,85ffb7c84c1779a2173b8435a0c1f9183f08e7fe,ngageoint_opensphere
7905,8600160fc2a4cc2e43d95ab10b6d071e798af462,ngageoint_opensphere
7906,86039edfa35afa0e1bcf48ccf0af4a4555450387,ngageoint_opensphere
7907,861673fe6de31c3e7df35dc9ae374bcfeb56dba6,ngageoint_opensphere
7908,861786e021f66993042f7a5226eb5d87e3a2709e,ngageoint_opensphere
7909,8617f8463aea33d76f9a005a67753fde62fd4d52,ngageoint_opensphere
7910,861ad65f8e872d48698439f51d5b330dcff8f0c0,ngageoint_opensphere
7911,861c56ce4c7dd053723504d22049d03e8e61e199,ngageoint_opensphere
7912,86202c0fae65cfd9fc8233e39d419b489d995b02,ngageoint_opensphere
7913,8623639ddfda2b61db3f06066a96a13b0bf88286,ngageoint_opensphere
7914,86242b664888a67894e90a9e9f36e762d3f00b6c,ngageoint_opensphere
7915,8625a1872a9a65b4b28a691084987a71fc7ca9cb,ngageoint_opensphere
7916,8625dd6ab077dc2d527261e8f2d267c36e73a2b5,ngageoint_opensphere
7917,862918ce6e6417e4b2011b1821dfcd1683a410d5,ngageoint_opensphere
7918,862cb247d522318174cd6ca61b57c6d48c973d44,ngageoint_opensphere
7919,86349d8e2af254e8de54eec08b398c2218e6a852,ngageoint_opensphere
7920,863663267647d153b770b03942d4561df0f93c33,ngageoint_opensphere
7921,863967aa9a587001800fa6f1cc968488f977b246,ngageoint_opensphere
7922,863de67bf6d251dc7997ff6c24652fac815d5c68,ngageoint_opensphere
7923,864119cd35d39955d4843aef0bd0712376119d9b,ngageoint_opensphere
7924,864490f725846b0ae60387aeebe78e7f2e1b1e3a,ngageoint_opensphere
7925,86477ad940415518b9bbfb43d456c87d4c092f77,ngageoint_opensphere
7926,864b4cc1b7cab0f179df7fdb0d86ebc2925cf112,ngageoint_opensphere
7927,864e20474bd03abcbb376c64ed2dee82b6937de6,ngageoint_opensphere
7928,8650a66f56a9c17545710915494d08ab40ed0fe6,ngageoint_opensphere
7929,8651c763ea6d69909ba705ac2d0ea0a299db1fab,ngageoint_opensphere
7930,865666d491be9db4b06ffcabca3b04fe3a918cab,ngageoint_opensphere
7931,8660322fc43ef151e13af7d600d57e5539801cdd,ngageoint_opensphere
7932,8665df2e286a878d461f5cdccb0783cb7fd9dd82,ngageoint_opensphere
7933,866cc80c20e68b9ad6a9b8c8bcbfaf5b0f58f132,ngageoint_opensphere
7934,86782803d769340fc1aecfb9cfb14576c14f8141,ngageoint_opensphere
7935,867a816f46b39eb7888f8a4c53bafde6064d2c27,ngageoint_opensphere
7936,867cda2fb014966d520636e7fee8a5ef33b0b6b8,ngageoint_opensphere
7937,86800d18f863e36a9aaeb7f826ed46a4500b2c46,ngageoint_opensphere
7938,8684c0eb47755498a76e6ada7a475688b3650c82,ngageoint_opensphere
7939,868c106ee852c14152e769e4040fddc6056b9fcd,ngageoint_opensphere
7940,868dc81657c2fd8489a13b4867bc7f9ba952d5e7,ngageoint_opensphere
7941,86938b412c6a4144dddbef095aee439938a5d57b,ngageoint_opensphere
7942,8696ee5444c2e50992651a6ae7922cdc15b08648,ngageoint_opensphere
7943,86970668aacc379d7ef528b879c16eb130571498,ngageoint_opensphere
7944,86981884dd57a870faf4b804adb88341734cf72d,ngageoint_opensphere
7945,86988cda2f08e9574183a3eea45291fbf2b7d431,ngageoint_opensphere
7946,8699d6d5371ea70dbe74dbd36ac6853e3b0cd184,ngageoint_opensphere
7947,869bac7f2738e7b20ae783325e7b8a6354276699,ngageoint_opensphere
7948,869f574827d1cf0ee44607c7c0a14fc830930657,ngageoint_opensphere
7949,86a01e721bd8e709036f77b532a257e6d3a4313a,ngageoint_opensphere
7950,86a2a8ec36c230b8ab473035a266c621d5b3281f,ngageoint_opensphere
7951,86a3f8fda423b1a58e9e30ff5f7c605f643099a4,ngageoint_opensphere
7952,86a81793eb8f6bb40d71f244f9a6c61ad706061b,ngageoint_opensphere
7953,86aecba42fd6508e7d12ac7b0fd6ff36a7e8c32b,ngageoint_opensphere
7954,86b3278a4ab7b0c562e79fbf385de96425f109ef,ngageoint_opensphere
7955,86bd8edf406898eeddee5462bafc57d3926d7080,ngageoint_opensphere
7956,86c09715e4ca0e0f2cbeec6ea4cb6fee7f1724d4,ngageoint_opensphere
7957,86c67fce1f88ac542745246259585458be76ddd8,ngageoint_opensphere
7958,86c7bf21c7ad7d128d740da75803766a335b8862,ngageoint_opensphere
7959,86c8b7b484d39410702e8876fb9a71d4de4ab4a7,ngageoint_opensphere
7960,86cd890d0e534ee5f44a63fbf9d018c7af2fd846,ngageoint_opensphere
7961,86cea2baf782f9267d31e584689bbd8fa93f81ce,ngageoint_opensphere
7962,86d02b1284b4322e9b7fb519050cec621ab08dde,ngageoint_opensphere
7963,86d1146eb254d8354c93b0ada522a5ec29336620,ngageoint_opensphere
7964,86d683086f0fb3fe36d12c2f19ff32726cf19892,ngageoint_opensphere
7965,86d8b72fc331ebcad3328f1df60b6b6aa13157a1,ngageoint_opensphere
7966,86dea7ea4428db1f24d70c2dcf29f3c76d4c3c96,ngageoint_opensphere
7967,86e1ada06ff6ea857c636847d01aa3f47d3275ea,ngageoint_opensphere
7968,86f02ae6245a84b90431c03f51bb7033133f7abb,ngageoint_opensphere
7969,86f18000fd1d33b03f2a344caac056f7d91bf65d,ngageoint_opensphere
7970,86f90aca32ebb2b5dce8739710c6a04076c5c47a,ngageoint_opensphere
7971,86fb894326eccde55ca56b4e1e375314241aeeef,ngageoint_opensphere
7972,87013647e8f42c74a6a29628004dc755c2f4ef03,ngageoint_opensphere
7973,8703f2acb5841abfad8647e630e2a9aac8aeaf25,ngageoint_opensphere
7974,8706cd95876157f4beb0237cac8c616f079c6077,ngageoint_opensphere
7975,870823d7a182fc7d2b7af63edf7bef7627c3507f,ngageoint_opensphere
7976,870fcbd4c7b85fc32274bde25b5731a44690ab49,ngageoint_opensphere
7977,8710c95ab476aff94031fa478efae801295f0e02,ngageoint_opensphere
7978,871c81303be852ca2d2ebaa39dd0f4e285db0ad1,ngageoint_opensphere
7979,8723ef3364e9c25275b9556d40e650bd4c042e3c,ngageoint_opensphere
7980,8724bb366b7a3b9889539717aaa87a9c7be11b6e,ngageoint_opensphere
7981,8727661f4661448d59659d8638dd0eb1af0fa553,ngageoint_opensphere
7982,872a20c6230339a441bd56fde097546d96a30229,ngageoint_opensphere
7983,872bdaa24da9fa49b4016d17d16794ae3bf9f8c8,ngageoint_opensphere
7984,873176364382a3f53b67c1e0521e4790e9e3f58e,ngageoint_opensphere
7985,8734fec121f5ed060eab7b303e9d0fbf7605b0e4,ngageoint_opensphere
7986,873597c056f47ad524097dfb02a2d515effb2093,ngageoint_opensphere
7987,8735e093a8526a7242e02d62ed8b63eea9c50d09,ngageoint_opensphere
7988,873dfab1e4e66de9f1747cb967fc2eb414388b0e,ngageoint_opensphere
7989,873f02942b24857ce51214fbfed2b239bcd6ffe4,ngageoint_opensphere
7990,8747556b99cee1f73c7814e73634f474cd016846,ngageoint_opensphere
7991,87531f3996f3cfad9502d90a57f17cef0f3a8040,ngageoint_opensphere
7992,8757ab2981b84335bbc0e718ef6ec0bb5b9633ab,ngageoint_opensphere
7993,8757e58cf100ed39026c4a622be8c470ee2ba0a1,ngageoint_opensphere
7994,875ca2979d08b8cdfc6adc1f72f13ed8bd4d088e,ngageoint_opensphere
7995,875dc35e164e28cf956fe6fcbbf3fb90c1ba1d14,ngageoint_opensphere
7996,8761a8f2b566a724d766cdfc82cf42ff74de88ed,ngageoint_opensphere
7997,8761beb6243b720d54610ca890bcc6289ee632e6,ngageoint_opensphere
7998,8767aa53dc26699d910a5479ed7bc0b4ecbaf514,ngageoint_opensphere
7999,876c6436f8a0f25427d35d36fc77b56719e465a1,ngageoint_opensphere
8000,876f1d0213efbc18520eca268daed6d526612a24,ngageoint_opensphere
8001,877275b6328522b0f2df0be9f57b0074db2a7d5f,ngageoint_opensphere
8002,877a8a7c9cea11decdb217fb1755628e57af15f9,ngageoint_opensphere
8003,878533d19fdda382b672ff05ed0b0d75415147d9,ngageoint_opensphere
8004,8789f19015e19b1e033d89f9709aa4a947a67d6a,ngageoint_opensphere
8005,8794a5e8f0e8bfeacedbf743f38a4412256469df,ngageoint_opensphere
8006,8795d22a542c34461af1f136f212701d30c800d7,ngageoint_opensphere
8007,8796e60a241e9fdd3156665824378b919b25a3c9,ngageoint_opensphere
8008,879907d9971ee4e954ff077e71fb7ae154593229,ngageoint_opensphere
8009,87a1f399ba9ac7c07f797cb0217729022ca44712,ngageoint_opensphere
8010,87a20f8bab15be868a2aedd124c988460d5ccf2b,ngageoint_opensphere
8011,87a2e0ab3e7cb49c9dbca3ffa5b8e78f2a5351d1,ngageoint_opensphere
8012,87a4e7e55d411a5a8b908d09a12691091b404f68,ngageoint_opensphere
8013,87a8358e4a2cfd6bd1a2cfa67fc5686f969d00a6,ngageoint_opensphere
8014,87a936d9b43d36756363593053d722dcfd7ce83a,ngageoint_opensphere
8015,87af657e3c7a6f177b759339056cb93c730fb942,ngageoint_opensphere
8016,87af9cf02d463feade27e27408149493ed225574,ngageoint_opensphere
8017,87b0cb939ab83ffd39e58b87e9fcfe00af7554eb,ngageoint_opensphere
8018,87b4c6b9412d3d34ef32a49a57215c5f7b954d70,ngageoint_opensphere
8019,87b9d23f52b46b09036edc1178b01db9dadc5d0f,ngageoint_opensphere
8020,87bd15ebb41f4eb4c776cf8216db5b5a3577ab68,ngageoint_opensphere
8021,87bf162db5fe17489d8be1fc3fe270a9dea315e8,ngageoint_opensphere
8022,87c3ae67ff87e24a7c42731fb8f5312e0e7a7c81,ngageoint_opensphere
8023,87c40e8c94f49ee2ad85e8221e8cde2a1940f613,ngageoint_opensphere
8024,87c74a494c354305096e669c4efa04b5d8c0f8e9,ngageoint_opensphere
8025,87c9f9bd309bbda78ba2a8dd4317962adec8b809,ngageoint_opensphere
8026,87d4a707227d3fec7627d9a73e816dc35e69f796,ngageoint_opensphere
8027,87dc512a7e5c3e95e2caad0de038f52ef993cea6,ngageoint_opensphere
8028,87df2fa3f6a6d7ea5e378530b1b7674ed0d85cd6,ngageoint_opensphere
8029,87e2eb24dbf84d0164f67c13f7333fd45341b9eb,ngageoint_opensphere
8030,87e421947bef97fb924db4ff5a0f315d21f4f9bc,ngageoint_opensphere
8031,87e668b12c5bd73f4909c75f35f21e3f830abf8c,ngageoint_opensphere
8032,87fa61ae3205e17a3abc358d0ebac44e7ead1ec2,ngageoint_opensphere
8033,87ffe30fb2a8ec0e5477bda1ecc8a84e8e9df4e9,ngageoint_opensphere
8034,880751e71e021ecb98e274f525c920d60f452acf,ngageoint_opensphere
8035,880f83abdcd17a1544a1377b9a869fb60d60de75,ngageoint_opensphere
8036,881ecdf79768a1629507a2ca2f99fb7eeca5258e,ngageoint_opensphere
8037,882e22157bda6e792f4719c9724a2e3c5182265b,ngageoint_opensphere
8038,88370eaa344ae9f1fc472bf224ea3608086cb146,ngageoint_opensphere
8039,883d7e4f9365344a24c3da14fe0e4bea9597ef3c,ngageoint_opensphere
8040,883e637fbff39312d648caa478cfbae75ca78880,ngageoint_opensphere
8041,883efd6f48279ec7717a428418bc3dad29fb3a33,ngageoint_opensphere
8042,883fbb28335d81e0ad6f81bf028736a1693a262e,ngageoint_opensphere
8043,8851e8072c298a9ca64eb647491702ea6d51b859,ngageoint_opensphere
8044,8854c97d6e04e96a9122a8c1d68abc9ff600db63,ngageoint_opensphere
8045,8856b0bb6a64743d04ba1a5fd093ed3572ba550e,ngageoint_opensphere
8046,885b73da6e29968ed0f496e28cd32e5303ca8f06,ngageoint_opensphere
8047,8868b37b5319f62cd68f5bee9c34fc15a9752995,ngageoint_opensphere
8048,886d8aea5e8e39cbb087cf6ed5bb5edc436ec1c1,ngageoint_opensphere
8049,886e3e060a47234c1ccceb2c9ac50311f5e79d49,ngageoint_opensphere
8050,887199aa3a735b96273e4d0b467c977689c9782c,ngageoint_opensphere
8051,887b635cc68f1261520c09fbd8833bc11d2cf0cc,ngageoint_opensphere
8052,887c3a2124bfeafed6a34f100c737126a2a2184c,ngageoint_opensphere
8053,887d0c3afdc50485103343f3dcdf490d6cfb8f1c,ngageoint_opensphere
8054,887d69df0129dd9205226fa851d8f37889c53fb8,ngageoint_opensphere
8055,887fd6de061e9db3d704dfeaf0951b20796602d8,ngageoint_opensphere
8056,8880a7365d3515f60a498ce21c694bc48923bba8,ngageoint_opensphere
8057,88816759e5425a01a8d4fad0f364d7d79eb7c5a0,ngageoint_opensphere
8058,8883a65287daee6abd93da52b1bc729fc9983447,ngageoint_opensphere
8059,888ea11cf7b0b25d46374bbc95de398ea967ba6c,ngageoint_opensphere
8060,88945f99176b4e6af4d89a8f7357cfc026601307,ngageoint_opensphere
8061,889887f3c0d04e3dc9983cc040c50729c585cb47,ngageoint_opensphere
8062,889c8eeedacbbf2166fd2ca4134aa1e251223e47,ngageoint_opensphere
8063,889f1030b7ee34d741f5f554ee9fb2fefc5534a0,ngageoint_opensphere
8064,88a0443d06787bfafc1b9026fd94ace045c62d30,ngageoint_opensphere
8065,88a3634567f509a5436ea984ddffe177d377d6b3,ngageoint_opensphere
8066,88ad98069d6886874f1f853524865d0c0e0ff9ec,ngageoint_opensphere
8067,88bc594cead9548e7e56d3d968efcbdfd9bed72c,ngageoint_opensphere
8068,88bd9786c7dd2576b7fd4094f27e374e94fe40f2,ngageoint_opensphere
8069,88c8c0d8fd66339668935ab2227b11bc2897e019,ngageoint_opensphere
8070,88ca04e7ef06f694a6a8c0b647a09b22207b8353,ngageoint_opensphere
8071,88ce84c3f6a9be6e20696acfe5bf98ca2b7191a4,ngageoint_opensphere
8072,88d21e2ecc596bd7cd36dfc9ba540193a69335fa,ngageoint_opensphere
8073,88d4130a43dcc169036b3f3791877c5e554d1e52,ngageoint_opensphere
8074,88d59461cf87ffa59dc0b47f8b5f51149fc56b5f,ngageoint_opensphere
8075,88d910506b2d4494185de2a4446119eb4642b862,ngageoint_opensphere
8076,88e0dd85d0ba3414164e2bea5cb6966017e995d1,ngageoint_opensphere
8077,88e65e0f7191fda1c752d5ed255571d615a54e2f,ngageoint_opensphere
8078,88e756b2f589d33facd80cc1b12656d76c6ca170,ngageoint_opensphere
8079,88ea246ece93b9c09fec2a5273bf0fdf0c700ba3,ngageoint_opensphere
8080,88eca3df24de75b707a252575efff18d9fe43d2f,ngageoint_opensphere
8081,88f3541ccb903730f6712fc15501a9bb8f2cb77f,ngageoint_opensphere
8082,88f425a53d49c5bf89c35cf4a8c5eea8b0bc6084,ngageoint_opensphere
8083,88ff0348db6da880d1f1b49ac9b459917164682a,ngageoint_opensphere
8084,89096e8f9044679975453afd6e72bb0146285a87,ngageoint_opensphere
8085,890dd60b88811c6e6cd3123e06ec05707773105e,ngageoint_opensphere
8086,890eada0c8dcd2e53c3aa1315b98d35ee1b030f6,ngageoint_opensphere
8087,8917af3a6d0318cd30523ec9e59bd6e28e2d6fa4,ngageoint_opensphere
8088,891d35dfc2cf1f8abf5fa4cea5774cc63a271f53,ngageoint_opensphere
8089,8923362c1b7e21ea9a09855a7ff08d2eddaff9a0,ngageoint_opensphere
8090,892444f5db3b358f6915ccf74add132d3569e878,ngageoint_opensphere
8091,89307682fa850a3ca3bd90e3a251f5cdd1ab5a4b,ngageoint_opensphere
8092,893de4134e660ee392c34993d513bd72bcb2eb6d,ngageoint_opensphere
8093,894457d8ba66642a96c884f80d14037fd99170d1,ngageoint_opensphere
8094,8948aa0693141f3b67fd4332cbfe8a035f192577,ngageoint_opensphere
8095,8949ea741ce8ac7c28679d1a179c0667189a550e,ngageoint_opensphere
8096,8950df63a90265456a444f0c454c0202b3e9b1c4,ngageoint_opensphere
8097,8952653aae8e3fb39539b52734b9e85ac9616f86,ngageoint_opensphere
8098,89534c473db9a7b60f839076c961735a44f0ae40,ngageoint_opensphere
8099,895b77be1c0fddad60c76fcc81fb913a0cd3d66a,ngageoint_opensphere
8100,895c3a02b9ce45ac55f71290d6358f96787e358c,ngageoint_opensphere
8101,895e230cc35abccff3d74e793be81cc92519db8c,ngageoint_opensphere
8102,896f330ac227991a4abe5958b567eec280f2af8d,ngageoint_opensphere
8103,897022c790ef1b9d48c14bc8e416b07a0eb4f804,ngageoint_opensphere
8104,8972238dd48f5f7f07be6ba5d645938c2324bced,ngageoint_opensphere
8105,897717f26072553d32b9d9d7f49e60d01a1b8ac3,ngageoint_opensphere
8106,8978ee6c2f16794bdded99b38ad5589aaab10cef,ngageoint_opensphere
8107,898643175f29ecd3d806de1e75277f8fa20155f7,ngageoint_opensphere
8108,8988f2026a2a67e2e7ba1726933023f3de95be50,ngageoint_opensphere
8109,8989bbf0baee08349af14fd62625bfe4afb20ee1,ngageoint_opensphere
8110,898ca0e32045f901b038f016ca01a0827dc04242,ngageoint_opensphere
8111,898e28ffa8a9a0b9f1ac8f4a9793d00cdf4f0cee,ngageoint_opensphere
8112,898f8eaa22dd71a53df476a44acbd87422c049a2,ngageoint_opensphere
8113,8993f6829ff58a5d83ce1759cb5e1685e6cbce43,ngageoint_opensphere
8114,89980ea3bfefdb79ac24c3ea4ccd9696ef6f764c,ngageoint_opensphere
8115,89991ba5114412ae3139731561873e515f00ce05,ngageoint_opensphere
8116,89a40f0365987163d5cfbeff4b3acc470b5627b5,ngageoint_opensphere
8117,89be234fe3376b078d8409fff20b1e6d3e6e38a6,ngageoint_opensphere
8118,89bf9c48225f9bc43fe64d66e319b7dc14aa1730,ngageoint_opensphere
8119,89c3285c91cbfd62b5074a9c79c37956aee8d7c3,ngageoint_opensphere
8120,89c381830a9c1feb954aff4e7911e9f99bba7411,ngageoint_opensphere
8121,89d68a5a2dd0439bc4febc60a6c549b7e6e0737d,ngageoint_opensphere
8122,89ddb884978483eaf83f57dd04760e06f6c0c01d,ngageoint_opensphere
8123,89e1855eea69b50115ef0f9a191d02fc5c7181aa,ngageoint_opensphere
8124,89e3255fc67f9354e568006fe3ddf2227c829c48,ngageoint_opensphere
8125,89e43b7a5fe9aacbc433ce6d10f5ece37c5ff7cf,ngageoint_opensphere
8126,89e9e99922ec363612d5f8d840149341fcafcfcd,ngageoint_opensphere
8127,89f2de9b5c44ad038e3f3427d75f3ada62eacf90,ngageoint_opensphere
8128,89f31cada5f44895082993a5359027e7854de855,ngageoint_opensphere
8129,89f322a773152c69b4ded124516bfd5e9e58a3f1,ngageoint_opensphere
8130,89fad7e8981d661d1bdcf4203dde0d2b49cf787b,ngageoint_opensphere
8131,8a042bdc73b718c2d93d3ef513b4eb908c1216ff,ngageoint_opensphere
8132,8a1032dd51eab02e082b24ccba08c9f5132c4e30,ngageoint_opensphere
8133,8a11e4fff085e7b0eed675899722aeb92bc81de4,ngageoint_opensphere
8134,8a13a56e00c3ba0f7f58ee3c39688225ee7f0f82,ngageoint_opensphere
8135,8a15d613e60014a01a2de0ad64cc3bc9a84a7043,ngageoint_opensphere
8136,8a17c41f13ff606461fe8d0fa69af3ef2ad1c5d4,ngageoint_opensphere
8137,8a1bc05cf63aa4425c0faea6c7dcfff6f19052b1,ngageoint_opensphere
8138,8a1cd8a5af7b95a47a83dc49a271f5755f64ab22,ngageoint_opensphere
8139,8a1ea6cdb7b65962ce003a5be26761e7234710e0,ngageoint_opensphere
8140,8a26b76e1494b63e955bb1fdfe1c3c7c3bf3b313,ngageoint_opensphere
8141,8a2ee53416a2a44102ba427ad7e0e8991d776946,ngageoint_opensphere
8142,8a339278362a60e13824db6f7952f6e7387c2873,ngageoint_opensphere
8143,8a34993892134680b65e94fe7d2a7b0c5ad5b8b8,ngageoint_opensphere
8144,8a365bd6c28cc7afa48fbbf76dac7f1e581f45de,ngageoint_opensphere
8145,8a3bfc6a0a0f833317c7f9e2b69135aa64b86fae,ngageoint_opensphere
8146,8a45cdff604e327ce6279c2668f3d77e4392ae9f,ngageoint_opensphere
8147,8a46a426db36bb4483a0cdbb26fdf798a75b3873,ngageoint_opensphere
8148,8a48de0a00c84abb9cf5111ae104569fc2df1f08,ngageoint_opensphere
8149,8a4dd8f243a1aee1fb786c75b49493d3f2ab8fd2,ngageoint_opensphere
8150,8a5052cbdaf4773a4aa32f6264036d8175a02b09,ngageoint_opensphere
8151,8a54c759c994c401861b62d73919ca09520f21ce,ngageoint_opensphere
8152,8a5609e6cbe727e1d5dc92bf2205a6aa299dfae8,ngageoint_opensphere
8153,8a59c2a0f4961c536281638ff366d521dffe009d,ngageoint_opensphere
8154,8a5f2f4a2d8ffe956954548ee4d10fc20c5545b4,ngageoint_opensphere
8155,8a5fec616a402d49b7202448441d9da51eb33bf4,ngageoint_opensphere
8156,8a6112b072afb1d85acaabd8005c1fdd3c403058,ngageoint_opensphere
8157,8a62b3ed48351a3ff120a434bf3bc62f9798bbf0,ngageoint_opensphere
8158,8a63ed06a79593d1f68f2dba1b226a6c45f90180,ngageoint_opensphere
8159,8a6733a4a34d0f0bf9f225d901bdccb82c4b6b8f,ngageoint_opensphere
8160,8a67cb4136db36b7bcc0d2107a76b3f430fc6a4c,ngageoint_opensphere
8161,8a69ad26bffb6f0e676402888d14f18a92422fb1,ngageoint_opensphere
8162,8a73e9bd09aa5c89f022e55f4043114e5fd435cf,ngageoint_opensphere
8163,8a7729e0dc1e735fad1f3836f3c666b14d95fddd,ngageoint_opensphere
8164,8a8785ebbfdc3de04aae568d0b437f47ff651aeb,ngageoint_opensphere
8165,8a8a80b23f789010aaf8fed4f375a4d3d072eff5,ngageoint_opensphere
8166,8a8c57b3b66d3dc3f61af2da0f5311cb4d951696,ngageoint_opensphere
8167,8a8c847b2e29181777e1ddda37a04a2662be1e27,ngageoint_opensphere
8168,8a8db0b1a2ed638621f8e4822e7fcc0e1fc6237b,ngageoint_opensphere
8169,8a942783f595cc6eba319afa232938e49b5a41f1,ngageoint_opensphere
8170,8a964e5ef91ee84ae35eabdac29de93a5be05162,ngageoint_opensphere
8171,8a9696bb13cd5611ecf75425bd9182c193c6d9b3,ngageoint_opensphere
8172,8a98512ae6aba12a0aae430f23413b9f055e5634,ngageoint_opensphere
8173,8a9c1e5277b9b31479d4a5a0d74af6ab9eb54a64,ngageoint_opensphere
8174,8a9ef46730414142e0bc7e7c1a37824f98ba5e41,ngageoint_opensphere
8175,8a9f5e3efe05e18f15f422c136be3cbb4b499ffc,ngageoint_opensphere
8176,8aa0dd40100a55b05b89e34bd95ab0dfef3aaa9c,ngageoint_opensphere
8177,8aa6797fb5c5e3721110c4315e555a37a0f12925,ngageoint_opensphere
8178,8aa8a75a657c0dfdaa682e8f63fdec25516257b1,ngageoint_opensphere
8179,8aaa6ee03bc3ec9c963a4ae73d576f926dbc5878,ngageoint_opensphere
8180,8aabee8ae126ad9ce54d44c31ddd04398be761c8,ngageoint_opensphere
8181,8ab19e67924bc7a2d6324dfeebc321af9dddde36,ngageoint_opensphere
8182,8ab392371248b176c88885608ab7a438f125b4e4,ngageoint_opensphere
8183,8abce067e75601f58c28033e668ea03ed22a1b16,ngageoint_opensphere
8184,8abd90e1e4f9f571d7daeab61c96884fe97fa1ce,ngageoint_opensphere
8185,8abf3771899cfea15cbce3b9d7982edb54ea879e,ngageoint_opensphere
8186,8ac1f8ee94260d1bbb25bbae8682f782fb9196a2,ngageoint_opensphere
8187,8ac24f6d48b246e81e515f8de3dba86f88680842,ngageoint_opensphere
8188,8ac2c9a53f2d30286a6938164de5f75d892e25ee,ngageoint_opensphere
8189,8ac46308b70df412028de05d03f035468e102ee6,ngageoint_opensphere
8190,8aca4104b4d5f2c3838f8ba9418dea4c175fc642,ngageoint_opensphere
8191,8acab954d469192e1613cf6a637973dd058bad83,ngageoint_opensphere
8192,8acbd2cf7640c025060eb8990c330a6f4f5bf7a1,ngageoint_opensphere
8193,8adba4074f373e89330f3c50e9e18e6907d1ca62,ngageoint_opensphere
8194,8add7f7b7fce2c1ea710212412575c7037a1a9e4,ngageoint_opensphere
8195,8af024eba4044ac1e3102eb1eee4da1f51be3113,ngageoint_opensphere
8196,8af7abd06bfbcfba9f6aaa7b16e177f0860cac2c,ngageoint_opensphere
8197,8af88a33bb2a9994206ae815a9da636eae06f98e,ngageoint_opensphere
8198,8af9a9643dc876e8702adffedd56d41d0950bae2,ngageoint_opensphere
8199,8afb109d44002a41d3720168fb25cab6a9afa2d1,ngageoint_opensphere
8200,8affd48e339a5c9cb163d5eb288ebaf1095cf64e,ngageoint_opensphere
8201,8b01ee25b32114f28d6b13117bbdb3c69552526c,ngageoint_opensphere
8202,8b030ff6463aa68b57158aacb82fb974c318b4c9,ngageoint_opensphere
8203,8b038d732093082ecaec91bd63ee427de95d9c2b,ngageoint_opensphere
8204,8b05970430874e0cb447c54b49b3d0962f59543c,ngageoint_opensphere
8205,8b0e0d14d74250e640480421989a0858d732d11f,ngageoint_opensphere
8206,8b0e5a2507092cd28aa4f74f2604a4a3fcfab748,ngageoint_opensphere
8207,8b18d0ff335d3ade89868deb1ec253493f52e9cf,ngageoint_opensphere
8208,8b1bc16af89eb190681060ed013791c0c3cabf37,ngageoint_opensphere
8209,8b1be29220684d5c6c4b975428909c5100d5a0d4,ngageoint_opensphere
8210,8b1fad4d2a206a7d7f50df1f4a73431aa9402478,ngageoint_opensphere
8211,8b28326f3939898d75cb914ad9e9ddcf0d63af7e,ngageoint_opensphere
8212,8b2bb82189560ab9dfb8eb2af2a01aecd06a1bbb,ngageoint_opensphere
8213,8b3034baa548c8e8b632044ad9a1c05d7819038d,ngageoint_opensphere
8214,8b31c92338e8baf3d8ae435dc3f044760ac369ad,ngageoint_opensphere
8215,8b33d8ccfc4c14fc87fdcdf165b559ba940392a0,ngageoint_opensphere
8216,8b34b379162c9825e055bb31eaea884b752a456a,ngageoint_opensphere
8217,8b3a597d2e8da9f8cc3c220b835f6ed0fdb07b4b,ngageoint_opensphere
8218,8b3d44dfe20fd9966442f7e280e7a50e714017b3,ngageoint_opensphere
8219,8b3d8e3e4b1d513787d79c24b2d1f877aeca8a3c,ngageoint_opensphere
8220,8b3facfe0133d3e7e8b53eb31a3136a04afb8e7a,ngageoint_opensphere
8221,8b41ced6b3cd8798c1bb716d6664bb5f3189285c,ngageoint_opensphere
8222,8b42f673124a4adf23ad0cfe6fb4d9b592f0c725,ngageoint_opensphere
8223,8b453bce60d839b73e6b1f57738475ef22582c24,ngageoint_opensphere
8224,8b45da47539d037684f766260a1a87b45b5bcf11,ngageoint_opensphere
8225,8b499964c1eaae31e693c48a16549177e5df8714,ngageoint_opensphere
8226,8b4b4e4552a1f81113111a4e0baf87b08b4f70a0,ngageoint_opensphere
8227,8b58023c4f3d33bee2c7c6e2ca3355677561ae84,ngageoint_opensphere
8228,8b5f9c8ec9abd3ffc05683f7cf8ede9cf2f857bc,ngageoint_opensphere
8229,8b6f6bfd6fad8d958419adddafc59b17b288a088,ngageoint_opensphere
8230,8b72966cb670d21f183d6560ccc7040c09d50c10,ngageoint_opensphere
8231,8b74050e67a9cef9ed3ab217af3646df59cf22fc,ngageoint_opensphere
8232,8b7d130e8c270cf562b1dd4100d6e6d5ef0ef387,ngageoint_opensphere
8233,8b80f2e0c1ef827443f0ecd0d4ab94aa80438c51,ngageoint_opensphere
8234,8b81001760d5a181e4f6ee0475fe24f6d82a3308,ngageoint_opensphere
8235,8b89b142345ad2ef89c0189658ce0ab46162d623,ngageoint_opensphere
8236,8b8acf5b8925910c995e93a9a85588deb83336e9,ngageoint_opensphere
8237,8b8c2f2df185393fbde62c70fc1961591f03e0cb,ngageoint_opensphere
8238,8b9021b8f3f57cbd35c22c0b69f9d56c59871910,ngageoint_opensphere
8239,8b9d4642a41704bba4f41b7fe2b40f0af7677c7b,ngageoint_opensphere
8240,8ba18aa915514940c504d13ce20cdd274b3a2dec,ngageoint_opensphere
8241,8ba4bf97c4bf8546e172bb71fcfc4a0a05c9b288,ngageoint_opensphere
8242,8ba5b8a591c5ef032d554ab26a306fd9aabf10a2,ngageoint_opensphere
8243,8ba5c1693a815f4252679ce3ecce6a29293a7bcb,ngageoint_opensphere
8244,8ba626feb41c3c668d3f791dd2601480bca3fe43,ngageoint_opensphere
8245,8baca5c52fc09c15b0a9cc346ebd999a738619c5,ngageoint_opensphere
8246,8bb46a251b31de3515906e907d6edfdd8c8f8039,ngageoint_opensphere
8247,8bb6613287df5f3296b24787d053888c75985764,ngageoint_opensphere
8248,8bb88d9290b0808bd225fdc3b9ed5f44e73737d2,ngageoint_opensphere
8249,8bbd030b72a8d6b084892c48a25de8aa21e2b839,ngageoint_opensphere
8250,8bc69fce6721faafee56af57cbd1ea95f44b398b,ngageoint_opensphere
8251,8bc8e0fee4f874a00ba5694bd7dad3f7386545b1,ngageoint_opensphere
8252,8bcaa30cfc81415ca006d4de5d3c73087f9c5cfb,ngageoint_opensphere
8253,8bcdcd5de8c99c92765fb91ba0ef31494c8ba13a,ngageoint_opensphere
8254,8bd6be8578e540eca7e00ca8246678c6d2dfe85f,ngageoint_opensphere
8255,8bd9180029a3c5edec0da56861737b052a24c17b,ngageoint_opensphere
8256,8bdd3397c38fc5c593cf6dc322fe75993601b317,ngageoint_opensphere
8257,8bdd8ed40de96a6a3e07d9dbdbdf4d77912f47c0,ngageoint_opensphere
8258,8be193e3ddc405ef78fe9391072a4507ab985a7b,ngageoint_opensphere
8259,8be27b652d02a6c9c5e9d59b07e34d52c1d98912,ngageoint_opensphere
8260,8be335ec6ecb6c04a2327e42a25e788e836ae8e9,ngageoint_opensphere
8261,8be3ca6510a455b8f2a827f0ad2b4153af15ad83,ngageoint_opensphere
8262,8bec10817dba3bda9b056975ff9e8aad8776ce56,ngageoint_opensphere
8263,8bec4b52e842da093de3df36d00349e71d24d2dc,ngageoint_opensphere
8264,8bef63a1015097d040fe1cb70539283cd7c376ce,ngageoint_opensphere
8265,8bf2450420a80d76ca4d26031a3b8780eb683884,ngageoint_opensphere
8266,8bf5054e93106cd84f3a0c4becc8e39defbeee6b,ngageoint_opensphere
8267,8bf72b8b480ed8f4a595e287d32f246c811a1057,ngageoint_opensphere
8268,8bf9a721017b8cad41273a6569c857c0e7fc02a5,ngageoint_opensphere
8269,8bfc497618127f75c4fcf83445461d5af2f1f417,ngageoint_opensphere
8270,8c01b2f6d89945b4ac0996cd214f3644942eb297,ngageoint_opensphere
8271,8c06ec8e89f8859a3024dcc61834b8e968c9ec66,ngageoint_opensphere
8272,8c0877e68eb16f24b2bbb6df8adf4e9fb1d64a43,ngageoint_opensphere
8273,8c156529f57560b91be5595a10b5c5889d1333f0,ngageoint_opensphere
8274,8c2854c00dae0d524ee3ef66aba6e88c5d246de6,ngageoint_opensphere
8275,8c41698c7d5a69f612da1b1f99bd7102f15e2ed8,ngageoint_opensphere
8276,8c4222339c302cb1310387b34877e076da265baf,ngageoint_opensphere
8277,8c4364c63657834d056d2108006ad9297106fb40,ngageoint_opensphere
8278,8c4433cc396feef23a9895b34a8556464625e09b,ngageoint_opensphere
8279,8c46517fa50bab8a4bcbd8503d2881b7eec1a970,ngageoint_opensphere
8280,8c4754038cbf457c32f15d8b221a267bcacbed40,ngageoint_opensphere
8281,8c47f3ab49af58ec208413d3c82817f242a652a6,ngageoint_opensphere
8282,8c49f0bde6557d5eac8f9a5d302777efc8ea84fc,ngageoint_opensphere
8283,8c514c4d663372ad006b7ab0b84bb3aea1a37e14,ngageoint_opensphere
8284,8c51d8cdae276a0552f14677940e22387be39201,ngageoint_opensphere
8285,8c64f99d0d582394d26cea90f2b2d2c0fb707f8d,ngageoint_opensphere
8286,8c6f337b0c9f2770f24a9fa64446c26386700e88,ngageoint_opensphere
8287,8c722af4d8ea601c9158e771058fc0e69861384d,ngageoint_opensphere
8288,8c855eb1e64d70fec024cd240c882d98fbcbfdf3,ngageoint_opensphere
8289,8c8d653d7c7bf53e2a532a4699d4dc3434794bb9,ngageoint_opensphere
8290,8c8e0fcc255081995e6f34e10a14283aef6a1046,ngageoint_opensphere
8291,8c900a5be853fa86386e79ba9cdbc041fa1be216,ngageoint_opensphere
8292,8c90631e97e7976831188875740fc31e8904a123,ngageoint_opensphere
8293,8c9d53f4214361c5e18bd78b4192215d07f697bc,ngageoint_opensphere
8294,8ca41648d6b623f1719ab935649b49384c47e456,ngageoint_opensphere
8295,8ca834d7d2ce95133c7c0c72d30fc5d2c402236a,ngageoint_opensphere
8296,8caf636f4953d94677d641763bc7da272a297769,ngageoint_opensphere
8297,8caf97c39084d3e45caea08a7b2c7cd15866f10f,ngageoint_opensphere
8298,8cb303ea32c66593e8ebd2a5a64516898026f1cd,ngageoint_opensphere
8299,8cb3bb20e62d05a28b221e128b76fc9058c493f7,ngageoint_opensphere
8300,8cb423b07237db1ede8d49251d10156349ed5079,ngageoint_opensphere
8301,8cb4cbc978652ae407771d5d3a032027ba5140e4,ngageoint_opensphere
8302,8cbf6db41d0857abaf5d40b6fad10e1f188dd0f4,ngageoint_opensphere
8303,8cc0fb6e0940a004625788a902c8b4506aa6b462,ngageoint_opensphere
8304,8cd21dae546eb1beec543c5ea52bf5aa3a88ee94,ngageoint_opensphere
8305,8cd5e6d6efb481f507365555a802ade83f9f2e94,ngageoint_opensphere
8306,8cd7dcea86082a1a46958fe59e7c6edff6c1efb9,ngageoint_opensphere
8307,8cdb02335400fc4bced31abd4c7178e5d0107760,ngageoint_opensphere
8308,8ce04c686b72b0dda5e4975361441b5791371e89,ngageoint_opensphere
8309,8cec4e5c9f1abf41fec24becdbedf73b22c3aa15,ngageoint_opensphere
8310,8cf2b32af70999ef8ea7b605a8f095b6a7e92f23,ngageoint_opensphere
8311,8cf3c367593304cf92920dc9c714e649e876beb3,ngageoint_opensphere
8312,8cf804e623b486142d027bf5963b99f946e1b5be,ngageoint_opensphere
8313,8cf8859bb26ad232fae2c6b8276302ce432178cf,ngageoint_opensphere
8314,8cfadb6828d21bf747ee382013627f1f40d9c5c7,ngageoint_opensphere
8315,8cfb50dca4b7f107370ede12a2b3c3d912dec83b,ngageoint_opensphere
8316,8cffdc2468c3557fec7fb5d1b11938f0fbff7a01,ngageoint_opensphere
8317,8d00c3dcc9f10fbff7d8e334bb0e14684ab0a157,ngageoint_opensphere
8318,8d026b80b3237dc8e252230de2eb32b49ec16010,ngageoint_opensphere
8319,8d09e0650cd8e1440c1c68f88b2db54b992a2b3e,ngageoint_opensphere
8320,8d0e6a896bed680d96aa0a8469c869a72cb2cbff,ngageoint_opensphere
8321,8d1022e3be8b499788c8322cdd99a70259213847,ngageoint_opensphere
8322,8d1456691adb5e52eb4990d1c5bf976533d3887e,ngageoint_opensphere
8323,8d1b9ee60099a7e3b4b9568462052f4a28ef93ca,ngageoint_opensphere
8324,8d1bf4d7a8c0c9a691a958ba37f6bccd199d8db0,ngageoint_opensphere
8325,8d1e58e399b073e25ff06326dbc2a900d45a6730,ngageoint_opensphere
8326,8d1fdd5316a0c8870a3a717651ad47474029c6fb,ngageoint_opensphere
8327,8d27b6907b20ddb54c2f68d0fa2024f7f4d96559,ngageoint_opensphere
8328,8d2a5afa4429a45a90a3f3c1cc84cd1c27a1ab1d,ngageoint_opensphere
8329,8d2e9f8910d90bb2a80455cb572d420b8777d4c5,ngageoint_opensphere
8330,8d3b33ee7d634787abd1728e2a2d956db30f0946,ngageoint_opensphere
8331,8d3f7e9a9590653b1d79493592d37f8f3b5e3d74,ngageoint_opensphere
8332,8d479c1f80b26b60a49ed75f26675994d66823b3,ngageoint_opensphere
8333,8d498ba95e285da3af9d3b456b119dd02c071633,ngageoint_opensphere
8334,8d51b1e06f419e967b11555cc02f49d05d6b4008,ngageoint_opensphere
8335,8d59c1c90d44376e86e9108deee00b9a65ee20c8,ngageoint_opensphere
8336,8d5d25b4f27af08f1abc9b2299e7fa382b4fe3a6,ngageoint_opensphere
8337,8d61b207fd91d84cbe13209e27629e847448af21,ngageoint_opensphere
8338,8d6251b5864ff0d84c466be7ed58aa9662480fff,ngageoint_opensphere
8339,8d6f649c720b2e801d6ad8beeb6f215b0390d938,ngageoint_opensphere
8340,8d731f3bd9c6e19a7ff676537d753034cd1e3cec,ngageoint_opensphere
8341,8d76a2ec72390b70b37a9271935d209ae28a9363,ngageoint_opensphere
8342,8d7a230a12e7851ae3b3b944ed9956f83c156b94,ngageoint_opensphere
8343,8d99f8b99d594b26a087e3d473559ad08fb4cc0b,ngageoint_opensphere
8344,8d9adde8f4552fa6c51294ed58974774ab7bd73b,ngageoint_opensphere
8345,8da5077acb01fde6b75fac0bbf3ff2b98f4cc535,ngageoint_opensphere
8346,8da696ce0fea4b5eff00119d9e451dee8de67bac,ngageoint_opensphere
8347,8da749b086a269c652cdf6e8df0d969f86609c85,ngageoint_opensphere
8348,8db69c66e09cafd99f71917fc258a6edbd6f7eae,ngageoint_opensphere
8349,8dbaf86d1d8207cce391d6651c82ea0e69468246,ngageoint_opensphere
8350,8dbf884fc0fa58d1cbb3b91a315a7f98f8b4b144,ngageoint_opensphere
8351,8dc2fd489c2ac210627ce25e22b910cd4ea0ec9a,ngageoint_opensphere
8352,8dd1b99ce173cf478be20bf6ca2a4a9cd1b57ab2,ngageoint_opensphere
8353,8ddcdf793dc1a7a95a70b20f393571bbfbd379c3,ngageoint_opensphere
8354,8dde71da156be37eaa0d3bff1f9dc99ed1f5972d,ngageoint_opensphere
8355,8de24cdc2307c094f1fd012b025b8d2cd20cffa2,ngageoint_opensphere
8356,8de41473e35b8c2de75c16a84657775fe5a6b2a7,ngageoint_opensphere
8357,8de9b516e7f55890731ff7f791be5d565355a0a4,ngageoint_opensphere
8358,8dec31860d5c3f847a889aa5d702318f0f24c075,ngageoint_opensphere
8359,8df24a0a0d1fbdab076b29a3866691c682bffa75,ngageoint_opensphere
8360,8df33f9a1434dcf35ea0120635c46b3735478858,ngageoint_opensphere
8361,8df4094e27fd70f998cae2e3451f963a00e20c30,ngageoint_opensphere
8362,8df63a79f46f188c3804a8473e45f5bb75a8a4ba,ngageoint_opensphere
8363,8dfa4909b20e94cf1d269c938e29b20e69529086,ngageoint_opensphere
8364,8dfdfb78842f514c06752bb0face91d3ff241970,ngageoint_opensphere
8365,8dfea568808266807aef31f0cfd072f5cbff280f,ngageoint_opensphere
8366,8e0a0858001e6061eddc7851cae2c9a43af508cf,ngageoint_opensphere
8367,8e0cc095dfe313dd286f39464c902c6d082d1a43,ngageoint_opensphere
8368,8e0d3b01d2cc1d05fd8acb0f4e24a46f8f463f8d,ngageoint_opensphere
8369,8e108a4e1626cfedbf3f35153f7b024737e9f263,ngageoint_opensphere
8370,8e11652a34a3d122a6d3ee5369db1ec8337b9d6f,ngageoint_opensphere
8371,8e167d6afec20507c07df4ec63f1c23dd40581e5,ngageoint_opensphere
8372,8e184a78d3cf7cc80e5c8c16686952235fd9e905,ngageoint_opensphere
8373,8e22e85a243e64d93fdf895186ff6972a2b099e7,ngageoint_opensphere
8374,8e231a69f702f291070efa83f26554b4fcc2f523,ngageoint_opensphere
8375,8e27fcc0c3ccc685c09b72f60cd04190a82e6775,ngageoint_opensphere
8376,8e2cac308d8a9741b5eb26dcfdcdb84aa950991b,ngageoint_opensphere
8377,8e2f45a45eb04656e0932bfd39340e5a9a219364,ngageoint_opensphere
8378,8e548966f729c08e3ce971e05d8d824a0c1f5cb6,ngageoint_opensphere
8379,8e5656373e9528f6b852d8bc9192577c430e55e8,ngageoint_opensphere
8380,8e5ba1ab694188899ad75888620b9e2e68d82661,ngageoint_opensphere
8381,8e5dba25cf02d7239441db5e51888cf2baecaf3b,ngageoint_opensphere
8382,8e6b36ab661ea171a039c82f0aa3301c5b06901f,ngageoint_opensphere
8383,8e6b7316fde5f7bc53f9e0ef6cacfade894d3830,ngageoint_opensphere
8384,8e722a20f15f77b038799d6dc6b3db6efc557e93,ngageoint_opensphere
8385,8e7a4767d590975bd875691756bb8dfc8e61f2d4,ngageoint_opensphere
8386,8e7d62851fac7e39cdb6b1ce12249ddfd53fe3b4,ngageoint_opensphere
8387,8e7dd0ef9c3d48b437a0e422cbc9b015a6b9a73c,ngageoint_opensphere
8388,8e84494db38f6c1898d1d1851b0f744c972a144e,ngageoint_opensphere
8389,8e8576cc8161b58c69f56af16484756498ef4f44,ngageoint_opensphere
8390,8e88e9f5a7bc85a104378bfb28025aab6cd036bd,ngageoint_opensphere
8391,8e9392102c2f8a88b10a43af0c9eb2526a2cc441,ngageoint_opensphere
8392,8e98588b315819b427347e86d8d465e2c495ca2b,ngageoint_opensphere
8393,8e99e18beb8994a0ae85a89cd339648e0ff7012f,ngageoint_opensphere
8394,8e9b9fefe7e2f60992d2c768cb1a125be4a3a5db,ngageoint_opensphere
8395,8e9df0d2233075b8446e1ad81376034dd9bbbebe,ngageoint_opensphere
8396,8e9f8903fb5ba4d04f26c2cd1bac49c7c250e6e9,ngageoint_opensphere
8397,8e9f9eaeaf8985f9809c847fa47f40015677740c,ngageoint_opensphere
8398,8ea2d2ee7a359461d13ed648349ac6ab110a7bf7,ngageoint_opensphere
8399,8ea33ebdfec06f6b95f0146f6bf592c61ec61c2a,ngageoint_opensphere
8400,8ea4859aff6afe875cbc20eb1a7c2eb58841d880,ngageoint_opensphere
8401,8ea74d40cd8b1c3d49f1423fe679b6ebde9d1109,ngageoint_opensphere
8402,8ea999292faccde54e988ba8a4051727045da208,ngageoint_opensphere
8403,8eab7ebe1ccadcdd8ff5281e62aa5826a2b755a4,ngageoint_opensphere
8404,8eb0e98fea8ed694cbc701dd1be75fa0200ecfeb,ngageoint_opensphere
8405,8eb764b8a0ce05a026fd53e5a42d982de8ad688d,ngageoint_opensphere
8406,8ebaf44c924bf4a23dd560fc09c41e65c684032b,ngageoint_opensphere
8407,8ec367981311abdf7347fd930a2a8fd146ff19c6,ngageoint_opensphere
8408,8ec6008ca3a9463882210b5281cb79a7648e02e9,ngageoint_opensphere
8409,8ec9f065d8725905b8cab1d02752caba347ba922,ngageoint_opensphere
8410,8ecdaa3f09d10b2e4ed01d14f770701de7d99ef0,ngageoint_opensphere
8411,8ed2c5e872fa3934c64ebb82c80c7f9c0e2bbbd1,ngageoint_opensphere
8412,8ed8e55f7aa656c37d1d1f2fff5b2e708405ebe8,ngageoint_opensphere
8413,8ed93383c3477f97fbe9f0689406cee0bf05af2b,ngageoint_opensphere
8414,8eda42506220a772cd82eea668bb645267fe7a2d,ngageoint_opensphere
8415,8ee043c157697ee2d9f9251e0c51236d8ad0b839,ngageoint_opensphere
8416,8eeae9158cd72c950254fc0a2b11f1e64a4957e0,ngageoint_opensphere
8417,8eee23cc10fd18f3016ac03b0efecfa477a88cf5,ngageoint_opensphere
8418,8eeeab72a2730602126dc2d3452e2c3be240da03,ngageoint_opensphere
8419,8ef21bab86bba5b594bbd51829c9cf010fde89eb,ngageoint_opensphere
8420,8ef36b912c4b55bbfbd121bb7987c61d8c77ecb2,ngageoint_opensphere
8421,8ef6da35dca200755acb81fd3859206f5ee83d07,ngageoint_opensphere
8422,8efaf051fa3523b9d9af212187ca6c0122fcb39f,ngageoint_opensphere
8423,8efd62248dd6db10a022d64075f6892788343a31,ngageoint_opensphere
8424,8f061eaaedbcc6eb3844b481050d70c8828c34a0,ngageoint_opensphere
8425,8f06df4448ef1b9a172be81b0d3002ce8a0d33a7,ngageoint_opensphere
8426,8f0928591ddfd268683d8418a44dfc492b0e8c9d,ngageoint_opensphere
8427,8f0fb54c0dbcc59cff511499b2a51443a39562ef,ngageoint_opensphere
8428,8f0fcac419cd2fe7ceaf5776c9df98da41cb808a,ngageoint_opensphere
8429,8f11f53b9735eb77a09cc7f75e9645b8fa8a4f56,ngageoint_opensphere
8430,8f1a08174a42763ea6c6c7cf71212cb1288e13ed,ngageoint_opensphere
8431,8f2e2bbe4b96f98471a635f22dca0fef146a0c09,ngageoint_opensphere
8432,8f315b0e42bc7eecfbc2c325c9fb8f40a9734224,ngageoint_opensphere
8433,8f3229214aba0c08083ddcb4287835ec3a9cb7e1,ngageoint_opensphere
8434,8f3923216ed200964474c93441f6fa8bac2332ba,ngageoint_opensphere
8435,8f3acbb0bb3c53708f5298fdc40e0a8160e9daf5,ngageoint_opensphere
8436,8f3e2c3a042ad686c1e802b49b1f2a4e436ad768,ngageoint_opensphere
8437,8f48bb705bf780799ff7d91f28c325d271032732,ngageoint_opensphere
8438,8f4dcdd258df8d0c33090234732a922fc1554f78,ngageoint_opensphere
8439,8f4f07585476658c767be505f22cae75f5a0b9f9,ngageoint_opensphere
8440,8f52ea6e86a3b35a14ef149715930866dfc25055,ngageoint_opensphere
8441,8f55aeabca8956f2c0c96be0cda8ac42aef147c3,ngageoint_opensphere
8442,8f573d4070a18df512f80e27739cf04df26cd689,ngageoint_opensphere
8443,8f5d61a7fb9351449658f5eed9623a775d03e0a4,ngageoint_opensphere
8444,8f70e01e629dd486bd9db369b6c4b775d776aa93,ngageoint_opensphere
8445,8f7b1f81b22eed76d46fd24fb7f54408d5d4aa87,ngageoint_opensphere
8446,8f8376632335fd76eb44d288a01b78d29d1b8f69,ngageoint_opensphere
8447,8f8757a2f97ae86238a0c5e4286340bd8f9d0698,ngageoint_opensphere
8448,8f8a416a7ce71fdaf09986d727d611f9cc2306d9,ngageoint_opensphere
8449,8f8e095667af46b378161de181aa5d1dd2bd7661,ngageoint_opensphere
8450,8f95ebfec0e74bf4b060eb79aee84bb6fe9e5be6,ngageoint_opensphere
8451,8f9913a9f1b919de19df2c1c8a631718ac61cb9a,ngageoint_opensphere
8452,8f9b106a5c78cbaf53b0fe0937c5ce13b27aa0ee,ngageoint_opensphere
8453,8f9e7c86a68d0810f7c012cbcd54bc65f5f67075,ngageoint_opensphere
8454,8fa06d6075de34465d42dd67289ac97d694c077d,ngageoint_opensphere
8455,8fa0eb432e0d602665533aca96a69565079d04ee,ngageoint_opensphere
8456,8fa5c5435219b860ea371783c71e2d786a820125,ngageoint_opensphere
8457,8fa9782c7b7cf63250b3086bc20acc5979664412,ngageoint_opensphere
8458,8fa9f99f877d78aac2daea2d7ede4418218b2f1d,ngageoint_opensphere
8459,8facc16b5ccca9ea1c371d40849e8bd0249ea69c,ngageoint_opensphere
8460,8fbb1e7a38d9426d77e97f2c69f4813990bf9d3b,ngageoint_opensphere
8461,8fbd593df88cdbec12017760ec7c208e6a921c3b,ngageoint_opensphere
8462,8fc091ae6a183675a44a5599a91e88de442b9f9c,ngageoint_opensphere
8463,8fc8cd66ac5bce959b9eaa05fe5e95f8d27633b1,ngageoint_opensphere
8464,8fc94d0319cabe59e70c2180731c8fab985df2ff,ngageoint_opensphere
8465,8fcedc7454b95d17d3f768f0649cb4b0525d150a,ngageoint_opensphere
8466,8fceea5d963d4b48ac4078bd6301fa87ad69f74c,ngageoint_opensphere
8467,8fd07a824a8ee8dd2546ee1df38ff6f9d22bfb0d,ngageoint_opensphere
8468,8fd555fe46a26a8377893324b7a7967f28813271,ngageoint_opensphere
8469,8fd7118a3ce6c0fb200d3faf9cd8b89dc53e1151,ngageoint_opensphere
8470,8fd7cb1c568c4abb7ead19806876efc34ec0d9ba,ngageoint_opensphere
8471,8fdc4cb82f213cdd37cb81a385dfaf46fb5bbf5d,ngageoint_opensphere
8472,8fe07b8b3a30abcb6154dd81e8a2af8c1b6110c5,ngageoint_opensphere
8473,8fe1aff1cbe9d960e6cbbff2c2b78c5401288645,ngageoint_opensphere
8474,8fe26aaf6198621549ee285de387e23b554b1f3b,ngageoint_opensphere
8475,8fe4411e4975bddcfb5c330428faabbd8f8c311e,ngageoint_opensphere
8476,8fec2e7daf9ca5f247c60820a53935390ec649b7,ngageoint_opensphere
8477,8ff0d7d4462287aec6b35cc5fb0b6b4a723806af,ngageoint_opensphere
8478,8ffa2468a99063573b7754058d8fdfe511e09086,ngageoint_opensphere
8479,8ffd31539174c6b5f95d72fbdf7a84ecf449ba90,ngageoint_opensphere
8480,9003cb9fffbeb99d315de08c824ffb879be6261f,ngageoint_opensphere
8481,9008806ade26491b8390e00390ea35b611bd2e95,ngageoint_opensphere
8482,900b5846f042d7d70fdbf1db9fde7934ff1c9a6c,ngageoint_opensphere
8483,900cf2b08eec50c7435984ea08755d45f82974e8,ngageoint_opensphere
8484,900df475bdd7999059b198e06c7873743294540d,ngageoint_opensphere
8485,90105805ac6893a956011e33bcefd72fac128ec9,ngageoint_opensphere
8486,9017ff44de057dee6ec5081cf552af8110b90720,ngageoint_opensphere
8487,901d4eda4c487262548e82584a39f90d84fd83f6,ngageoint_opensphere
8488,9026a23ccfaa287c90f095f441959f6a870e0b06,ngageoint_opensphere
8489,9026dc9f427e8caf022450d2e198d27d5a6314b0,ngageoint_opensphere
8490,902cc362e5aa72d6cd191591177229c9e860bb7c,ngageoint_opensphere
8491,9031575cf3c2d1369b35bd8609972aec59ef68cd,ngageoint_opensphere
8492,9033439e7ff6da73e764ccd17243558a388d856b,ngageoint_opensphere
8493,903f626dd5a0593a25754ad8d8abeb7b8b9692f8,ngageoint_opensphere
8494,903f9730bd24100f12d8a4df678e1d381dae8e67,ngageoint_opensphere
8495,90409c1222401b69dda5844c583e3bfc4679e7a3,ngageoint_opensphere
8496,904f547be8fccec30368306f4db09d4ccaed4c10,ngageoint_opensphere
8497,90547b80605dc33074e99b599497c6f6e0747d71,ngageoint_opensphere
8498,905985bb0b116fdc1810ae16f9c039df6fdb45b1,ngageoint_opensphere
8499,905f7573491365b179b546d9847a874eece3d075,ngageoint_opensphere
8500,906094888f2413714fcb9c5d35e34438ded9932c,ngageoint_opensphere
8501,9064cde5d29d414201e3b2266976c99101d22ab4,ngageoint_opensphere
8502,90658aeb464f7f0b31b050f617080ff534e7cb8e,ngageoint_opensphere
8503,90674636afd5a45239acd7e6809887eba743a253,ngageoint_opensphere
8504,906efe0415723a778a83f5af1e16eb0ab83311f5,ngageoint_opensphere
8505,906fd7d55ccf0c70f0ace50174a378d09b7cdead,ngageoint_opensphere
8506,9070186a15078458d0311901dc2350f77f16727a,ngageoint_opensphere
8507,9073369075cdaa70233903392b6bf7dc002b82ca,ngageoint_opensphere
8508,9075ff096e52a0080d63810518e2349c54992b62,ngageoint_opensphere
8509,90782dc342faee9cce4d516d18032389b41ce133,ngageoint_opensphere
8510,907a6580194ab2a082c3b12db0b51df06daf2024,ngageoint_opensphere
8511,90826c5ee8d25e5830cf8b1fa0b27d39d19b08e8,ngageoint_opensphere
8512,9083e4900f579f250d575cf3a4e6d04087ffeb29,ngageoint_opensphere
8513,9084bb918d3fb07bf598b1031c8657f6338f5344,ngageoint_opensphere
8514,908970061753b6d0607dee711584e043fa3b4490,ngageoint_opensphere
8515,90929da988b45733db460e1d4dc1cd681cb3ee26,ngageoint_opensphere
8516,9097aba3a1c22111efb48e8152f0eaabae5bc76a,ngageoint_opensphere
8517,909dd122d127491bc751dc559e1f42768ce686d9,ngageoint_opensphere
8518,909f32267001074751e2927c3ce8e922d48b5d00,ngageoint_opensphere
8519,90a25a5a5c27e1bb302b21dbfa314e7c49e267bd,ngageoint_opensphere
8520,90a908bf297e868f340f580a8273538e0a0a06c0,ngageoint_opensphere
8521,90ad6deca6257997854173a8cb5176478d04c2f7,ngageoint_opensphere
8522,90b42747688bee27ccd206a1acf453c71ad1967e,ngageoint_opensphere
8523,90b4b994b6186fb56c10ce475d1dcb25fcb7e89b,ngageoint_opensphere
8524,90b5d295b4eb9a94a103a176b25686f3461e2655,ngageoint_opensphere
8525,90b5d32ee6398435b93e826d0607233c508ff8e1,ngageoint_opensphere
8526,90b6cc082b42d28ad394e88a371a3b31ea756fed,ngageoint_opensphere
8527,90b7c39bae592a48037430d0cd6e4b619da17a1d,ngageoint_opensphere
8528,90bc0cd6d617c80a7e185da30540c1b742e02021,ngageoint_opensphere
8529,90cec7f6c2af77e68ddecc3b53e196355fd0d512,ngageoint_opensphere
8530,90d91df0a3b1d8705873cebec6e17e3301e0c7b3,ngageoint_opensphere
8531,90db9cdf9e1b351986a6d17ac06f879f28688741,ngageoint_opensphere
8532,90dbfb8bdadfe54619fa1f2d8a61c7aa3cc0452f,ngageoint_opensphere
8533,90dfc71cf51d410680cc69b39ebbefc7046552db,ngageoint_opensphere
8534,90e92d0c7c2227a0759bf76ba470d959cb98d31e,ngageoint_opensphere
8535,90ebd47cd9d7d46f5be2e340436a7d3832edb237,ngageoint_opensphere
8536,90ecc2bd4a442ca43fd16057f418447c2a42f254,ngageoint_opensphere
8537,90edc11615d1f6734db6e5b49dbcef87de569944,ngageoint_opensphere
8538,90f6e76b376392e860b15f5ac176902026711ce7,ngageoint_opensphere
8539,90f81979a980251fb5de791530dd8875a0d1aa10,ngageoint_opensphere
8540,9102fc227c1402d8daf7d7da1de0201a8ee9f873,ngageoint_opensphere
8541,9108dbdd5b08605fd3b5a4cd1dec434a6be15832,ngageoint_opensphere
8542,910a2b823c241363a8c6ed647cd3976678592737,ngageoint_opensphere
8543,91174bbdd48288e00eb590dd5c3f97543ae39cb3,ngageoint_opensphere
8544,9117fe1ac907141f2d3136cb2e527bccfa9ebfaa,ngageoint_opensphere
8545,9118aa6e0fa92621a459b02b2564d6b0b79d790f,ngageoint_opensphere
8546,911a41ebd32b3e577801b0813ac09aef0bb4dc78,ngageoint_opensphere
8547,911b12206f5fab2d34db53a8166ade5313d49899,ngageoint_opensphere
8548,911f820ea22439d421622624aaa7596a814d0705,ngageoint_opensphere
8549,91207a094912972bad5f31ea2b31d68e0aef67f7,ngageoint_opensphere
8550,9121a2c0b058dae3bd025c8a542ec5ca082194ec,ngageoint_opensphere
8551,912b30a584dab64e1890e04ee07597ad22c65006,ngageoint_opensphere
8552,912e9c4e29655e714c7745100f3b820cd79f1a9c,ngageoint_opensphere
8553,912edc3f9962afdcb89def70c9e55f071b1d1a96,ngageoint_opensphere
8554,9130597cc449125f64fe238c5a5edf8748085e15,ngageoint_opensphere
8555,91363af5d0a0bcf3b94f0a575a4e3b36d721b136,ngageoint_opensphere
8556,913e701cb08df7ccc42862ae70873db9dd8cf020,ngageoint_opensphere
8557,913f8a851f52a974062ee3f930f985c760d61c46,ngageoint_opensphere
8558,9141efe27862fd1e0fad06f8513586127175b403,ngageoint_opensphere
8559,914542bc2f87e9da3fac938ad497ae062afe15aa,ngageoint_opensphere
8560,9147c757adcc6403a9e70611bc5639fe3feeb7ab,ngageoint_opensphere
8561,91486507618b593decd450e582e91ae41f78882f,ngageoint_opensphere
8562,914d0d35b1007a4519210fa975b725c05eb5dd27,ngageoint_opensphere
8563,914d8e851bffe850e2c8d7ab6e7723d45bcfdd09,ngageoint_opensphere
8564,914e7a6cdb5f6fb8693e770bdde2c2aa9063abdc,ngageoint_opensphere
8565,915116702cf9bcf5afd595e2d9d8ff5e9cc37f12,ngageoint_opensphere
8566,9154036fd6d0eb8806e996b8e3eaae09247b6af3,ngageoint_opensphere
8567,9158d4919718d864ea311e0c2747ec0799bc456b,ngageoint_opensphere
8568,916131641c8aef64fe9c5cce6749179120b55415,ngageoint_opensphere
8569,916455662e1a379d97b9ce6df4b614078315f467,ngageoint_opensphere
8570,9167d98c6b9c3aeab500e9e91fe1cd96e8e01527,ngageoint_opensphere
8571,916b9c17be24f8f0a394a0ed1e8c79ac3525cb70,ngageoint_opensphere
8572,9172a8bc380b82a535a70da20fc7afd3cf174575,ngageoint_opensphere
8573,91869777c040f5fc2fe47bad332610e84ce20287,ngageoint_opensphere
8574,9186c9b056f4a9d87c001a9c50ee89a6d5481498,ngageoint_opensphere
8575,918777abd82081ab8e62fa001261b46a98e73102,ngageoint_opensphere
8576,91887f4830637c8ae959b92f6ac0043cd3cfd4ea,ngageoint_opensphere
8577,918fb9394d828797afdf41278d7fb653c7890e5e,ngageoint_opensphere
8578,919060d8cf6cea5be7a6c55b9c2be4b7cecb077d,ngageoint_opensphere
8579,91942651a6e5e3a728216d568d0207d2aaaf9235,ngageoint_opensphere
8580,919eb864992ba5512b4260114fd49aa315b02de4,ngageoint_opensphere
8581,91a09c011f37b7c0c642bc154ca40b8b13bf99c6,ngageoint_opensphere
8582,91a1e9763da80a4909d788f2ded44fa898ec9f79,ngageoint_opensphere
8583,91aa351f3b36c1659cec7866c9239def481dfcc6,ngageoint_opensphere
8584,91aba6f62a0817d87e37414812eff18f9a46f258,ngageoint_opensphere
8585,91abebecce645f515cb66242065c80c6cf8e9744,ngageoint_opensphere
8586,91b3010d5c5eac83524b213ce4143bc0e2bc1a6d,ngageoint_opensphere
8587,91bac6645e7d9de982c1fd4da25f1069e61b0426,ngageoint_opensphere
8588,91c1fe4d24ac0f7e03df0be6f6ad21e6a513b568,ngageoint_opensphere
8589,91c6a26d2eaa39df6dd7a3be870d93c9ac1c4cf5,ngageoint_opensphere
8590,91c9881e357c855e11189417e2537fa549648ecb,ngageoint_opensphere
8591,91d5623ef5fdad700ee648d3d3929e6d5776f94a,ngageoint_opensphere
8592,91d74e97e9fb37bcd34dbf29e70263200ce6a90b,ngageoint_opensphere
8593,91d9523470f07732b60222abc310218880aa274a,ngageoint_opensphere
8594,91df3412dbcc12c6c9e584dc474d130667f34b85,ngageoint_opensphere
8595,91e9c775645b212f1e77ee7cff8df4bd251b8ed3,ngageoint_opensphere
8596,91e9ffe2a79810b4e0737ac2c617f990fec79265,ngageoint_opensphere
8597,91f1ad03b87e4d469617e6c105c7ac4f4143f5b5,ngageoint_opensphere
8598,91f3a0a25d55cd1a4ad63fdcb869948ed642d6de,ngageoint_opensphere
8599,91f3c351477cbdf307c052db7858f56b175bb71e,ngageoint_opensphere
8600,91f48faf99241c2a7f2508040a202b73bf935561,ngageoint_opensphere
8601,91f82e5fe9291ac4a9995d3884bef0d32b021636,ngageoint_opensphere
8602,91f8680c945fde79f81a1a3632a803e5be1fa6b2,ngageoint_opensphere
8603,91ff61e3abc120e5895912f6c8a7f5460efd7645,ngageoint_opensphere
8604,91ff9c7116207287c5cf05b97f7abfd4d38b80ad,ngageoint_opensphere
8605,9202d8f35cf511ff07315d1b0fe73b70c3be2395,ngageoint_opensphere
8606,9203bb697aff6bccec17a80b54b1e3f58531ebab,ngageoint_opensphere
8607,920856b51e4e0be820c3f1239e9cff7dbddedebb,ngageoint_opensphere
8608,920a1e9da6babc56a997e4daec08707cda705ad5,ngageoint_opensphere
8609,920a803af7cea95879eca24301fcf479d0fb08bc,ngageoint_opensphere
8610,920ab86a4590e3116823a70ab69df280089cb431,ngageoint_opensphere
8611,920bd2ffee1c66e00329e2fd0018bbd853431cb5,ngageoint_opensphere
8612,920e0da17ad38f7874d43a7d5380bd59f75ea060,ngageoint_opensphere
8613,9217b1e11971fbf242075ddae0920e1ebddcc9bf,ngageoint_opensphere
8614,92185c0c042bb2fae3edb9d0903d0cd0cd23879d,ngageoint_opensphere
8615,921e08c9a3541f907cdfacb34281fdcc4560d18a,ngageoint_opensphere
8616,922123da1f9f5ffa29c38412d54dc62597d2c1dc,ngageoint_opensphere
8617,922233a689b37ddb1ae66c72830e86876a2b8ab5,ngageoint_opensphere
8618,92259837b8210aee70ef59c129aaf0a21cba2007,ngageoint_opensphere
8619,922ae6f41d487345bb339d2908dc98ad88b51fb3,ngageoint_opensphere
8620,922bf88f81931453f9f713cec4656b5a00ab9c1d,ngageoint_opensphere
8621,9238639b444b7dcd7d54b81cc870d1b6f518499c,ngageoint_opensphere
8622,923c30faf6b9b4cdda29f8d5d68f4f5b6a57f9c6,ngageoint_opensphere
8623,9247b44a9edce17cf1b8048c564e0f5b0bce16dc,ngageoint_opensphere
8624,924da9f611766d2244de921185972a8553aa6f00,ngageoint_opensphere
8625,924e1e2d42536556c8363b2e65666010fe1e8460,ngageoint_opensphere
8626,925235418522225a283a69e5f92f6ad5f864d783,ngageoint_opensphere
8627,925561c1ecc1047d915d77df83e1b5e3b3d23423,ngageoint_opensphere
8628,9263dc147105b13277d9376feff19f5d0560078d,ngageoint_opensphere
8629,9274c76ecb0695e3b0d8d892a3dff10187dc3943,ngageoint_opensphere
8630,927fa3ad2f3f65df1f8b546cb6b37e725ec9dbd3,ngageoint_opensphere
8631,92841d70cdbcd90f13c3c4adb1ac5eb514f6058f,ngageoint_opensphere
8632,929f535f7573cdf0eeeb434a57e61ee289e43810,ngageoint_opensphere
8633,929f6decf16ab824da3570ec80f146e8c5813c9a,ngageoint_opensphere
8634,92b35a1957a66cd3159e297c51765c5dc071e89e,ngageoint_opensphere
8635,92b7bd14203e6312001310245b960a5f57afbb14,ngageoint_opensphere
8636,92bd9ad15837ccf8560b87f1a4db7f48a2f9755c,ngageoint_opensphere
8637,92c0afc8228808f39da9c049005d92ba81f3fc1a,ngageoint_opensphere
8638,92c70c8c833deb02e65ea588577a2e1456cfce7f,ngageoint_opensphere
8639,92cf533972d8a5e93c667edeb76284c831958a1b,ngageoint_opensphere
8640,92d37d084ade54b183ac9c2d80ffa5ee8b791870,ngageoint_opensphere
8641,92d8da0f7e7e7bca4a7041f5f59f2d75b2695269,ngageoint_opensphere
8642,92dae42e71b7a10c8e7dfa1c490d98e9ecac6c3c,ngageoint_opensphere
8643,92dcfb4261bd9e592af10aee97ecfcb22e02a5eb,ngageoint_opensphere
8644,92e8468561af26ed1996357f2d6d11b540e5da59,ngageoint_opensphere
8645,92ee945872bcd9779550da2e3f5fedc0f0125fe1,ngageoint_opensphere
8646,92f00e71edf9ce2e2ffefc400e31740c2fe30a25,ngageoint_opensphere
8647,92f468f79cebe8c4a23d4d2b85203e32754e8b29,ngageoint_opensphere
8648,92f5fe24ca0332c7591fe87f9afe0415e2511c0e,ngageoint_opensphere
8649,92f99feda07751881bc9be3ed03cd68bdf683785,ngageoint_opensphere
8650,92fe12abbc4fe4e93a475ca0fb61e48c467afa3a,ngageoint_opensphere
8651,930099fd43155e51f0c4837c7bb850920454c296,ngageoint_opensphere
8652,93062a91e053be44345dbae0532c402430767796,ngageoint_opensphere
8653,930b4fb521f50509775bdf4ae3579bf5bc45ddb1,ngageoint_opensphere
8654,930fa71229d8c3b810b93aab57ceda036ee878df,ngageoint_opensphere
8655,931235cae9d4e0b3ff3d16ebe6d5368c3a80e01f,ngageoint_opensphere
8656,9314081d9b5bd708a9c24aa03f0b28d975585749,ngageoint_opensphere
8657,9318d121c4f564d9b77626262a03413bd1ff7340,ngageoint_opensphere
8658,931bb05a94c6349788413e09e8d26092d83bfb2c,ngageoint_opensphere
8659,9321cf466eb4499a8c75d896edd07925381c152c,ngageoint_opensphere
8660,93259d05087a4caa6ea1585bdec36aae587247d7,ngageoint_opensphere
8661,932f30c2f05cc5cd3bf6f5a527aec3730a6b6aa9,ngageoint_opensphere
8662,9330e774bcb42c9a68cea1fa7ec49753e605b9c2,ngageoint_opensphere
8663,9333744fb5718c7910b9353f324d7e29187dbe9c,ngageoint_opensphere
8664,9339b104074162d1e0dc70e64fc7fbc25ef21c6f,ngageoint_opensphere
8665,93421af78970fb85716d8eb4b225cfd897371dc9,ngageoint_opensphere
8666,934221f8266f36051a7a906c7ba5a0b8627bdae3,ngageoint_opensphere
8667,9346739d53a6bd33415bae1f2e84a3b6cdff513a,ngageoint_opensphere
8668,934f248252cfc180306fd8ef51d6ae8ce763629d,ngageoint_opensphere
8669,9350d4b49e92f181404c8be9b399d6da4ec08103,ngageoint_opensphere
8670,935604a1de62b17f5ff114299426a7af3ef018a6,ngageoint_opensphere
8671,93586601cb722231c5c9ac82dce96c5cb692b749,ngageoint_opensphere
8672,935a343ab337ec0a3d5d0a62ab05fb919e525834,ngageoint_opensphere
8673,936096eaa2c0eeb012d1500c4b56d93b26c316ce,ngageoint_opensphere
8674,936c6fe67a07a2eae73af682b63ca0d85bbca97e,ngageoint_opensphere
8675,93730e147713e213b4a0ce5b2d7776a48043802a,ngageoint_opensphere
8676,9373bdbf01d239483893e0febc94c1b444fb5aea,ngageoint_opensphere
8677,937613104513b91a319056630a153b7ce5c77dd6,ngageoint_opensphere
8678,938026a718d285553390dadfbe9ef81b10b25c97,ngageoint_opensphere
8679,9381c6f80e4c61705371d8c4a02d03c538dab7d5,ngageoint_opensphere
8680,93866c18cf6c524b6c85216a5dcfe3cb62427a72,ngageoint_opensphere
8681,9387956f5dc4f10b4a8a66cc4db677b2a959c676,ngageoint_opensphere
8682,9388b5bd2d8fd5df3c6ad56b469b3b7085835ece,ngageoint_opensphere
8683,9391663f94c3058ef6804106e124d13c86ff20a7,ngageoint_opensphere
8684,939211678d35fae51e500ac87286acdfeb9f82b3,ngageoint_opensphere
8685,939455b7ae849d9012f1e1b971497063034827fe,ngageoint_opensphere
8686,939d752b8b7586ef30b7bbc8b4523fc0cadb4f1a,ngageoint_opensphere
8687,939f4204dea87efadd85839cb7aab0010447cb30,ngageoint_opensphere
8688,93a47ff52338734d1d18599e00049c913e5bdbe3,ngageoint_opensphere
8689,93a55a92655d4339f5781c4411a8c5780c6124f1,ngageoint_opensphere
8690,93a9f40629da92072cfc8f9a2b4c30ef77d0401b,ngageoint_opensphere
8691,93aaef90bd17c65e398aa635b5c43570dcd5a9ca,ngageoint_opensphere
8692,93b0720dc16ea2cbedd6db97ef737ad8ce371f3b,ngageoint_opensphere
8693,93be40c4cabfcc8d8d3461b88c04baee5e09c64f,ngageoint_opensphere
8694,93c22d62d4fe02d1b5b6feb1e2412ac2c50ed4a0,ngageoint_opensphere
8695,93c24d263d86a738430acc14a91c265a9545c0a2,ngageoint_opensphere
8696,93c28a069ba20562a86d48884830f2c21e86306b,ngageoint_opensphere
8697,93cf97eee462973c07ff2cfe012bb15d0c951581,ngageoint_opensphere
8698,93d189155b863380e6910ea948359e73841df197,ngageoint_opensphere
8699,93d398939bfe714befc4a4173fb25b555e9d11d4,ngageoint_opensphere
8700,93d4128afbb999fa29d8b534290f84a7ab356064,ngageoint_opensphere
8701,93d4f7e5aecf5a4b03af688a288de7efc38d769a,ngageoint_opensphere
8702,93d5d7bfa8d4c83177e005bf23406694ae4f6244,ngageoint_opensphere
8703,93e2a4138d48bffab137bde15d617a88d4687d36,ngageoint_opensphere
8704,93e9c869001fbb4f2f44453ad698573b0077cccf,ngageoint_opensphere
8705,93ea3ffbdd1526a1d54ed1ba1f5781ad29147a5f,ngageoint_opensphere
8706,93eb5ae6707a67cc5fe4586dbd23bfb31e658e68,ngageoint_opensphere
8707,93edb007eb3fac0bceb17afebecb8b0496e63d3a,ngageoint_opensphere
8708,93f014133f77f2aec8c95990e5e8931e30a7aacf,ngageoint_opensphere
8709,93f1264cbfd0cf9a0d9e1eed57d3f9a3a364e9f1,ngageoint_opensphere
8710,93f42762f8a3eb32cc4fc9828c28b39aefca8845,ngageoint_opensphere
8711,93f5cd83ccf7d4f7a9f4360a81c5db585197908b,ngageoint_opensphere
8712,9401104f762a9847183ddfd15d6af442346597bf,ngageoint_opensphere
8713,9402807aefdc498a3ae33ce56e8346a05df2647f,ngageoint_opensphere
8714,94035c56f13dc09e25e1fc1cde104b9ae39c0728,ngageoint_opensphere
8715,940b4ca04a2a38264c60727f6c91205d8e502305,ngageoint_opensphere
8716,9416f27cffb171dd8a1f3a69591f7723729ba422,ngageoint_opensphere
8717,941a82cdd31e5ec31fa2f912b6605ac44ada390a,ngageoint_opensphere
8718,941aa8ba3709ced0c7c0e1358698c7ad29d43e81,ngageoint_opensphere
8719,941b9daf9137276cfb6d2ff8b945b13b2381fb54,ngageoint_opensphere
8720,941fa3ee02c72f62cb446654bb61c824d6fc45a5,ngageoint_opensphere
8721,942371c757894437c4860fd75af4f798841de4b4,ngageoint_opensphere
8722,9429571c4db80758d293044785e63c0d77630a78,ngageoint_opensphere
8723,943028e14f6c6154c11c91ad19805f7bf560b7d4,ngageoint_opensphere
8724,943266cf2875c9f9701a3042bd52f767d47585cc,ngageoint_opensphere
8725,94377079479c59666a55cc64c00f7d83411ae240,ngageoint_opensphere
8726,94379a2dba92f5362bcaad01f9372b111ba6a66c,ngageoint_opensphere
8727,9442cdbb01ff356884001a1dfc600d9958f25c9c,ngageoint_opensphere
8728,94456a75076db066312c84da2cdb3fcfb8a7cff5,ngageoint_opensphere
8729,944987890eabf5338ecdcef59925da7b366fba7f,ngageoint_opensphere
8730,9449c4fdd9598303f842a170113450379c41cbda,ngageoint_opensphere
8731,944e858e094b19875d41a9deac62d34704b2632f,ngageoint_opensphere
8732,945f3f5626bec8cb90627e06ed0d4149a6bf1fb9,ngageoint_opensphere
8733,9464f546b2bf8cf8c5ae763c041ee9e2d4203d6f,ngageoint_opensphere
8734,9467204769423d0576d8fbd75af42b16e0f141ef,ngageoint_opensphere
8735,946c4eda332feb570920474c70d4cf87dc82bf53,ngageoint_opensphere
8736,946eaf7361e88933f16b2768b787407c76318ca2,ngageoint_opensphere
8737,94708248694cce0c3e704f61edae8543cb9628de,ngageoint_opensphere
8738,94710238bc8973c941e1218b55fc5077fa9107fa,ngageoint_opensphere
8739,947474e26f6c82a517263f36ae97c3aee0ea093b,ngageoint_opensphere
8740,947f889f902da2d91f1862b002cc2a6b3ecf8ea1,ngageoint_opensphere
8741,9480077cf9a5b8f19fef89f82fdd09d24c4eec4b,ngageoint_opensphere
8742,9494c1101f570b8b0c356d3acc7f029b7ea8edd8,ngageoint_opensphere
8743,94975715fa978a4832253b9cffd00479f099053b,ngageoint_opensphere
8744,9498a60cfc4772cda9d1f10819ebe59135bbd949,ngageoint_opensphere
8745,949becca025b880c5974c18b36d98eaf690a20db,ngageoint_opensphere
8746,949e57c1b35d525a666764d26012e9f366e0bfda,ngageoint_opensphere
8747,94a2527f6212d9ec53c2859170712edf84462a60,ngageoint_opensphere
8748,94a691e1e3d5cc0415727cc2820b14b435f5753d,ngageoint_opensphere
8749,94a7591f4da7bf64a6ec752458e9e223cb0d9a79,ngageoint_opensphere
8750,94a7bf0e2cb879930ff14e0da6fe1b3b70ae8154,ngageoint_opensphere
8751,94ad9c5bcbb02eb0519bbb43f5d19c3d844b631f,ngageoint_opensphere
8752,94af964a59d6ae0dca1690e1bc59aab902572a04,ngageoint_opensphere
8753,94bba37710ee6d35c6e434a46f3f6ee140f3e9fc,ngageoint_opensphere
8754,94bc8e08a40dbadaa706fa928c83636d020d6116,ngageoint_opensphere
8755,94be440077ded7eb99b730906c88082769b2759d,ngageoint_opensphere
8756,94c0b40a223094af1278503252210fde5ee4fa5f,ngageoint_opensphere
8757,94c412fb338bf7a0d2f423f45bf38f776ea3ad8b,ngageoint_opensphere
8758,94c4d4314730fe5fe3cb198195b3395934d5d112,ngageoint_opensphere
8759,94c664bb54e864fde9529e04377fb538e852184e,ngageoint_opensphere
8760,94daac76b8dc9a54e5a82c7c10c9f629373c3896,ngageoint_opensphere
8761,94dcfedfaac0c761cdc9d6311668b9f3c076c108,ngageoint_opensphere
8762,94e8c9c5dff515612e6b000b4b754b95a9f1eada,ngageoint_opensphere
8763,94f76b3e3d8069bd1fdef907912a2481a367ceea,ngageoint_opensphere
8764,94f988f60f1554aed903198aca50f6d2b397a2ab,ngageoint_opensphere
8765,94fbe38a00e1c00e86bec811dc19a99eaecb58f7,ngageoint_opensphere
8766,95034a106f8f129fb8a0ffd7dc4f8af46dd210b6,ngageoint_opensphere
8767,950821c1a29b226338b61e86f1fe49ea9147b7d0,ngageoint_opensphere
8768,950d1c7a1f7a86ee0095b685fd370cb29b3b595d,ngageoint_opensphere
8769,9511f00eb281a397b08de82f2d55be6d3a44f4f6,ngageoint_opensphere
8770,952491e881fa39f0b961e968f73b281eef366f92,ngageoint_opensphere
8771,9525d53856973d275ea102e9b06c49fa2d206ab6,ngageoint_opensphere
8772,95264d949ec6edc5cf88732df2ba88aa767c0d80,ngageoint_opensphere
8773,9529c2ab9f23ed0f052afc7b3c3fb12ca4c515fb,ngageoint_opensphere
8774,952b95f74ffc9574a7425af7f53d95e8b18575b6,ngageoint_opensphere
8775,952da33925ff8ea2d859f904eff6f128189ae042,ngageoint_opensphere
8776,952f8db10ba1df7a4d5fc837c2acd18469c33a83,ngageoint_opensphere
8777,95316bb1bd8809e3b69a12db9c2dde55dfc588c4,ngageoint_opensphere
8778,9531f3c3912dc32774c6d5ee4036b891e74ffa00,ngageoint_opensphere
8779,953493f73b2c7aa162b5cd40358732a89917fde8,ngageoint_opensphere
8780,95420b8980afd1c9edc5f10dff23511de7e4f606,ngageoint_opensphere
8781,9542168bb090c3e8729e12bda1d2b8f38d268697,ngageoint_opensphere
8782,954297bed08a6b47c3c8b277d77242f5ab3960e5,ngageoint_opensphere
8783,95455d99e5e7bbc37e17b05ed0540362f36a8b5b,ngageoint_opensphere
8784,954831932c26be1608358657c6bb8dfb75c6a7ab,ngageoint_opensphere
8785,9548e285464756ab86fd846dff264912fa64a1bc,ngageoint_opensphere
8786,9549e86ca2ae0073e9c74fdef7fa89e23dd0450d,ngageoint_opensphere
8787,95530d4e15eb41b2b90bc6fb207ed2cfc31e95f7,ngageoint_opensphere
8788,955c616eba7651b25cb3a6989cfdc26457a5dbd7,ngageoint_opensphere
8789,956537b93c839127be6de10c534fa6a9af041d85,ngageoint_opensphere
8790,95654381f9f19d6a83e7cf10e0659fe8f81fd314,ngageoint_opensphere
8791,956599f3982083240130bc5d222ed5e1bd663bad,ngageoint_opensphere
8792,95696d52457c59a9e404f04171a0a143589369d6,ngageoint_opensphere
8793,956dd8d72a51609f99c8c7f99459c723173fd907,ngageoint_opensphere
8794,95815cfe2becd4265f9086a0be8e253f4021a9a0,ngageoint_opensphere
8795,958180b2bd6c9d7592140926c1749e0d47fc8962,ngageoint_opensphere
8796,9582550d7a9725fedcb23a8e25f3523bd1979e39,ngageoint_opensphere
8797,958782f1153b420657cf75fd7ca1f474c88b8fa0,ngageoint_opensphere
8798,95923ca25c19846fa49d48d121b98b3a5e52fa6f,ngageoint_opensphere
8799,9599331bd16f20e4761f091c57180d1d8d90e827,ngageoint_opensphere
8800,95996d4c1b5e262bc7ed29f2869c096d4dd6ce04,ngageoint_opensphere
8801,95a880ac6be0ce2327d23820cd709d78be5bdc19,ngageoint_opensphere
8802,95ab8effe25acffed65db57e65137f78b7fa57fc,ngageoint_opensphere
8803,95ae55faeb7783456ac434e95ece7b556f766120,ngageoint_opensphere
8804,95b911d37773e5e0f492a403980e6a1e099d4312,ngageoint_opensphere
8805,95bb20ba79c1353d42f8b764938320f6e7274597,ngageoint_opensphere
8806,95bcc17d69159f03349b5a0311e4e407c1697fca,ngageoint_opensphere
8807,95bd3bad5f623625e568715008f313d31c794945,ngageoint_opensphere
8808,95c2ff5208d60e5e514bdd0f8c4dc81f3916d4a6,ngageoint_opensphere
8809,95c3c5dbbf1dcd6c269e2e85546f226448df5d45,ngageoint_opensphere
8810,95c4d6a0af38f40529666ebfcdaab43544f2b972,ngageoint_opensphere
8811,95c7111ff2671e79ea94f543d59e19183d4b2bcc,ngageoint_opensphere
8812,95d77043c9f590f2d79d3a7a380345c325b8e9a4,ngageoint_opensphere
8813,95da52fa633d5035bca654411914544fc78123f6,ngageoint_opensphere
8814,95e13f68976fd7e0bfda5f046141505566885569,ngageoint_opensphere
8815,95e560dea28f602434e9c66a909a0fe0adcd6a4f,ngageoint_opensphere
8816,95e64d41501f1aa52b038b0dfde28ff01357a91d,ngageoint_opensphere
8817,95ee02c0b913c90d6c3525ed204d9f5897fe12bf,ngageoint_opensphere
8818,95f02bdcdd310084e10756e944bfefd7afae6e01,ngageoint_opensphere
8819,95f992db4c70d0c5ab7632574f6d58f239cca839,ngageoint_opensphere
8820,9601f355da2f6127407305724c2af5b68f988b2f,ngageoint_opensphere
8821,96068d25d955e043270532a6380d6e3accab7c39,ngageoint_opensphere
8822,960709caff5bb71690fa4f33a108d14e54bb424d,ngageoint_opensphere
8823,9607b15f05b173b324b904fc54ebec1e42190232,ngageoint_opensphere
8824,961691afca20b2cb657ec5703c80714084e379f9,ngageoint_opensphere
8825,961990f17bbbf0f7f60e569ff88a47e24b6406bb,ngageoint_opensphere
8826,9619c7941ab4a62f52e95407b9b1cd32fa033837,ngageoint_opensphere
8827,9628b8aff9f34a0293eff59816e2db53b2abfe89,ngageoint_opensphere
8828,9639ac64390eeb527e1ea2d8798b399955d5f92d,ngageoint_opensphere
8829,963a3ba9d9fb95b11a299db0c84871826558c716,ngageoint_opensphere
8830,963f2f02a9be027c0a51332b432807cdff1a1704,ngageoint_opensphere
8831,963fdfd06558b4cc9bf4f66892b0209665a73b09,ngageoint_opensphere
8832,964b8036a0488af783bb380b983eac8dad323852,ngageoint_opensphere
8833,965a37006a7543ef605cfc0609fa78272cbd2737,ngageoint_opensphere
8834,965cb8bbfe9910e9f39d1fc719e6e7f450a67398,ngageoint_opensphere
8835,965e6febf2e479f9e78b151cbb71bb5f7bffd655,ngageoint_opensphere
8836,966ce870f41d47bad7366cb0f55012421205cd28,ngageoint_opensphere
8837,966eff8be7d21bb1a9ef538fa6355023f9df80b1,ngageoint_opensphere
8838,9673ec572c7b9f749a1ec468e4079070e11c1ea4,ngageoint_opensphere
8839,9675dd370afdc9b322331cdcbf53b6f1503b3378,ngageoint_opensphere
8840,9677c8686ac3dad33f8d1dd2ba6ff579ace2461b,ngageoint_opensphere
8841,96809425b28b99529726e5d9a27cb99459b05f36,ngageoint_opensphere
8842,9681bef92dc9856c84c7703c4d149cb49e8e6582,ngageoint_opensphere
8843,96839fcae4af187b8e2f0a8e04d8fdb9729a5f2d,ngageoint_opensphere
8844,9684aa2e4324647a4d1b05c06d65eae9a83ca5ae,ngageoint_opensphere
8845,9685bd949a07913b4a9b95e87c9723f4a0f4e574,ngageoint_opensphere
8846,968dee05b700af9b6fb400ba4eda325c1dc63a1d,ngageoint_opensphere
8847,9690fa14027a05852aeb5eaf44dc456760448cbb,ngageoint_opensphere
8848,969da9da47c22f073e015963ada17488a2c743d6,ngageoint_opensphere
8849,969e837747c0d1b5cf167073f81886c969e28e71,ngageoint_opensphere
8850,96a3ba2fceda76dcf0477780581516b32980d0e8,ngageoint_opensphere
8851,96a6f4955b369c72113e01b76e577ac560a8e620,ngageoint_opensphere
8852,96ab62e20df5dbd747dca60e399374b7d1b7c14d,ngageoint_opensphere
8853,96ad560030ddb7453b840543dc1fb8ab6207d76f,ngageoint_opensphere
8854,96b938c5fafc8abb4db76454113397ec8c486b5b,ngageoint_opensphere
8855,96b9e4aebbe6039e4f20e23c558aa51f889d7c68,ngageoint_opensphere
8856,96bf98d980affff633f0503fb4a7b59e09cac137,ngageoint_opensphere
8857,96c23a08cea802c63997e2edcae2d0661d26ca17,ngageoint_opensphere
8858,96c25934117e056d38b0c291d69ee0685ad4604c,ngageoint_opensphere
8859,96c49788db0900ba38c01b90c8130c6146db123a,ngageoint_opensphere
8860,96c4b87d4c4a83a266fcfa1d6bc705e1555ec404,ngageoint_opensphere
8861,96c4f186960936518a1783b66f700130a5936118,ngageoint_opensphere
8862,96c669f2478d77de609ec746d64b71bcb993e160,ngageoint_opensphere
8863,96cbfe7e936a7e13763c9381b581ba00b05c2e08,ngageoint_opensphere
8864,96d19f0835e9a3fb3281e137e358e8eaeda076aa,ngageoint_opensphere
8865,96d6b3802539ca6e55cdd359472510119de99c4b,ngageoint_opensphere
8866,96d7ceac9dafc566691625d6189d11cac3e54c11,ngageoint_opensphere
8867,96da14bd50421b3eebd181ebad5d09555d593df3,ngageoint_opensphere
8868,96da2253e248442e0b439335bb9d8a01ad77716c,ngageoint_opensphere
8869,96eea45de75a1e67ca4f9316b02d44d04187d767,ngageoint_opensphere
8870,96f020e959828c5998ae5e7cda00d7c0722a7598,ngageoint_opensphere
8871,96f799aa9eb49886dfcf8759aac042692b23b861,ngageoint_opensphere
8872,96f7ad776e9236f30fb699cb57958f51ec5fc2ee,ngageoint_opensphere
8873,96f96f0781583a78cc3519bfee2349c3d29e61cb,ngageoint_opensphere
8874,97063702b9a6817170f2725cfd27e998a92a8f1f,ngageoint_opensphere
8875,97085bbd38bf8778a5eb98e59bed3f545c31ef74,ngageoint_opensphere
8876,970e3dc4a9b5c381fa9b4274ebf77af531c899d1,ngageoint_opensphere
8877,97129d4f1b468cbffd325990d53e6b88e55f1bf6,ngageoint_opensphere
8878,9721b410ff09a9e8f60333320590b4ac5d38acc3,ngageoint_opensphere
8879,97249a7503dcc627695df4cab1673716d4900a5d,ngageoint_opensphere
8880,97257fc71199893aaf570105f559708eadfb8511,ngageoint_opensphere
8881,9725827123229321d6e03c7876996c81cede9635,ngageoint_opensphere
8882,972daef7e0468a52bb3e65ad98b04aa090567ccf,ngageoint_opensphere
8883,972f4827bc89ade2e5c61138f60a92fa93f27cbf,ngageoint_opensphere
8884,97301a4392827352d1c271d46344a31a9c220238,ngageoint_opensphere
8885,973064e0706d1384b652d11d271fc03fe5932890,ngageoint_opensphere
8886,9732a8bdcc65fa850393853283d0cc68f1118332,ngageoint_opensphere
8887,97343b1ace4218b6593fcc1fa7f6eb72f07a3c04,ngageoint_opensphere
8888,973cb39bbc719d4b8bcf8e6c279b0e30d3da7bba,ngageoint_opensphere
8889,9741425193f7348e2f3a48ee5fc95c121227e4af,ngageoint_opensphere
8890,97434befe682e0c615e602cf1df44d26dc683661,ngageoint_opensphere
8891,974b4e29c9a7992954a3140a1ea17c2edaacf028,ngageoint_opensphere
8892,974b5c42ebc98f07bdc29c754f1ef88d33e1fd84,ngageoint_opensphere
8893,974c41d43d738567354f07d5923a4648580e6fd1,ngageoint_opensphere
8894,97525b74f2496acbefd2c4981afb5f9a79423308,ngageoint_opensphere
8895,9752e7b26b526672e04002712dff7d6563e5ea2d,ngageoint_opensphere
8896,9757f995454744c568e3b4ab0353df553961ab7b,ngageoint_opensphere
8897,975834c3534259f66a731432606dffac18ea3077,ngageoint_opensphere
8898,9758c0c04f379c0c7f25b28203dab0a7b0e8a9e7,ngageoint_opensphere
8899,975dd6f15958edda7466f352664995b12fabfdcd,ngageoint_opensphere
8900,975f857ae9bf47f6a2ffe8fce10c9985d86986cc,ngageoint_opensphere
8901,9760ff5863451e0e73b39d5cb83e43bb6583c51d,ngageoint_opensphere
8902,9761093cb580faa6c98470d010cd183d27fc9885,ngageoint_opensphere
8903,976d93ec6b49ed405729219cc6ad2863e6f2c480,ngageoint_opensphere
8904,976f1f5e351c94407fa36f58d724ae94ce3c529a,ngageoint_opensphere
8905,976f251ace3725359474133f6bffd376482e379e,ngageoint_opensphere
8906,97778b3e70a3b17b5f7b8c8a0784d52bb19cf0e5,ngageoint_opensphere
8907,9778899cf5e162fbc9642ad719698fd512ed4a67,ngageoint_opensphere
8908,9778ed31c1509d7eee480bbe66bc2599febf9b13,ngageoint_opensphere
8909,977c48745622f1da26d139043dae0aa4cff135a0,ngageoint_opensphere
8910,977e42a0ac567acb288b567e950973dcaf63a371,ngageoint_opensphere
8911,9784ac9e1794038243bc6b52aaec1a165879e4ce,ngageoint_opensphere
8912,97887784617ba5ecd3b437139053f612b318bd79,ngageoint_opensphere
8913,978c3eb8f7815b27e3220752d56f12405c829264,ngageoint_opensphere
8914,979177f17f89b97d201d9b5192914c2550a7d336,ngageoint_opensphere
8915,979c2a0fcdde5c7c131fec2538a0bcfa06da782f,ngageoint_opensphere
8916,979f1346d2f5d755c48fdffc48165d1b2d676908,ngageoint_opensphere
8917,97a1a401105aa2a426c87af7787c1afacec0bbdf,ngageoint_opensphere
8918,97a36b01d0ac7c7a583fecdb6ef5f1f7f3cfcf0f,ngageoint_opensphere
8919,97a39e19c1c7cb2ff0b6c84563fa072b04b1c665,ngageoint_opensphere
8920,97a755fb122dfb203d0c5981c3344866d30d2cc1,ngageoint_opensphere
8921,97a90449fb79fd89614552a5d177f6716f93bb80,ngageoint_opensphere
8922,97ac71bd28e6f07a79784a7168a32e38ee017b69,ngageoint_opensphere
8923,97ad0fad2b95c0f3f46f8bfb6356c95fb318efa0,ngageoint_opensphere
8924,97adbfed660bc3471f39794c0e4b6e72235dfc76,ngageoint_opensphere
8925,97b840b2bb1530a7ac79040f88c403fbf7247eaa,ngageoint_opensphere
8926,97b886950241ad9913a1e805c31b355fc20967e0,ngageoint_opensphere
8927,97bc114a58fa718894b41b3de0098b3719a72eb8,ngageoint_opensphere
8928,97bc29b3812cb3993e936665e35c441bb2f876d7,ngageoint_opensphere
8929,97c25756d7905ed1963f739d8b3e84bf174b4cab,ngageoint_opensphere
8930,97c40696d5abe435931d2cf300555c409e124655,ngageoint_opensphere
8931,97d3d7917a1e62df966d9489bb5678096c606786,ngageoint_opensphere
8932,97dd44853747697d8b66469f675d00b0dac6d99a,ngageoint_opensphere
8933,97e49a8ae59657f0e07db9d81f7be64187f67b9b,ngageoint_opensphere
8934,97eee22cbd675bb980e110002779366e6b9ffb33,ngageoint_opensphere
8935,97f3a8efd7c0d3a8ff5fcb36a39f668cf0406c0c,ngageoint_opensphere
8936,97f4b0e62d31657fc0224b6aa137900a12e4f2d0,ngageoint_opensphere
8937,97fe7c2516beb38b4c6358ee277b4fa6794945a2,ngageoint_opensphere
8938,97ff53d1c8cf91457e8fe95e54a310fed13bfe04,ngageoint_opensphere
8939,97ffb65af63e43bb364e7a206b645f28fa80bb5a,ngageoint_opensphere
8940,9804f37e8fdd23366b561e2405087c7ec2955a96,ngageoint_opensphere
8941,98055e0766d4e74da5b622316683ff6cb7498fc1,ngageoint_opensphere
8942,9808707539e31375f54dcddaf88d64b5711aa146,ngageoint_opensphere
8943,980ec3cacf45606de91778e00635ca283ceb795c,ngageoint_opensphere
8944,9814594f6bf5e2ce89fea0b806d2164576fafc63,ngageoint_opensphere
8945,9815cc03088c16fb717323daa136d00c7adf4fae,ngageoint_opensphere
8946,981cba215b475d85bff46386a1af5c6709ee55a7,ngageoint_opensphere
8947,981d14993b3ba129ad67c3f5a3f9ec5ba0f855c9,ngageoint_opensphere
8948,98241cdf5795aa25388a92835cb83265af5da451,ngageoint_opensphere
8949,982534b5ac5b489fa80c67c4f0f586295b279412,ngageoint_opensphere
8950,982dfff150a381b2ad6d7f9b62e852f416e25d19,ngageoint_opensphere
8951,983ac69b8a77898ea2f26bd4e60911cb4127c0da,ngageoint_opensphere
8952,983bf523540b2efff9de6a6db67a7f535a31e0ee,ngageoint_opensphere
8953,98422202da936bedadb597a749b13056c022fe11,ngageoint_opensphere
8954,984dc325b8b8d7df62141e56002a0a7e8cdbb7ea,ngageoint_opensphere
8955,98510858c73abf9274b2009f616480d6451c415d,ngageoint_opensphere
8956,985917fb833d712ae9862ea06f11eff6d89c49cf,ngageoint_opensphere
8957,9859c092a2fc9fe502a0b190ed68531c9487388e,ngageoint_opensphere
8958,9860168b3677c3a631b4b893a2472e95df00ec2d,ngageoint_opensphere
8959,986323be8bcc1db26e4372e55b217dfd90650515,ngageoint_opensphere
8960,9865e72c8505ef0f160e3ddd2cb72d7437498118,ngageoint_opensphere
8961,9867332b34dd14637b7e09d1f07841e3c207df3d,ngageoint_opensphere
8962,98677be4e1ac87504ddefcba0fae32f166611b92,ngageoint_opensphere
8963,987183d67f9a2a397afef006df3e644c01ab92f7,ngageoint_opensphere
8964,987acd431427fd0887efd3170ee3dfdd01419ae8,ngageoint_opensphere
8965,987e6e4483907aae80d78378a2d59a49e95a19cf,ngageoint_opensphere
8966,988735bdb636f5b59bbd3ee04c7438897efb2d90,ngageoint_opensphere
8967,989851dbdfa82db8cb4e046685deb3f1eccbc317,ngageoint_opensphere
8968,98ac89936b418e60696bceeffbac28ecceee1260,ngageoint_opensphere
8969,98ae632a555058e6a3700c02e9c3402d49c355b3,ngageoint_opensphere
8970,98ae6d11cf884dfed5cc6f0915fdfa466c83f516,ngageoint_opensphere
8971,98afd91895704d695fa2560fa6f8b62fd477f9a1,ngageoint_opensphere
8972,98b3bde5341d3d80b8e91dc41287aaaeea001aae,ngageoint_opensphere
8973,98c28c18ede8e76036d90c2edd056c61a53bbf19,ngageoint_opensphere
8974,98c8703ff3c7651f072c4f47b534be1d03041e37,ngageoint_opensphere
8975,98ca8d3bdab9ec5cc2797dd12f0cd2d8829b4054,ngageoint_opensphere
8976,98ce43dd34daf9adbb442906986aa1349c6fc33f,ngageoint_opensphere
8977,98ddeaf3acd51209d801052fcd19b48fd7a2d4c6,ngageoint_opensphere
8978,98e8c24514b00368928559fdfc3a6493f309d72a,ngageoint_opensphere
8979,98ea2d29ff2a1eaa6fc6a31d6a81288ca61a88f6,ngageoint_opensphere
8980,98ebc0ae0a2c4dc9a26f62a321c8d5e42f218879,ngageoint_opensphere
8981,98ebd468bc5f9d14b67b20cb8fc61e61409cc96f,ngageoint_opensphere
8982,98efca3dbb6aeb711089c30fb67c36ed1dc43f3c,ngageoint_opensphere
8983,98f17941dfd2f01186a8c92d951468bb413ab60c,ngageoint_opensphere
8984,98f198bc9d181e8e741c5e0654afa01b3084ddfd,ngageoint_opensphere
8985,98f75699337fb20d2d483503ecd49fba6dca7f85,ngageoint_opensphere
8986,98fa359b41aaa1798cf29b7596ec0abede90d631,ngageoint_opensphere
8987,98fb0b7114bab33f246428be016203195da21972,ngageoint_opensphere
8988,990620a0e5404e4086862b842d8d4aafeda66eb8,ngageoint_opensphere
8989,990a59f47ed6ff351a14a4df66b2c742f55cc11b,ngageoint_opensphere
8990,990ef09f6792a280f4e38a618391ffd0966e391f,ngageoint_opensphere
8991,9913d79ab9d5e8c38bc5df34aab31420008065c1,ngageoint_opensphere
8992,9914ad24fb929f2c216aff8881bba8a5f2aca43f,ngageoint_opensphere
8993,991b85b031a0a2e1b9517a82cfab540225b3a860,ngageoint_opensphere
8994,991bd231383315541d7e99c658d919874ed87bca,ngageoint_opensphere
8995,9921c8599b6e25b56447f81d33f061be691f46aa,ngageoint_opensphere
8996,9929306b48df5c96086236b3328039440720d288,ngageoint_opensphere
8997,99338c0b7263e05db31eaa03aeca1b12282c30e7,ngageoint_opensphere
8998,9935025b5da5a9994f34bb27a0e0ee5504dd8985,ngageoint_opensphere
8999,994012b9bb613637517c3c149a3a90328bbaa842,ngageoint_opensphere
9000,9945aeef0ac8bfae809938794bab986d914edabb,ngageoint_opensphere
9001,9948d0bd724b2a0a87f2e0ade2a0382d833d4ca7,ngageoint_opensphere
9002,9949ac2094bf7c637599a4ecd7cd7d18984499b0,ngageoint_opensphere
9003,9949ed6c1a627a120a4602550ae87af1c83edca5,ngageoint_opensphere
9004,994b4a95f008aad7d9b331e7825387c9ab127175,ngageoint_opensphere
9005,994bfa715d5c2b5f121ab0ec9d0f3283ca06a512,ngageoint_opensphere
9006,9955bcf175311e1d07bffdcf5e57ad1ef736fcdf,ngageoint_opensphere
9007,9957f1fdf1c86e45066b73bd9ff3223dc636bcdd,ngageoint_opensphere
9008,99591cb60422f420575ae4f1c8f11a36754d7fa7,ngageoint_opensphere
9009,996004b1789c6a7d5012f62dbf46278f714b99f8,ngageoint_opensphere
9010,9965213f10cd1ca57bd61df3d2d0d9250de18974,ngageoint_opensphere
9011,996a66870e8be221667043f39c191d0cbd76da17,ngageoint_opensphere
9012,997d11520f22f5da3bf7e9f5661d0120f08e0e02,ngageoint_opensphere
9013,99807ab59e412a1bcdac39fe43a58c5e0d40a531,ngageoint_opensphere
9014,9981ca539da49d07efb6604b77027170240cde17,ngageoint_opensphere
9015,998315727688d1c64d4384d39c738632978d44bc,ngageoint_opensphere
9016,99832770c3ea321896d557df9051c590153f86c1,ngageoint_opensphere
9017,9984dbea0d9c58490c5bab6381ec1bb1c7f78ad5,ngageoint_opensphere
9018,9987e957339638f428a22ca09f43229a5132bb5d,ngageoint_opensphere
9019,998ddcaf8422c905ee459b7754bb35160b53ecec,ngageoint_opensphere
9020,9993c0a3d8b0bd285b93136a61f625bfd837a199,ngageoint_opensphere
9021,999d403fd55d887cb47999098f7fc43643b8e7f8,ngageoint_opensphere
9022,99a01646b65ea215b3ecea3d9c1f1513a8b29c9b,ngageoint_opensphere
9023,99a119c2c4726880f9bc3fc417ddcf20c3788da9,ngageoint_opensphere
9024,99ae44c2dbff768a6d203f08ea8119560b21cc1f,ngageoint_opensphere
9025,99b0afbbaa9df366b8c3428a7647a4701d630eb8,ngageoint_opensphere
9026,99b20737a4ccfedae13e0c9eb1af9372f7e661d3,ngageoint_opensphere
9027,99b71d32d044a0c0d69cf46470bf3f725a541668,ngageoint_opensphere
9028,99b8254dd52c67ad4f87541d7b5f8ed428666a91,ngageoint_opensphere
9029,99bb79c803ee31d7f3c9d68431bc3ffc54ebcca7,ngageoint_opensphere
9030,99be75a103f482c8b2dc97ab21cb97165b707988,ngageoint_opensphere
9031,99bfde9b7bae30b8500e0043198d75463addd7f2,ngageoint_opensphere
9032,99c58a9c64ed1d7363e8de0461994e4b93a6bc35,ngageoint_opensphere
9033,99ceeb33b46fa13c1244229973f212b8a40db8a3,ngageoint_opensphere
9034,99d00fee3ecb3f11bca00e017533410317ea1991,ngageoint_opensphere
9035,99d55c91e560bb870edf4a9ad4eb5fe99aabb04b,ngageoint_opensphere
9036,99dc19b3720f6cabf237b76b0acc8095ef21deb9,ngageoint_opensphere
9037,99e39719a465c0088329c1fa562d5ccce3fbaae5,ngageoint_opensphere
9038,99ed96f6cff9ec29a9b45ef191e44f150a9dff51,ngageoint_opensphere
9039,99f296b6a6a4d3741698aed2c62ddc852d404325,ngageoint_opensphere
9040,99f7c4684f8e6ad9121d8ecd994f14c00c8b20f8,ngageoint_opensphere
9041,99fa04c6363ccb7452494130e97f94ba6bf5d561,ngageoint_opensphere
9042,9a00715a4dcb9d0099acbb2ba4f440963eeb73d7,ngageoint_opensphere
9043,9a0079e7cd87224ec45cbe4c80e92af4390f6e7c,ngageoint_opensphere
9044,9a00aecd8c8f38e4eaa497f33b7c3e4ca9d1696a,ngageoint_opensphere
9045,9a02284f7d90113e40daa1188840d6ae0ef062a7,ngageoint_opensphere
9046,9a05f7e4e4bc4a689f93a2292568a51a438531e4,ngageoint_opensphere
9047,9a0eac7916735484a28f4eabc490ba697984f7f5,ngageoint_opensphere
9048,9a0f92a882e4cc760806836f9f507d8438309e08,ngageoint_opensphere
9049,9a1050700b6d83ecb6570010372513543103621b,ngageoint_opensphere
9050,9a147674973b16e0b27c6961aa6f5c73ae4e145e,ngageoint_opensphere
9051,9a1b140b1c0ea4ad48db2007179194c7210017a1,ngageoint_opensphere
9052,9a1ceb24bfea20d22081e85cf1a0ca710cac4c86,ngageoint_opensphere
9053,9a21f0a38ef43806c7d26f9d6fa0d978b595d49f,ngageoint_opensphere
9054,9a258bce52c782a2002ecea7b377bb0a3829be63,ngageoint_opensphere
9055,9a263e7899ff9a1d1e97da5e458bd1de869fe4f5,ngageoint_opensphere
9056,9a28cd5d5d13faf3c1be6dbed367f8132e234301,ngageoint_opensphere
9057,9a28f1f5a3b1c2f70159ffcaa41496b1652bbbd9,ngageoint_opensphere
9058,9a2cb87b214132e299e3f803570bd007e4bd114d,ngageoint_opensphere
9059,9a2e0916f44b2e27958faaa209414807c3100afd,ngageoint_opensphere
9060,9a2e80f4c9c5562099d9d1e0d3b4076d2e52ad0d,ngageoint_opensphere
9061,9a35b2f73e959473b8bde4877ea52015854312dc,ngageoint_opensphere
9062,9a38a25a48ae60e6ca6a295186646b71f7c81bb9,ngageoint_opensphere
9063,9a3a316a61f9757e17e6d4e8bdc22b3a2855018c,ngageoint_opensphere
9064,9a3a328428ebf67744ea1a5697fe7e208bf4ff3d,ngageoint_opensphere
9065,9a43e670926a38040370e40b7dad25a71034104b,ngageoint_opensphere
9066,9a46940336e4355ebc2f623cffed06bbb7924c06,ngageoint_opensphere
9067,9a482f66587dab4094978af4cce8b66fa05d90f1,ngageoint_opensphere
9068,9a4a5040ba10b4386750b593b13fc0223d32573c,ngageoint_opensphere
9069,9a5a26d5befbd5b24ee6e225e9c95ff16a0e5bf1,ngageoint_opensphere
9070,9a654833a81e6658d48811feb5690ac0fcec1bef,ngageoint_opensphere
9071,9a7347f64c75cc8ca7bd86cc730333be1e323379,ngageoint_opensphere
9072,9a81b5c8a096868b4c0612d152b9b01eb1bc5ce0,ngageoint_opensphere
9073,9a83ffd8a4e5feeeea5468701b47c456762508f2,ngageoint_opensphere
9074,9a85d621bdd0b4df1c5eccd7d1604f5c4287f942,ngageoint_opensphere
9075,9a866de498f9eff9df769244dc3f04590d30d4ca,ngageoint_opensphere
9076,9a917c70d4bdc5fa7e4188a9158e6e22c762f414,ngageoint_opensphere
9077,9a95427390a88939962448599d5ef5682733b065,ngageoint_opensphere
9078,9a97669e5c1093bec24909d80b3bb7d81eff3777,ngageoint_opensphere
9079,9aa5e5cb0ea2f2379999491ed631510eb0413f2e,ngageoint_opensphere
9080,9aaf8aaa3eebd1d1a0d074376315f75844623c76,ngageoint_opensphere
9081,9ab6e9a0b5892178377de213a605de79685bd9da,ngageoint_opensphere
9082,9aba181b5066d86eada4fdcacba81c9c2457fce1,ngageoint_opensphere
9083,9abd7e38e7dc325e7ac9fa13abbef5534d5c9d2a,ngageoint_opensphere
9084,9ac35535435e2a4a5c366efd1397a18a6b478ebc,ngageoint_opensphere
9085,9ac3a858a9d1d0941cd0046429633c6af502dc77,ngageoint_opensphere
9086,9ac76e655ff980ae411e606407d54f04edeb60c7,ngageoint_opensphere
9087,9ac819565f07225542089c860fd44b2bfed29666,ngageoint_opensphere
9088,9ac9f0ce2a7bfdc25c48b636aa5c068a260dff10,ngageoint_opensphere
9089,9acbf83905d0871eb5c39ae8aa2367226289eec2,ngageoint_opensphere
9090,9accec52ae45a8ad15600121aed05be757e41e61,ngageoint_opensphere
9091,9ad5f218812bb49ae61fbbc666c4ede9ba5b2964,ngageoint_opensphere
9092,9adde8425d5df8ff825384f7d0f0fd0713311400,ngageoint_opensphere
9093,9ae543426f4d66ac95226289fab3d1d59736fad6,ngageoint_opensphere
9094,9aea8096c3eedc1e17af7fb3f322abf0bbcb043c,ngageoint_opensphere
9095,9aecd97a4d758d6bd2142d7e1757f8e0352d79bc,ngageoint_opensphere
9096,9af13d68a6f8e1ae5ca52c4ef4eb28e56b813289,ngageoint_opensphere
9097,9af1a664daecbd9b563ccc0a59d391142f981b77,ngageoint_opensphere
9098,9af5032fea3cb11f5dc976c95979ebd5655bc881,ngageoint_opensphere
9099,9af583ba26254253751b969d41f1a23202a26498,ngageoint_opensphere
9100,9af6360cfda44f8cd59de79c8e3a5d0aa4bf4ae5,ngageoint_opensphere
9101,9af63a1349b39e886f1b304b55e9db59031117b2,ngageoint_opensphere
9102,9afbb7cf8640cf4e91f0fda9ace172b87d44e94c,ngageoint_opensphere
9103,9b01ecb46e0f6563b28f945e91d14f8ee562014b,ngageoint_opensphere
9104,9b0409e48f7978229efd52dcf7859697160162c4,ngageoint_opensphere
9105,9b09476380499f5e4e1b118960192f044045d4e8,ngageoint_opensphere
9106,9b09d76558ece0ff0552a38edd045f94d1fea6c3,ngageoint_opensphere
9107,9b0ae01f932b0e253ec140601dad38fa2285800c,ngageoint_opensphere
9108,9b0b8812b7a20fb8e2d605d2588c59058720e793,ngageoint_opensphere
9109,9b0c3b0c55f2fe77c86fca2cadb66240033f8eb4,ngageoint_opensphere
9110,9b19f399f9937eba615fd8aef53b93caa334f0d3,ngageoint_opensphere
9111,9b2665898f08ed16fba1f592004e19322c1fa8a3,ngageoint_opensphere
9112,9b29a5c3d18fcb826f15d46efc1ed8402726438f,ngageoint_opensphere
9113,9b2e036941ecb0bd6586d105e57306be21930fa8,ngageoint_opensphere
9114,9b2e094aee20fb07582228033928d44f34deeb0f,ngageoint_opensphere
9115,9b2fb65154c77df2b43df69a0405ca098d60a729,ngageoint_opensphere
9116,9b33c10001816e0f86fad062276374c159da3894,ngageoint_opensphere
9117,9b34b5335b6b2a762f460d279aa79ac574b21a05,ngageoint_opensphere
9118,9b35b11619eb643bb3b933508be23698f7d1b898,ngageoint_opensphere
9119,9b3afaf2ea937624afb665bac874ad6740d99506,ngageoint_opensphere
9120,9b3cb333a2e916c64f38a66a09d2a08dc4009f60,ngageoint_opensphere
9121,9b45ef5512d4b9e6833fa3bc431b1422c440fa5c,ngageoint_opensphere
9122,9b49ab48effc2f975056d6d37621037aa8ffd52a,ngageoint_opensphere
9123,9b4d319f6df86eeb806174daa2c28844730e0cb6,ngageoint_opensphere
9124,9b4d54afd40b60983b4736ebdc9c0d0f9c7b0fce,ngageoint_opensphere
9125,9b533633cfe416f7b138bb4ded8434e9ec0cc6f3,ngageoint_opensphere
9126,9b5eeef84e62e53c782bb0fcf5c3293e331f9abd,ngageoint_opensphere
9127,9b5f249b17d143f5c70999db77bc21f91a4aa86c,ngageoint_opensphere
9128,9b61b295d988274a5c318e9bf8f87ac0502dbace,ngageoint_opensphere
9129,9b63d91c76e889499156509b1a32d8240d840c17,ngageoint_opensphere
9130,9b67bb08df5d1f4254366b882b47a2af0fcbf03e,ngageoint_opensphere
9131,9b68b9179a7770ceb9cdd079e8558cf056fa2f03,ngageoint_opensphere
9132,9b6b241ff94b58e9dc6427949a91d6dfc6c767ee,ngageoint_opensphere
9133,9b71748062112588858eebf2751f46b6a443e4cc,ngageoint_opensphere
9134,9b7724fae802b5c4557bfed76a4881d0db1734b4,ngageoint_opensphere
9135,9b7fbed063e138d7032d2fca191718847bc9cae6,ngageoint_opensphere
9136,9b81da29333a7177ddfbb1d3c787d6ca45e349f8,ngageoint_opensphere
9137,9b8926c2faf3e7fbde16be95c13201e8d2a5c995,ngageoint_opensphere
9138,9b91e471e56cb8827fbb9750f6900ec41e0ad6c7,ngageoint_opensphere
9139,9b92844ecc310919b1c4b6fc3f2712d0c06699cc,ngageoint_opensphere
9140,9b93723221965bea09cf0e2d28c407bbf92a903e,ngageoint_opensphere
9141,9b9590c2e74b90e34c0ab1ae5f872f63e65571f8,ngageoint_opensphere
9142,9b9a127d12b570a57fa947aec8f50a8b732c7a8f,ngageoint_opensphere
9143,9ba097f45bfbda1500ea849fca33cd9f0bc157ed,ngageoint_opensphere
9144,9ba37f480a35e78f9d42900b886e53612e937ec9,ngageoint_opensphere
9145,9ba47418305bee8ca2b566b6c56f0be50577af16,ngageoint_opensphere
9146,9ba5169ac4aa8c9151d1fbe2d960666fa0bbb449,ngageoint_opensphere
9147,9ba5579b9de989e8bec78f39bdceb9372d7f7142,ngageoint_opensphere
9148,9baaab2fbe7dd5187757e65c4595689540133206,ngageoint_opensphere
9149,9bb12b043414d8978cd9ad70d06e4b3d28c0b284,ngageoint_opensphere
9150,9bb50bb6d3a143ca9d6d6105b2a4af33c2e3137e,ngageoint_opensphere
9151,9bb6679662824bd1147e1aa8849a3a061d497b0e,ngageoint_opensphere
9152,9bbbdb8110d80ae7be41af1b45cfee7253c99520,ngageoint_opensphere
9153,9bbcc7863d0f85b7ab82521a80ea3caad89e9637,ngageoint_opensphere
9154,9bbda1ebe6566d0cdbda167a1071fa4e86e9b8e7,ngageoint_opensphere
9155,9bc42bdb180cf4cc5c40977d5366cbcbbae73ec8,ngageoint_opensphere
9156,9bc503f31d80cbaa8051e46bcc3f9139f2a9d632,ngageoint_opensphere
9157,9bc6d73e7ac65c5e2cf4aeab50a69c0fccd7a2f8,ngageoint_opensphere
9158,9bc732c09bfca9b6cd7821b3131589a2489c4e75,ngageoint_opensphere
9159,9bcad070bfd894b393e030c44191faed20dc257f,ngageoint_opensphere
9160,9bd0c2bcad6e8735eb58fc77f1fe2034f7e9e123,ngageoint_opensphere
9161,9bd85bdd3404e4aa73db252cd167d751d84bc6aa,ngageoint_opensphere
9162,9bd863bdd7c9251e0dee33532d64ba8f05844209,ngageoint_opensphere
9163,9bd9f9edda6f0ea28721f9569abbcda61651bb2e,ngageoint_opensphere
9164,9bddbcd9da76e87aef3f05382c0d6bbe56a6df22,ngageoint_opensphere
9165,9be087da4dee108dae118e6fa7e3ac1da862de32,ngageoint_opensphere
9166,9bf8211afb28d074eef60817f07fc40df4decc38,ngageoint_opensphere
9167,9bfb399b50a9e011694e089c1ac4445e77ef2470,ngageoint_opensphere
9168,9bfcf83a602f0d3c6fcb3325ae47b486b0c73176,ngageoint_opensphere
9169,9bff46966798706a2e439cb4bd4f9f9a60ffb204,ngageoint_opensphere
9170,9c03c7849be0d120c0a0606786e7007d6d962f09,ngageoint_opensphere
9171,9c061796fadca2986d85de75c7ec26a6ccbf2f35,ngageoint_opensphere
9172,9c0d5ec2c56b1247f413b321ef419d38d2f2faa4,ngageoint_opensphere
9173,9c0fc64f11ce04270b1d7c8ca617f4a0a6553a02,ngageoint_opensphere
9174,9c1033de90c0d2250bda2ed37c4a00600617436d,ngageoint_opensphere
9175,9c123eac8bdb6ec44ea15fa63c994033076b8e3f,ngageoint_opensphere
9176,9c127d92c4857b5c76f1c754f8858ba4c412cada,ngageoint_opensphere
9177,9c1525fca4d582295b51fd3c256e19342763b4d7,ngageoint_opensphere
9178,9c191910e2f09cf31339b6875b71cd43c90f303b,ngageoint_opensphere
9179,9c1967ad58f5e9edb0947824d611666a6fff34d5,ngageoint_opensphere
9180,9c258ddffdf4939b42a67ad071a92f5f05b92594,ngageoint_opensphere
9181,9c2e4be040d54a06f3e4f6f4aa2caa9eaf131710,ngageoint_opensphere
9182,9c3581c6d265047fb8e09ce8b0abdbc2c7fd8b65,ngageoint_opensphere
9183,9c3bf74e804617767294e0d4b7fcf72daecc72d1,ngageoint_opensphere
9184,9c3e82a807fd3af8e7687aff7beb2f928e831bba,ngageoint_opensphere
9185,9c3fe173ca086f8daf54c3474200671bde7953a2,ngageoint_opensphere
9186,9c401152fe278ab52f067cdeda3e398b36e8003c,ngageoint_opensphere
9187,9c401add105a8997ebd84398974cf155865ee699,ngageoint_opensphere
9188,9c41a6e4b61842cac155e77da66972ab18f9758f,ngageoint_opensphere
9189,9c4397685f78ad37786f786ab2e8915ae23f92f7,ngageoint_opensphere
9190,9c45d3e432701899837e6ac8d52a2208e640915d,ngageoint_opensphere
9191,9c4c118e3eb3246e76fdbc766b2317b8cb3182a0,ngageoint_opensphere
9192,9c4cf52985303a04bd07dfe53a928ca8b4f6114c,ngageoint_opensphere
9193,9c5afc20e446af628558d320b7809986d1501004,ngageoint_opensphere
9194,9c5d0d0bed3bfa90d7eb590e30c1ffeb7a7dc0ae,ngageoint_opensphere
9195,9c5f9f7666ce1cddcb841cbbe43164cfd607bc99,ngageoint_opensphere
9196,9c66a53503fc4a3ae96b772e8a00ca4dfeb2094a,ngageoint_opensphere
9197,9c6cec6bca58cb1535b03a00359afc20ef7db661,ngageoint_opensphere
9198,9c6e7cb63f1b3ee98da2a4449bc25c827bae9391,ngageoint_opensphere
9199,9c6fe2ab1f16a4e545442723aa922b33f5fd0242,ngageoint_opensphere
9200,9c72f16a6dae56386a893f8ffbac3d5153a8f65c,ngageoint_opensphere
9201,9c7ac65a15e38e434b9f4b2d13e8db2a63228598,ngageoint_opensphere
9202,9c88aad5dc78b7866b838848ded05682b3f3d1a1,ngageoint_opensphere
9203,9c8d27f051d22b24572910d011109deeb3ff8bad,ngageoint_opensphere
9204,9c97134de1741bf95ee1907c8079ad6cce09b024,ngageoint_opensphere
9205,9c9f69e8b108e386731142d98dfbb91e9905965e,ngageoint_opensphere
9206,9ca6f6dac82365353cdbcb2cd70f37dad01119c9,ngageoint_opensphere
9207,9cae40a21ef9b7e09c093c8b289edafdef3faec6,ngageoint_opensphere
9208,9cb9a82ac456b4009d042c1ea88831d98c1e4bf0,ngageoint_opensphere
9209,9cbb7cdfc17a9d6a1dc32451d03429da4868e226,ngageoint_opensphere
9210,9cbf459499efeab5161aeb8449542432db004298,ngageoint_opensphere
9211,9cc18886b4229d0cb8e998db895959b882fde252,ngageoint_opensphere
9212,9cd17cc4efd2a5bbc042aa88f33ed18f1627ab5a,ngageoint_opensphere
9213,9cdf3f95d484213c33b13fc2c75b1b27feda4e22,ngageoint_opensphere
9214,9ce2bd8e29f7fdcff19b84cfaa5afafc648072d2,ngageoint_opensphere
9215,9ce40221ffa29842be0fe619a55a7d49034ad69b,ngageoint_opensphere
9216,9ce42174af82479280d4ffe838cf4524a31aa2e6,ngageoint_opensphere
9217,9ce5fb857a39f03adbdcf3e5df3c1c1a9dee2309,ngageoint_opensphere
9218,9cef57f267c72bc4ce628e8f6d2f08e918ca7cb8,ngageoint_opensphere
9219,9cf89aa372c2a525c853b74edbbeff06d4a921ce,ngageoint_opensphere
9220,9cfd8c66d5e21a97e2c03e2caab759ca7a2b6ca3,ngageoint_opensphere
9221,9cfe7af0b0f8c1778237e0cb21be870b8cf6c821,ngageoint_opensphere
9222,9d077ed10e3f037682443449d2ee0c0b9425a047,ngageoint_opensphere
9223,9d0acaf00e852082b68aedc369bb578a4166d9c4,ngageoint_opensphere
9224,9d0ea5fe30aabc150b064fcfa2412bfe34e9573c,ngageoint_opensphere
9225,9d15d85951808a63cfdb902a33150d6be9aa9a86,ngageoint_opensphere
9226,9d175b1c4d016108e5c7eb9c2c829d6e863a90dd,ngageoint_opensphere
9227,9d1cffcfe6d14dc00f5ec93d85d9d639ae27df9e,ngageoint_opensphere
9228,9d1faedfb952c07df46648762d85cbac093c12e3,ngageoint_opensphere
9229,9d2c2bcb2ff53b442cb55b57bee9359766a69fbb,ngageoint_opensphere
9230,9d3335aba19c1a18b7babf19a40be34410237b8b,ngageoint_opensphere
9231,9d399fec9880764703fdeb2c22be361f2c193d5c,ngageoint_opensphere
9232,9d3aa956fefeb8c9fc5075087c9d26846a478c62,ngageoint_opensphere
9233,9d3ae29cfe62b2c3ee43f58dd626c65320ddc600,ngageoint_opensphere
9234,9d4128a428ffb9cfa177f0444f9fa493b631cb52,ngageoint_opensphere
9235,9d443b10f59d1c6f5c9cf7222bc6a65300f2f079,ngageoint_opensphere
9236,9d44fe116afaff2d7526630ef04be2b826232461,ngageoint_opensphere
9237,9d4a2ee74d9a5f955956175c8c624f8cb14558e9,ngageoint_opensphere
9238,9d4b0829930c0e559cc3f911300c86d9416757cf,ngageoint_opensphere
9239,9d4c651bb0d3b90db2e7b0c18464363438bdc6f1,ngageoint_opensphere
9240,9d4e7dbc0270d9eee7a941653a0b52ad9da100f3,ngageoint_opensphere
9241,9d536c73c8a390e30bd200b690070afa46b9d5ce,ngageoint_opensphere
9242,9d5e46acab990b60bd6c639c9bde6f08c51239af,ngageoint_opensphere
9243,9d5f4825b11d84fefeea9d0d696fba93aeb63001,ngageoint_opensphere
9244,9d65f7676dfef45e5bf3d25168b33f1e46e27590,ngageoint_opensphere
9245,9d71cef65f450ec7a16f5a62e7ce9a5c0c517689,ngageoint_opensphere
9246,9d786ff2e4b6e59d83609fc44de381350f630541,ngageoint_opensphere
9247,9d7b2887b52d90b894281f5df4e9ffc2bd72fce5,ngageoint_opensphere
9248,9d7c3fe0b832573d51bc76e3f0a91ef3f4c581df,ngageoint_opensphere
9249,9d7d7dbaea8bb7de4dc07d9f55ad30162aa0a2e0,ngageoint_opensphere
9250,9d83f4471d36dcde3d0016df5ef351de00b961c4,ngageoint_opensphere
9251,9d868111a06abf059e9f48c8f2f1f448b566b144,ngageoint_opensphere
9252,9d86b3891183a2294343ce49828199ea6e1375ac,ngageoint_opensphere
9253,9d8b007daa9c4bf64cb714ef07d75f472a5cd3e8,ngageoint_opensphere
9254,9d8ba090e7019549f6f68cf4c874bb8d1e072ad3,ngageoint_opensphere
9255,9d8ca44614746c95b9cc528dfc615f5c3a193e58,ngageoint_opensphere
9256,9d92013c834faca01c39c1eb8180565b0ed786b7,ngageoint_opensphere
9257,9d93323992d07c10ad0818e54e9794f7cf6d5b5b,ngageoint_opensphere
9258,9d9530d2f8bffe50a5a049b023ad9c2ab7194625,ngageoint_opensphere
9259,9d9c8fa9ac34b1b67937732b35c1b34c96d16bb5,ngageoint_opensphere
9260,9d9e331f5f148a471ecb23c92afefb7263380947,ngageoint_opensphere
9261,9da0ffca1c8282861a5a967ccfb542b8c739a348,ngageoint_opensphere
9262,9da16eb729b413fc80c4a4c744f7cee4abb4ad90,ngageoint_opensphere
9263,9da20c2cd79d6dd1b25f02a65f358f3c454b82ad,ngageoint_opensphere
9264,9da2369310b478020c10dc4a49be2bc712a4a261,ngageoint_opensphere
9265,9daaace041fa5ee3039342e52a948bba155e9d8a,ngageoint_opensphere
9266,9db01174cf643f974831325b41cc9644f4e1d994,ngageoint_opensphere
9267,9db13d9780890a07f72d9d1ea49013031f07cf9a,ngageoint_opensphere
9268,9db5ffe7b341241f2bdf169f424d6d69e1865377,ngageoint_opensphere
9269,9db61bfcbe08fe544dd4fcb9a925a6f32589af48,ngageoint_opensphere
9270,9db86d2a357e905da9eb7c9bee339833926c62d0,ngageoint_opensphere
9271,9db870b0870c8abe8900481213748e2ee52c3e7e,ngageoint_opensphere
9272,9db9142908906b0ceaa714559a5cc5f849d3b9b0,ngageoint_opensphere
9273,9dc0941f0b54f87ecdf5a3d798f434cfa2128e99,ngageoint_opensphere
9274,9dc2a8a141268bfbadc8350cbc4d00b53e2558f8,ngageoint_opensphere
9275,9dc34ca686822014c8d4c146c677aee8be652319,ngageoint_opensphere
9276,9dcebfd159ed48948a4b660987815bc492bffe3d,ngageoint_opensphere
9277,9dda3ac66096db92bbce2dbd7d22611d4996d8c4,ngageoint_opensphere
9278,9ddd82b7ad6fd9a28559dbb4450549835eb95427,ngageoint_opensphere
9279,9dde85b9f1d1bc77abc8a61a4e4ebd0558dd723e,ngageoint_opensphere
9280,9de68677605b1011e3f75813981b79e02d4a1707,ngageoint_opensphere
9281,9deb52fc8a4a8d55e3ab47227fa5bd71e6b54f40,ngageoint_opensphere
9282,9deb6bf81ba6279d47f759276627f67907869251,ngageoint_opensphere
9283,9decfe34b9a827baf2573b14991d319ddc0b49a5,ngageoint_opensphere
9284,9df0feb1f219b0f4914dff81980c9ae616fcbab7,ngageoint_opensphere
9285,9df9baf5422842dd67920aa8022e9fdbdf032799,ngageoint_opensphere
9286,9dff02dd1789b814e1191b17f174f228c8526358,ngageoint_opensphere
9287,9e005fc1ad3bdb1d0a8cb411a37b75d51985526a,ngageoint_opensphere
9288,9e03a6767f35e8925b0486d22b103c5ed60735d5,ngageoint_opensphere
9289,9e0709a38ade49de04534a03adda194b7b4b7776,ngageoint_opensphere
9290,9e0bc1d3f112ba14bcbd2ad83b1ec4cb8e35a5cc,ngageoint_opensphere
9291,9e0c114bd231fa61a9d40cc4117bccb2101fdf89,ngageoint_opensphere
9292,9e0c6844ee17aa85a9f99bcb0c4287e31aa02206,ngageoint_opensphere
9293,9e121d2a5486e652925104db9557283a1196858e,ngageoint_opensphere
9294,9e16c044841d392510172a7f11c47ed7b5929bb5,ngageoint_opensphere
9295,9e19f24314556ecd2f9ad34c6dd7fcad18560dda,ngageoint_opensphere
9296,9e1ee9e5b66aede369fffbb8df59661dd8fc64e6,ngageoint_opensphere
9297,9e249388b9fae9adcc2dc070a80b1d1655e2afd9,ngageoint_opensphere
9298,9e25ece0fb1344fd68fbebeb4e48915e00f77a4c,ngageoint_opensphere
9299,9e2c577d2c63f35afdc2cfde434188476ba2fd63,ngageoint_opensphere
9300,9e30bdf207ed174ac1b0e0a812ffc023fecac375,ngageoint_opensphere
9301,9e33af2c9fd3cb47b8f22df5dbb70f704bc8ca18,ngageoint_opensphere
9302,9e33faafdf93a59beef37edf24030e1d8dc883f1,ngageoint_opensphere
9303,9e342661f67362b02ec1b211bb63dba20aefe3bf,ngageoint_opensphere
9304,9e3a14e8b81a2b563fcceca28e09c03925d883a7,ngageoint_opensphere
9305,9e3aef3bb5bc1d36c438923e11c2eabe84e7d4eb,ngageoint_opensphere
9306,9e3c98ddb1c247dd6e489c97139c68db56e1c8be,ngageoint_opensphere
9307,9e451eb7592b8dc494047d40db6304ac7c37bbec,ngageoint_opensphere
9308,9e463843ad6bfa57eeea27445ede28516680dc12,ngageoint_opensphere
9309,9e4a28b8df26b36f9e18b56adfed3b20c8a0166d,ngageoint_opensphere
9310,9e57288c72da481d8028130faf3a6d414fbc3f15,ngageoint_opensphere
9311,9e5925e10f154c5030a93c77b3af377859f81dc8,ngageoint_opensphere
9312,9e5a91d8803bf4b3b5460f959086f17be672973d,ngageoint_opensphere
9313,9e5c267502d90054727de3e4141b694ea6070fd9,ngageoint_opensphere
9314,9e5ed9a381d0e59e01eef23ee4c3828ef6e1bafc,ngageoint_opensphere
9315,9e68494b8516e34db43d1181beaeb90595f3d44b,ngageoint_opensphere
9316,9e6d676c260d9a5421a53eec787689857b250b94,ngageoint_opensphere
9317,9e7017bda189bd8665ff8785d60b3bfdb3cf2599,ngageoint_opensphere
9318,9e734af3477bbc633bd597298b1566e93e607328,ngageoint_opensphere
9319,9e7b4f60dd296b18cbdd5763700c88d6f41d1e76,ngageoint_opensphere
9320,9e7bc71770bfb6412e3be243bd36ae82d87d010a,ngageoint_opensphere
9321,9e7ebbb18e670401d714caa26c545214e43481e2,ngageoint_opensphere
9322,9e8c46bcc14a8aac855e927d378aae1f763ae5a2,ngageoint_opensphere
9323,9e8c5bc471c6248a119ed1784ba1f1cec19df59e,ngageoint_opensphere
9324,9e8c88f5b898d6f06587568b2de2305de18abeed,ngageoint_opensphere
9325,9e8e783f32b406f808b325fc770e5c11dce2feaa,ngageoint_opensphere
9326,9e9442cafbaa1bef8d24701f38476a5a3e0ac537,ngageoint_opensphere
9327,9e95528fa033d62fb1c497bfd3f7685a1138aa08,ngageoint_opensphere
9328,9e9eace73114a04b2ebc5e0ad401e42f47ab964a,ngageoint_opensphere
9329,9ea05af370c121a961a86dab62d8f05f0981baa7,ngageoint_opensphere
9330,9ea10ea93ac6833e28ddac56d1ba84d9460cee5d,ngageoint_opensphere
9331,9ea4fe7dc8bae5691fe0e269c9e0bfe5c8ef9f07,ngageoint_opensphere
9332,9eabb888032e96c14291dad003f0872c379f9224,ngageoint_opensphere
9333,9eae91abfc52c3cb5c6ed70efcde8ee66ac1f9b8,ngageoint_opensphere
9334,9eb0dcedaf4fa1e6b87fc911c4db46b947cd0dad,ngageoint_opensphere
9335,9eb2a06bb92a5b6acbeb92db90759575b1b843cb,ngageoint_opensphere
9336,9ebcb4796a3235ac15f8327a353478aa30ae7011,ngageoint_opensphere
9337,9ebeaf6c578e80ba4f55685a8dd9b3f59ea76e98,ngageoint_opensphere
9338,9ec13be4055708346df4ac830023444fb164397f,ngageoint_opensphere
9339,9ec34934bd4ecef4af504459ac235c5379034296,ngageoint_opensphere
9340,9ec9012c065869f37b614bba135ea94e8991f381,ngageoint_opensphere
9341,9ecdee76b120f8ab0e4555e3602e20658bec1b87,ngageoint_opensphere
9342,9ed95e104be32c3f0df7e77c1930be376b5e92c9,ngageoint_opensphere
9343,9ee6abe9beb73e77800ad47d3211bda922584dfc,ngageoint_opensphere
9344,9eedd7c0e36bae18a6742f59806a9f7e2627ee98,ngageoint_opensphere
9345,9ef5a83af83cdf2df91cfeb57ab74d926153cff4,ngageoint_opensphere
9346,9efa732a4276d6e5cf0d466f037a1cce91820a9e,ngageoint_opensphere
9347,9efc94c59cb0ec12864e277c77e44487851eae79,ngageoint_opensphere
9348,9efccacb521be6b1c78ba31f653536ec19fcd3ac,ngageoint_opensphere
9349,9effaed58de7380973bacc63aea808aa552bf032,ngageoint_opensphere
9350,9f0066e6b6508d9f8dd5f2a81847797c9a15d30b,ngageoint_opensphere
9351,9f073441a6d2ae8460d009208cd8853855850816,ngageoint_opensphere
9352,9f196574356e719da5169acb6ec31e2e7113cb6b,ngageoint_opensphere
9353,9f1ccec197c61e25681de722784adbd385f282cd,ngageoint_opensphere
9354,9f2a49e35e1a6c7053fd2713f582f2e195d67a72,ngageoint_opensphere
9355,9f353b5b93be5a69225683432f342794316ad23b,ngageoint_opensphere
9356,9f36c0e51c967b792d539ece5826a6145474f054,ngageoint_opensphere
9357,9f3b918935e2f455cdb77baae343178540a3fd6e,ngageoint_opensphere
9358,9f438f00e320a82e52e6fae83293f80c53464e6f,ngageoint_opensphere
9359,9f4f8b94cad4869925f8a49f61007fb434a6cee0,ngageoint_opensphere
9360,9f4f92dcd0a616816c3434eb1c41a6c63f9ccdac,ngageoint_opensphere
9361,9f50d6e14a9cf45fc148e5b67e7284cfd3be9c75,ngageoint_opensphere
9362,9f510806190c86eb9e4f5177c9e2e5c8938904d8,ngageoint_opensphere
9363,9f576a00829ab6277e77b50d895b0b456d90f38e,ngageoint_opensphere
9364,9f5909a3c517779869a859bcaa1b8f9d17fdba57,ngageoint_opensphere
9365,9f5c0afb3d0f808854048bde0b9322ef2adaeeb8,ngageoint_opensphere
9366,9f5c998bd2a606ccc0f94bf53e4ea6eaac1b9f8b,ngageoint_opensphere
9367,9f5d13e3f8fa0310d7913c8545360f172c573b4e,ngageoint_opensphere
9368,9f5d6084a7c90bad5aca04b23c1379cdee703a73,ngageoint_opensphere
9369,9f632161c3f14b31f1edd2f721150bbee43179c0,ngageoint_opensphere
9370,9f637fbb672f0d7affddb0346a3c0bd69d63bc8f,ngageoint_opensphere
9371,9f655338f2e575f060431347b4c8c20f608e0b62,ngageoint_opensphere
9372,9f6c45a827021419870cbda140a51d42800b7e9a,ngageoint_opensphere
9373,9f85530611dc7915d84a183514105b6bb350c824,ngageoint_opensphere
9374,9f8574a75c8f2fb246b03efec567467dcb58da61,ngageoint_opensphere
9375,9f8c272985088a661bce124435d708afc02450cf,ngageoint_opensphere
9376,9f91065ae483086b882500f45585b3ed8127082b,ngageoint_opensphere
9377,9f988211ce322444d9368fc1c7f3563b3b74b52b,ngageoint_opensphere
9378,9f9991a9e0b35e187419b49098fbad246ea5cdab,ngageoint_opensphere
9379,9f9be5317c6e9178fc731e340a0f08204e02eaa9,ngageoint_opensphere
9380,9f9c069c6ddd1429f55c6063e94ffeaa6c1dc028,ngageoint_opensphere
9381,9faaab12f42d589b28084ec22a1101d1d57e597d,ngageoint_opensphere
9382,9fb64b696035d78e16e9b86141cb7af3ec546047,ngageoint_opensphere
9383,9fbd9714ca4f206bdcc874ff456998835c10ad2b,ngageoint_opensphere
9384,9fc1011eb0d041805702e6795d900cd54926b756,ngageoint_opensphere
9385,9fc2c05139f2cac2fa0e1bcff4c11f0171884cf7,ngageoint_opensphere
9386,9fc2d785fa51077921a78e856066a6d43370bbc7,ngageoint_opensphere
9387,9fc4ecf068c5cfce92d0a3b59cf9aeea30b2d1c6,ngageoint_opensphere
9388,9fc73380534bbe8f4997993872ac9389aaf0ff8c,ngageoint_opensphere
9389,9fcff99f2a3adf3bfc26ebc2d4ac460b3941554d,ngageoint_opensphere
9390,9fd5f45165d08ee27907871f40fee4f9cb8fd672,ngageoint_opensphere
9391,9fdf3205f89f70dc0a7486662a3a1e0c6db38936,ngageoint_opensphere
9392,9fe1623af40ee6f2fb5515b8b0efe62c735a1aae,ngageoint_opensphere
9393,9fea8201ea488fe85b779f86e807c8f66a0343f4,ngageoint_opensphere
9394,9ff4ad4fc5c446b9427c7af99870c985cbd0d72e,ngageoint_opensphere
9395,9ffbdf38321f3c334210af51e3d265a35749665a,ngageoint_opensphere
9396,a000181e16f17471ffb57e33bc39b3e8b4d8e667,ngageoint_opensphere
9397,a00529549305f9482775ca8f3a38acd0fa4d6312,ngageoint_opensphere
9398,a006c6fcc4c2ead3c69719cfdf5aeccf8719e986,ngageoint_opensphere
9399,a008e2ecbf0712f5d8eea75956ebb4789b326580,ngageoint_opensphere
9400,a00e73e3056749e9f2e27a1d1e474791ecc6514f,ngageoint_opensphere
9401,a0120338884f43609c05b2499b068be1085d4986,ngageoint_opensphere
9402,a01b010ec035b31f7c6ac4136c0907c6aeebb6b2,ngageoint_opensphere
9403,a020af23a42678fdb71b99c74980166dae2044f8,ngageoint_opensphere
9404,a02685c59b8f8882ac9c4bfffa532ed2527927a2,ngageoint_opensphere
9405,a0268cfb7d795fc4e9d0617ae54b6a3dab1b827f,ngageoint_opensphere
9406,a0281df8cea4708e28a3ff24257a672bc4fcafa8,ngageoint_opensphere
9407,a028cb06e5bbaef7afbd35fe88eac3d8264a09e8,ngageoint_opensphere
9408,a02dbd099cbbfdf7b994c16cb677af0d99efd126,ngageoint_opensphere
9409,a02def0a51888dcb46862e19cccc31e26d3c2499,ngageoint_opensphere
9410,a030fb0bb23d2c0e55e18d95e50b67dbd35b18ea,ngageoint_opensphere
9411,a0380b5d95d8144eb3fcb81473b7351a8dabba92,ngageoint_opensphere
9412,a0429dc9b9596ba2e1199c6d8badca01ad871c27,ngageoint_opensphere
9413,a046ed0ecf131fdf3973c1c73d65fdd4efbe7cd6,ngageoint_opensphere
9414,a04ad10298a6a6138dd5f772db7721e7bf2a59b4,ngageoint_opensphere
9415,a057b695c41ae36d799576ae3be36653ec7762bc,ngageoint_opensphere
9416,a062fa1d36062badf3778f4d165348b752621f03,ngageoint_opensphere
9417,a06420bc07d42fe090e198ee9929527c0cf6855f,ngageoint_opensphere
9418,a066554cc2426345ff64ca3b2e15d042f7da429b,ngageoint_opensphere
9419,a067a2e9debf49852eb15ebb6a3b3b2360098822,ngageoint_opensphere
9420,a06858da4da46740a6e08b2d54494cf0ddac12b4,ngageoint_opensphere
9421,a069cae2b5875635f3c473377db09c68c4e19e15,ngageoint_opensphere
9422,a072f80b023915d10b581b9133f727487bf84603,ngageoint_opensphere
9423,a0750287076ec034b4afe3840514546ddf38db04,ngageoint_opensphere
9424,a07ae51e552db10318ec661b76674562639d7986,ngageoint_opensphere
9425,a07bebf371d3fe9adab535d9c714f02b4852be46,ngageoint_opensphere
9426,a0836c6b5de46275e781eb185fd370231c3a90df,ngageoint_opensphere
9427,a088c649bddab0778132d645cfcee0af8092b21a,ngageoint_opensphere
9428,a089e5bbb26d9d47298b3ff5119d7908dc5af7f9,ngageoint_opensphere
9429,a08c9f84e2647a2659e2750a8946d67ea71d016d,ngageoint_opensphere
9430,a08f70d97632ff76e5c11fd01256593784f30b8b,ngageoint_opensphere
9431,a09272805561e74a114cac8f4928279eb0b125bb,ngageoint_opensphere
9432,a098ddd5c1cac15c6a23cf5d52b6cced01b8739d,ngageoint_opensphere
9433,a09f184bc8c26fbc3150bb4a96eb8b80b809dbaa,ngageoint_opensphere
9434,a0a61b15849883a2834d19c275c6cf13314047db,ngageoint_opensphere
9435,a0a65f399d710a75a862bf8471db8aac7b37ca09,ngageoint_opensphere
9436,a0a979fca9f3db99fecf802a3f663a0451a5a8fa,ngageoint_opensphere
9437,a0ae4808908858daf266fc6e3043b5bd154d28b8,ngageoint_opensphere
9438,a0b0893f45bd1b121ef5f689f9e246acea9ceef1,ngageoint_opensphere
9439,a0ba8d17b807f559233514a8746097bc750c7d61,ngageoint_opensphere
9440,a0bc1fdfb8165f6835129a37a8c5ccad55a619f2,ngageoint_opensphere
9441,a0bfdaca4e91e597cf7b9a128d3cff10e1052c27,ngageoint_opensphere
9442,a0c045140f1132fbda5b71ed760b004e39fdbb06,ngageoint_opensphere
9443,a0c38ab6bd9c7c2881c92371d6bb8d461ed5139b,ngageoint_opensphere
9444,a0c475562b5d4e96135101b8b984b8568e8f99ea,ngageoint_opensphere
9445,a0c7d8c4d2a51d68bea61ea3a295f183671d5d42,ngageoint_opensphere
9446,a0cd9c49f39c843a5285471ed27fad8da6b09062,ngageoint_opensphere
9447,a0d01b250bccbaa7925e74a1e6d140c1edf7e417,ngageoint_opensphere
9448,a0d3cb8bfb136ee4c269a18fcbf368885c0ec467,ngageoint_opensphere
9449,a0d41513bbb6d6f12f2db8db4988aadccff62910,ngageoint_opensphere
9450,a0d8025b7781691e50568ead32d59f9a328ca7f8,ngageoint_opensphere
9451,a0da68fec3ac1283fb2e1075443531b582009468,ngageoint_opensphere
9452,a0ddd090dd9caaa804a994190316b95b694786c0,ngageoint_opensphere
9453,a0dff904156439d1a13ee230eea6c3c3ad59974a,ngageoint_opensphere
9454,a0e1fde6589456449b81000ee1d844335ee4f600,ngageoint_opensphere
9455,a0e51c78e2a9782a6262ccbf697c13e9c028909b,ngageoint_opensphere
9456,a0ea3fda02517b466fbaf750f091d0efb4c846ca,ngageoint_opensphere
9457,a0ef440d62caa188799a2b4ac7c6934501191385,ngageoint_opensphere
9458,a10bc00ed36141c381eac134d6f6972e6bea98ee,ngageoint_opensphere
9459,a114ac0521b81b41ae624f5ef7286749a38146db,ngageoint_opensphere
9460,a1173a0eb4374b0b9b3d9dd592a9ec5793642c74,ngageoint_opensphere
9461,a1205eda60ca06eb353d01db4b1a227a20369497,ngageoint_opensphere
9462,a12816c13fb4c23917151d8bb78958f90664df16,ngageoint_opensphere
9463,a132a3386f59ca9db73ab0ccc2932eb5fead8aff,ngageoint_opensphere
9464,a1335501d858311d35b8954ed017c4a8cc45fc1a,ngageoint_opensphere
9465,a134ff2eb4ee5946d8cadb270b1a23f8e0c8f3ab,ngageoint_opensphere
9466,a1393c52caf5ef4f2377dabe4ac1e210db2c1236,ngageoint_opensphere
9467,a13abd079f9acc67f6744c908b5cf5349fa877e3,ngageoint_opensphere
9468,a13ff13d0af1b42cc5dc30377dd3b1f3ae66443c,ngageoint_opensphere
9469,a14025fc38e3c79a8904e27f72536be02546beb1,ngageoint_opensphere
9470,a141987c56d2482335696c6c808a0a9e870f5fc7,ngageoint_opensphere
9471,a141c59fc550ba07886c30ee30a06ad819f7d2af,ngageoint_opensphere
9472,a142f0b7fe448050fe48850ec903d9ed224db1a1,ngageoint_opensphere
9473,a1445afd0c02af09a1a73a0ead77874e97b7173c,ngageoint_opensphere
9474,a14dae3ddafc769c15c265ebdd05720572c6402b,ngageoint_opensphere
9475,a151ac7f7259e7425504cc13a884fcd2cd0b3dde,ngageoint_opensphere
9476,a156b1e0caac8797910d90634bb2ce13420ac643,ngageoint_opensphere
9477,a15aada677ec6bb718ae878239fdd410d55871a7,ngageoint_opensphere
9478,a15c3f50d7dad3f917af3447afe63ac0411900fc,ngageoint_opensphere
9479,a16c10145cb6803e912bb7cf145b48da122c7948,ngageoint_opensphere
9480,a1716833ebb354b8bf078a49f640973112e06897,ngageoint_opensphere
9481,a1760efa6b5396f5613415b7d0c92b1c211fda59,ngageoint_opensphere
9482,a17652c648d9377609eaa34023c629d38594dbdf,ngageoint_opensphere
9483,a1770261773083d66df1b53814e6752b6fa3beab,ngageoint_opensphere
9484,a17ac7d51787ff8db926df682e144351cfdcb139,ngageoint_opensphere
9485,a19202a0ad89c01610825b55161ae397ed349243,ngageoint_opensphere
9486,a19539faee2426f771adb49a327a83e4041984b6,ngageoint_opensphere
9487,a1a5edbca9972d550cf9b0a1eff066f8d30d5673,ngageoint_opensphere
9488,a1a6ebd8abb37c055d3e6ae415e5215db5504844,ngageoint_opensphere
9489,a1a87f1ee0ea670d6c03828a35a40e5ef83cfd52,ngageoint_opensphere
9490,a1ae2454e20e3960f6dcf8986a962c7500261823,ngageoint_opensphere
9491,a1af631ae5de4b786d3486f97b2fe86f0b088462,ngageoint_opensphere
9492,a1b30f497fb2630cb5069450c613983b508223e0,ngageoint_opensphere
9493,a1b35338a62d697d941e02fe6816767385b2934d,ngageoint_opensphere
9494,a1b736dddf0cfe593d834a4f7048436a46a40d60,ngageoint_opensphere
9495,a1bc3f1f096563bcce13d43090715effdb83149e,ngageoint_opensphere
9496,a1bc420510528cf3be9f828cb59d9c739d5f9ed1,ngageoint_opensphere
9497,a1be152ff7e32adc698678250949971c21476429,ngageoint_opensphere
9498,a1beedd62a8c341dab71f0caeae1dbe1204bfeb8,ngageoint_opensphere
9499,a1c1bcb1ae26f2e71c72ee1c7f76eeb87d73217e,ngageoint_opensphere
9500,a1c3853c2ac5c134d5158a425abf5cb7e1b9e2f7,ngageoint_opensphere
9501,a1ca65227954d2bfde99934c38cb31c15ca49cba,ngageoint_opensphere
9502,a1cc2b19bf36b69e3721a75106204042fa5e9ce6,ngageoint_opensphere
9503,a1d6ad0225f91520de0ba2f0984ceb2177dff60a,ngageoint_opensphere
9504,a1d6babed29bf58d52021049dde20b5bbc094caf,ngageoint_opensphere
9505,a1d7c0b3c235c9ced8adcc562b9a8bea61ea0764,ngageoint_opensphere
9506,a1dd5c00b2dd8368d799e18e2bbae4f54c4eb8c2,ngageoint_opensphere
9507,a1de4106f3533a10f162e368c6df626f24c51604,ngageoint_opensphere
9508,a1e03ab8c035df8938ebb576db58ff63d27df044,ngageoint_opensphere
9509,a1e26cc488b1e9881bbf50c98df85a1186a6340b,ngageoint_opensphere
9510,a1e8b62cf4630c145ad44aa3a180d61a52dd8310,ngageoint_opensphere
9511,a1ef2b91cacac1a05a56cc8cd8a93bbf1948e203,ngageoint_opensphere
9512,a1f15d65ba352c1b9288af93347c64f20a39ea48,ngageoint_opensphere
9513,a1f5e59472db903432a916242488b09e862bc144,ngageoint_opensphere
9514,a1f9fe2e681f1270aefdef9cd25fbb9c6b46efa9,ngageoint_opensphere
9515,a201413e6be6a4061b68099cf347f788ef46101e,ngageoint_opensphere
9516,a20872690ac4760ca4b0b0b21af2cfafd98c2ef9,ngageoint_opensphere
9517,a20bef2f0d2bac3cdc3f9f2453e40b6058e7bad8,ngageoint_opensphere
9518,a20fa34ebd8664fe766d688a54c9cdafca59b760,ngageoint_opensphere
9519,a212a17bf484426500013330062f743bd451d8da,ngageoint_opensphere
9520,a21ccaaf1e81ae58ec23059bc01e890fd39131a8,ngageoint_opensphere
9521,a2207066097541227a831e34e881646cd75b2bd5,ngageoint_opensphere
9522,a221061ac77b58940dbdea046be55b72c11f116e,ngageoint_opensphere
9523,a227149695ee1d9e507c1ebe6bae8f567e512e16,ngageoint_opensphere
9524,a227728c973394785fa7288c89689f2b29042624,ngageoint_opensphere
9525,a2292047234032c79deb6e2c5f67a09d395e504c,ngageoint_opensphere
9526,a22a71d81bd385847595bbddbab68b06c91df8bb,ngageoint_opensphere
9527,a232fb01e560ceb9c64c83926c5a3fbe714d849e,ngageoint_opensphere
9528,a234884fc61701b5c10e63c9bd90cf9edc1ec26e,ngageoint_opensphere
9529,a238c290b12f51bf3fe8e1414a05bfc9692215db,ngageoint_opensphere
9530,a23f7908c9e47604097699fe20e2caf834aafb00,ngageoint_opensphere
9531,a2441caa4a1561ffe09c55540523e4dc3d42bdf0,ngageoint_opensphere
9532,a244de07885bcd1fbc684ac1e31f8b957bae0aa7,ngageoint_opensphere
9533,a24a3a1c65e52059f97296978f3ad1ac4a095f0f,ngageoint_opensphere
9534,a25074fceedb6a23b230e8bc5aeb027997611514,ngageoint_opensphere
9535,a259d800e01d1915eda3b41d28776ebaa3cdcfac,ngageoint_opensphere
9536,a264042896fc379d688fccc7e6e7339c41648c07,ngageoint_opensphere
9537,a268e1605c08baef54902986354ba7c2570d54c1,ngageoint_opensphere
9538,a26942e0da750a44de0dbf45b7bb096c973d0c3c,ngageoint_opensphere
9539,a2712050187e2e3af02941793de850b8b2312788,ngageoint_opensphere
9540,a2747c1c9b5705de96baf51a36328bcf41050dec,ngageoint_opensphere
9541,a2788c6c04c4647bfa49ce2f5af4d6474f3baaf7,ngageoint_opensphere
9542,a27d8afe7390ed67c770cce76ab6077f8ee94cc3,ngageoint_opensphere
9543,a28063e30014aed0600e227f8731aff02c492bcc,ngageoint_opensphere
9544,a280ddfca4bd7775d5fc704fe03fbd1dad3fa216,ngageoint_opensphere
9545,a284d83874ede3de9e1e1294da5b02b9cdbf07bf,ngageoint_opensphere
9546,a288211451e7c773cd287dde7434a66f6663e049,ngageoint_opensphere
9547,a28c0aadcd7737d993b351fe39bcdcdb300bda6a,ngageoint_opensphere
9548,a28ef8da8d3c7d988e03003a7398cb80232138a0,ngageoint_opensphere
9549,a294df0fed020af264544991da8d50947dce05c0,ngageoint_opensphere
9550,a299f80cdc8b942418cdf6b25bf62eeff6ed48a9,ngageoint_opensphere
9551,a29c32a86309b809b9089c8cd137244b21bc1e81,ngageoint_opensphere
9552,a2b1944c2f1efae70ec19853eeb18e20dcf68f59,ngageoint_opensphere
9553,a2b2e1a5ed407f1b629fc769e95ea87ca5220ace,ngageoint_opensphere
9554,a2b48737fd89339c4f74ea6b59c88877c270d293,ngageoint_opensphere
9555,a2b56821cfaa114d7ad681b8d98cd6cc5f8c5968,ngageoint_opensphere
9556,a2b7712e8431e1c80434f46332844ecfe0738ab3,ngageoint_opensphere
9557,a2b830134f6c8bb634a78154ff6c129cca07b1fe,ngageoint_opensphere
9558,a2bad8bff7787b9abd3d105eaf27623d74c9773a,ngageoint_opensphere
9559,a2bb9c192ccf6ea84f3e9aa923414ab5069f7116,ngageoint_opensphere
9560,a2c07b185cede717c79b4f48b09157469ac63e83,ngageoint_opensphere
9561,a2c5fe6d25157f62a41b617f1f5825011d8528ea,ngageoint_opensphere
9562,a2c69ae932a11a931d1fd4b72ceb90e99214106f,ngageoint_opensphere
9563,a2ce9360c77bf0c8704a5bdf9173c926a0b85ce3,ngageoint_opensphere
9564,a2d8988cf7b9295c010ce3b12e54defcf65c5802,ngageoint_opensphere
9565,a2dbceea9d839df314e81e2e11e3530dd354e275,ngageoint_opensphere
9566,a2e634287474fd6bba8811ca0fc57563749b227c,ngageoint_opensphere
9567,a2e76cd18878875a6f0c28ddea2abdedf25d8d84,ngageoint_opensphere
9568,a2ecf2c4612334a4e1522dc76d8375db5a164c94,ngageoint_opensphere
9569,a2f02015c54a5cacf9c973fc7d424280b871fe2a,ngageoint_opensphere
9570,a2f37a11170b2763da82a027721b5970e74ce4f0,ngageoint_opensphere
9571,a2f824da6a2bfeb8bb542b89b583912ae1436a35,ngageoint_opensphere
9572,a2fdd8b76c223c55dec3359199f4ce98e807b07b,ngageoint_opensphere
9573,a306b7e0bd9aa57de18a5feb0fedd748ed01a323,ngageoint_opensphere
9574,a3072da75b7c59cc23960b650d87d56f8edb1a8e,ngageoint_opensphere
9575,a3073239c53ae76354ba04ce4d4d73b88f392af9,ngageoint_opensphere
9576,a30754ab7c6447d27e117cc2a9043f0d966f1be5,ngageoint_opensphere
9577,a30c5f59056d5ed69887cc102fc56880830cf549,ngageoint_opensphere
9578,a314a844f7e5c27e0829136171316edd34591f4a,ngageoint_opensphere
9579,a31d4fb4bd2fd98533a45b39a23539f444f20753,ngageoint_opensphere
9580,a31f76b58fac527fff7f8de03c39635f9b5d4f45,ngageoint_opensphere
9581,a3291e76342d12c0cfa0bc66b51b57613e157af4,ngageoint_opensphere
9582,a32b842843513a30886ed15ee9cf13a916f3ea3d,ngageoint_opensphere
9583,a32c10a78c0d074c0303172f77650d7d317051b8,ngageoint_opensphere
9584,a331666afd61153e8d3ebeb699953d9532cc9879,ngageoint_opensphere
9585,a3328a9f9238d98bb930e045166964c284860a42,ngageoint_opensphere
9586,a332c9d4b39706d7ccb1eb98e552eda2af9078b5,ngageoint_opensphere
9587,a334096320e43831290a74d592db28119f280d48,ngageoint_opensphere
9588,a337948ba5b0ca6d0553a91c69971df676740fc3,ngageoint_opensphere
9589,a34df7594da5cfc32fe3d8de5b0d5c4e557ceb0b,ngageoint_opensphere
9590,a34f0bc07ac918fb73e469b74ba23f62a01b1271,ngageoint_opensphere
9591,a351ca360e79e1f2e512dc866c828e1e6bf0a7ea,ngageoint_opensphere
9592,a3591f38d177e8e688eff6eb3279271f0ed10234,ngageoint_opensphere
9593,a35f5cef52a1e9462b565fa0421d491ad36f940a,ngageoint_opensphere
9594,a361104f8772792c7ab66a00a3ef220fb9b96939,ngageoint_opensphere
9595,a36566ba299621095e0c102b93cadc43b3d8068d,ngageoint_opensphere
9596,a366fd98d10ffef0986ba8875dea1ad92f69aabe,ngageoint_opensphere
9597,a3672a0db0b082367461275a6a0cfc854c5ede86,ngageoint_opensphere
9598,a36a60a8e12bad6e129618f49fa0ca9cf71faa2e,ngageoint_opensphere
9599,a37109490894f5a62753a41df3b3d594bff08eb5,ngageoint_opensphere
9600,a3716b6d9645f792b3ac8f5adae585d5791f9b59,ngageoint_opensphere
9601,a371e0af5ded64dc002650bd1b264f39fd015409,ngageoint_opensphere
9602,a3802975fe9d97ddba8f9056b8164456430603a5,ngageoint_opensphere
9603,a39160dade8dd21f04a5aafb9e0a09fc23f9b297,ngageoint_opensphere
9604,a39591fe34a5886ce21f6ef01f8edb55abd2dd0f,ngageoint_opensphere
9605,a39b16e727f41cd52b8b11aaad9e42c899806732,ngageoint_opensphere
9606,a39ca614b7baa65afba4c5444c4debad18d9e82d,ngageoint_opensphere
9607,a3a455a6200651451a48968fd8d09f87b0345f31,ngageoint_opensphere
9608,a3a544072e71a5d579622e71d6ade0ce22de55fc,ngageoint_opensphere
9609,a3a944af35d672427078c48468cc64bbe6686e34,ngageoint_opensphere
9610,a3ac1c5b0b2e2b46252bd70a5ebd1e62616cadba,ngageoint_opensphere
9611,a3b4b97412183ab39a9696c2e42e464180e11fbd,ngageoint_opensphere
9612,a3b9207ffd755de20cac4c0e45020a948e8ca6f4,ngageoint_opensphere
9613,a3b9a1aaca8c8b5a3df3134287d0ee0566341bfa,ngageoint_opensphere
9614,a3bce00dccc0c674dad9fe4df23591dba234f5cc,ngageoint_opensphere
9615,a3bdb11b2fd184def0f9d002c84fb07c13b7ad33,ngageoint_opensphere
9616,a3c1292e957c860fb4931bc03c3a4c9d055b69d6,ngageoint_opensphere
9617,a3d807713e7fdab5723e19974dd7203094a3a0cd,ngageoint_opensphere
9618,a3d87f12e9d508a207d231d46dc6da3942d33f92,ngageoint_opensphere
9619,a3d8d4ce7bc084afcfdb4021a5e6a33b74ad94a9,ngageoint_opensphere
9620,a3dafc66ac3e51d4124a9878be0cdc71101268c4,ngageoint_opensphere
9621,a3e15e81caa14613f5af4e1d5585489e6e993022,ngageoint_opensphere
9622,a3e6022940b1f8c86602d75b5dfe8f3377ff1292,ngageoint_opensphere
9623,a3f059b05af0c7863bb1c3ad2dbbbf7613d6b860,ngageoint_opensphere
9624,a3f0d2b72c949700a2dc2179a9befe9c68c93259,ngageoint_opensphere
9625,a3f373d1e6633e1e428ba87401d7d904763d1152,ngageoint_opensphere
9626,a3f571e1b62f5f865f69cc79f7db252e6d2c8d10,ngageoint_opensphere
9627,a3fbfca3890aa8c8501c944695864af98881a446,ngageoint_opensphere
9628,a4045ca937275280d2b7670ff98eae0d8dc90902,ngageoint_opensphere
9629,a40834ff64c14e06a3de3353d9253f002d6ea02a,ngageoint_opensphere
9630,a409c56b6f6c11ea67b87c16822f35e33d525a3d,ngageoint_opensphere
9631,a40e07c7abf0607bab3756ef1d463d300fea9074,ngageoint_opensphere
9632,a4132d9e706610ec8ac8c96c346c12e13950ee22,ngageoint_opensphere
9633,a415775d534c0518bc5b39605d72d9afb5f60623,ngageoint_opensphere
9634,a419be1fa867772afc80197dbeec928b754afede,ngageoint_opensphere
9635,a41d667486292f60e1c0ff675733043d42203fd4,ngageoint_opensphere
9636,a41ed3145cd56e6cb2e77d20c1519e134b8f3b9d,ngageoint_opensphere
9637,a42272d34b4339587583c537dfb608832fb60ff9,ngageoint_opensphere
9638,a4256ee1d1a6a20c6b226fd539f75a8dfbf02465,ngageoint_opensphere
9639,a4277149f81edc89e36841049a17337cdf8f2f99,ngageoint_opensphere
9640,a42d3a325eda30751f1ae9204de123cceb4969e8,ngageoint_opensphere
9641,a42ef13ad6e3cfce90886cc29fa72f656dbe22c2,ngageoint_opensphere
9642,a432976b0cc29ea1afd023985e8daf1db43caacd,ngageoint_opensphere
9643,a4349ad5cc882b1d891719623c5def9dd3847276,ngageoint_opensphere
9644,a43750a4fec7f4e15ffe02ff4459f1ca414ffe39,ngageoint_opensphere
9645,a43e18b043117fd8fe9edcc2e922cb2b13dba55d,ngageoint_opensphere
9646,a4494c09306dafe742a3282292b5b0a62bc98498,ngageoint_opensphere
9647,a454e32d2284daeede6e475b5ac14dac578958c2,ngageoint_opensphere
9648,a45c80bfa8fb44465c62d89377591ff12578d5bd,ngageoint_opensphere
9649,a4642726538b22ca8e6686b735964e03b228b498,ngageoint_opensphere
9650,a46d79ab2e876b90413aa774dbf8ccc9582312d9,ngageoint_opensphere
9651,a47550ac7094c188dcafef4faed235cae6f7d669,ngageoint_opensphere
9652,a478ddb1f84b4ebb5abdfe8ddb84b73375e339d1,ngageoint_opensphere
9653,a47c9e5957c0729fe83b5ce7ef810a931eae389d,ngageoint_opensphere
9654,a47e193ed4fae8074f654434436ebdaf193d599a,ngageoint_opensphere
9655,a47e1c55586c603f70539f0a915bf87b46cf4fe9,ngageoint_opensphere
9656,a47e3b783b8fcc1c01ca34f1450e23226d0ae7ed,ngageoint_opensphere
9657,a4861700145b8d775a320713e6633df3d8e61f28,ngageoint_opensphere
9658,a49706eb1c951a97f86df942844f83b0af898459,ngageoint_opensphere
9659,a49a204cf8ce2857e242fbb5b8f52e0d7c22a64a,ngageoint_opensphere
9660,a49a6b156a5fca6796540e3160c2bdb106690ac9,ngageoint_opensphere
9661,a49b4c2f21a6c0eac57c2531d15431eb505fbe95,ngageoint_opensphere
9662,a49baa3924fa5d20e2f42d24fb14d14c885d5f32,ngageoint_opensphere
9663,a4a1e11a0812053bf2ac2014b53347f81dd7c37a,ngageoint_opensphere
9664,a4a37e780c417d0de21b4cb8a7d4fba315794ccd,ngageoint_opensphere
9665,a4ac16d4e8138f1c884a8834137246c58241d685,ngageoint_opensphere
9666,a4afc146d22e8bcc0b0d491ae47fef27ae0a704f,ngageoint_opensphere
9667,a4b3e76f82b8b3744b217aa393db651ab91ff0bd,ngageoint_opensphere
9668,a4b568de6180717bc6c4f0586e643a904c1d6130,ngageoint_opensphere
9669,a4b7494ef14fc0e03187153aa455e22fbad63385,ngageoint_opensphere
9670,a4be4ecd8897a71c900487c5925250b4c909f609,ngageoint_opensphere
9671,a4c32fc9207bc33d01616c45fa520622189b70d9,ngageoint_opensphere
9672,a4cddeffad43669b9308fa24231116472f34f116,ngageoint_opensphere
9673,a4d50a1b2ebf36a7cfefc792fb5e274279225049,ngageoint_opensphere
9674,a4dedf704de3d0775bc471ff019ed7e5d86626a1,ngageoint_opensphere
9675,a4dfd9cb65ff1935167f76789ebd67cbb66626f8,ngageoint_opensphere
9676,a4e064cce3988c0e0e851281023702bf5a250a23,ngageoint_opensphere
9677,a4e170023a6fa95096181d861bb129f0f1d67204,ngageoint_opensphere
9678,a4e1943ec42640c380b88c18ee634ea4d5b75347,ngageoint_opensphere
9679,a4e4ea8d2e0e65040437481920e14515a597dc97,ngageoint_opensphere
9680,a4e5cdd4055e3d4938cd0ca9dcab05c815471a9d,ngageoint_opensphere
9681,a4e653ea4dc7a5487f8434d11b123e667de1b9a8,ngageoint_opensphere
9682,a4e6c8150d8551190d719039ffe81c124dad8ba9,ngageoint_opensphere
9683,a4e72e7034b18e8b4d23ec5ec427b224f0b2c801,ngageoint_opensphere
9684,a4e9593e2302fb2fccebe6716b5b15e1977e9903,ngageoint_opensphere
9685,a4e981dfae74cdbd78fc004c721cde0f4045a782,ngageoint_opensphere
9686,a4ed435542812eeab6dcb55be1f461884fdbedce,ngageoint_opensphere
9687,a4ee0c56b5cb0046889af7117cf97d2da95780ea,ngageoint_opensphere
9688,a4f5ef647503659b39c208cbbfba1daf56d3f9e5,ngageoint_opensphere
9689,a504c6fd1d0f6608772f0d7b34d74cbc070cdfe6,ngageoint_opensphere
9690,a515c53dfb21d348a56220deed9820461d861149,ngageoint_opensphere
9691,a5193d6bba7c3d23d096e13fe23cae63077378a8,ngageoint_opensphere
9692,a51d9aa8885ca0362b10c6b3657db836b61ab283,ngageoint_opensphere
9693,a51e605c6da14825a1e4fdfb07c399d435679bf6,ngageoint_opensphere
9694,a51ee8446fb47a0445d85878f7e55a768e527208,ngageoint_opensphere
9695,a52ca468b7e2bba591e6da75650af501012ed1f6,ngageoint_opensphere
9696,a5302077f520c3c201cd7b83a977652d1b79d949,ngageoint_opensphere
9697,a53a7ba4a6314d7b5313060a97fb29351522b94f,ngageoint_opensphere
9698,a53c3a349ac622a147438f2d18b08b0bda7b01ca,ngageoint_opensphere
9699,a53c757c478edfc2629c7551caee9a0f833d6221,ngageoint_opensphere
9700,a53cfadcb9c0f222f2159368a2f1fa2b2a6f3b54,ngageoint_opensphere
9701,a54692311d17bbdb734630269a97ba0fe74f8e33,ngageoint_opensphere
9702,a54c7607339a10acc30fb2fe32b03b99dc0ef62c,ngageoint_opensphere
9703,a54f5afc98ded235492b944df7787b8915666305,ngageoint_opensphere
9704,a550369e470ab2200363c234dd9d92d601cab442,ngageoint_opensphere
9705,a552758208285e6592a50ed5ddc9c1338be5e1da,ngageoint_opensphere
9706,a55c90e975b5f173268664527ecde93b0e1f1f19,ngageoint_opensphere
9707,a55db8e58801533f57ae30892175933cbeb8da8c,ngageoint_opensphere
9708,a55fb7cac172dfaf9135f1d9c341f963458e1fa0,ngageoint_opensphere
9709,a56adf33e0ba92c4d9c15a4b5986510699c2de4d,ngageoint_opensphere
9710,a57381f268c754654e1959265f59bdd5c004ad4b,ngageoint_opensphere
9711,a57cefcf08dafe30f47744078d3dfffd377b18f0,ngageoint_opensphere
9712,a583d789d0a12ea048ecb6aeebb0883f6c50ea26,ngageoint_opensphere
9713,a58f42662e14648d018c4c51223acf7b4658654e,ngageoint_opensphere
9714,a594d9db8d8285180c07f9775f7f0d4795478935,ngageoint_opensphere
9715,a596b1f31bafa18f25b5e219f7bf7eb1e6da9864,ngageoint_opensphere
9716,a599335e19cb587f0fd8ed657f5afa42103170b5,ngageoint_opensphere
9717,a59dec7e3885f9c97b61cdfb61636cfe09288852,ngageoint_opensphere
9718,a59f4834ca75b95981f9f124bb1dfd44e206e4b5,ngageoint_opensphere
9719,a5a152be00717a4baebe1d2f67defdd0e4e575f6,ngageoint_opensphere
9720,a5a20cbd6cd1fc670aa362be10d2b796e880d7b2,ngageoint_opensphere
9721,a5a24ca883714cf6b8674a68d90d5bdc277b6f41,ngageoint_opensphere
9722,a5a3d8b5d006fa3eedefb5d4660c5dee1f0043a7,ngageoint_opensphere
9723,a5ab2acae1ffef4a40e75b496f4e91dfb8429639,ngageoint_opensphere
9724,a5bc6f1276f5004657175c336e0530788d67761e,ngageoint_opensphere
9725,a5c1b0d8924fa6288aab82f59b9f34dddf386ef9,ngageoint_opensphere
9726,a5cc0fedcc843e1a154082eb507dc9863ed23c3f,ngageoint_opensphere
9727,a5ccb6147642f29241182ed62695c128890f02c2,ngageoint_opensphere
9728,a5cf77a2d3bfeaca1b81f8bc51a7b399059b79ea,ngageoint_opensphere
9729,a5d2e9b3e4efe498d14055411642c6b5c71255cf,ngageoint_opensphere
9730,a5d3b24e2d4c7ef78aa073d8afb3f9fac7136812,ngageoint_opensphere
9731,a5d71fe4f6ad321f29bfcc6bd095c0bd7abc9624,ngageoint_opensphere
9732,a5d92f5853310a14159844b90fb0bf6c26b81b1d,ngageoint_opensphere
9733,a5e0b8f0b768c028ddb6e20d919e2db7dbecd95e,ngageoint_opensphere
9734,a5e1f585ec66dec6c6f3341d2ea2ca73a761ba64,ngageoint_opensphere
9735,a5e8176fd6df53bb7f3ae96bd4f42c4d4995e604,ngageoint_opensphere
9736,a5ef26a9d8a545e890386d65dbc926c121c23daf,ngageoint_opensphere
9737,a5f87077ede15de4e155865ca2cf1cd1d5e106ed,ngageoint_opensphere
9738,a5f90beb844854effe77a44dda751d82d87cf71e,ngageoint_opensphere
9739,a5f9eaa3104a509537a6912df8efd89f03f1ea97,ngageoint_opensphere
9740,a5fa7ad8fe5a86afdc14fa415f9a360ab80136b4,ngageoint_opensphere
9741,a5fc1429927e90968be389e9aa482fcfa0fbdc28,ngageoint_opensphere
9742,a5fcb38a8c2ea7f3f479a316dfe227d65f5a4e4d,ngageoint_opensphere
9743,a6038d93c6aa5adaf6f2ac8d308e37d799440e88,ngageoint_opensphere
9744,a606e6fe30634fae5745d7a6778d0a545d4b94b2,ngageoint_opensphere
9745,a60ba34b252840c99a34b3334c0b3b0a586f8548,ngageoint_opensphere
9746,a60f7f8c1b894780023ed5b71eec67f70b96305c,ngageoint_opensphere
9747,a612f610dcb05855b7cad5ba57cfd1e7af294c19,ngageoint_opensphere
9748,a61e817d924a0c6898745e9b176725a2ebf2d886,ngageoint_opensphere
9749,a623e034e62872a3b9b394784ad9027b5dddb805,ngageoint_opensphere
9750,a626d8f99b75adf7b23b00da4820c31a6fd5944b,ngageoint_opensphere
9751,a6289e5571161b998ee3896242147bceb2e36627,ngageoint_opensphere
9752,a62ed2eb4e42752ac295fe8eb71ac0bd4f991cda,ngageoint_opensphere
9753,a6308bca251bfe130fbb2985a6af0c193354b34c,ngageoint_opensphere
9754,a636cf1554ed132f198e643f0a8ffd75ec785c7a,ngageoint_opensphere
9755,a637d41dc2e49ce8f52f5ac90f6c0793ca62522b,ngageoint_opensphere
9756,a637df68135adef08a9565672303f9dfc1ad0528,ngageoint_opensphere
9757,a6383855ab36926d69a4d129efb431776661e9d0,ngageoint_opensphere
9758,a63d7c868ee77c812e942396aa72b8fe2767b16c,ngageoint_opensphere
9759,a63f61c2654289d596de775e545569d4e85fc0be,ngageoint_opensphere
9760,a64036f5e157562bf1813addb9c06b30fa47fb98,ngageoint_opensphere
9761,a640646c718f4104e0961bc7dd5410bc0081c73e,ngageoint_opensphere
9762,a6460cb3131dd6c55fcbcae0535360604d8a3803,ngageoint_opensphere
9763,a64880aa992721446138289595dd01eb868fadc7,ngageoint_opensphere
9764,a64db3b8755b33afee6dc3e466e33c16006b6db2,ngageoint_opensphere
9765,a64f0f01fa3e8e48e633ecd9c1f64c6841b74a6c,ngageoint_opensphere
9766,a653ae2fab1c8e6e34362e6cdaa907dc0af748d6,ngageoint_opensphere
9767,a65743d35fedad2adc655300ee83ee22704394d1,ngageoint_opensphere
9768,a6592c244f731985582d452091d77a4723538dac,ngageoint_opensphere
9769,a65c04b29b0e6591209874192f9ff09a21faa691,ngageoint_opensphere
9770,a65e1d2579a86c279246cfbac48d3ea91a85edbc,ngageoint_opensphere
9771,a65f958ef4707569f8cf3c090eea24d8491cffdd,ngageoint_opensphere
9772,a66cb847ba8335155b28a90dce13a968826a9901,ngageoint_opensphere
9773,a66e63415a555ef647c2bb63d3759ddb04bcc0c0,ngageoint_opensphere
9774,a66ee7411a49ccbd1d539f8a15969c49d7c00619,ngageoint_opensphere
9775,a67081427934fc42c5062e9a796f822cc290a434,ngageoint_opensphere
9776,a674c066b3091d3e33b55c13514014ddb32f3b0c,ngageoint_opensphere
9777,a67a5f821c0ca6cb6b222b13bbfaef2c230f40ca,ngageoint_opensphere
9778,a6865836c6b225377898cd5fa378dba2bf4dae95,ngageoint_opensphere
9779,a693062ae807c3d3f15e7828a2e448703e0e5823,ngageoint_opensphere
9780,a69ac6147d4d20db865c7fcba3788b77743965ca,ngageoint_opensphere
9781,a69e4f08425f1408dd4bcfa94c16809b079c69bb,ngageoint_opensphere
9782,a6a0412c1a9e3de39a5782c808a57cca4d4ab960,ngageoint_opensphere
9783,a6aa75025f4e3e739f42d4fdb53ce14b9b9962bd,ngageoint_opensphere
9784,a6ad026a6c2e94602ff8a9de1e9b26e9b66a2960,ngageoint_opensphere
9785,a6af95f9498adb1029aa7f3d84858aeacab8446e,ngageoint_opensphere
9786,a6b05e22e0bbebe91353cc6478339e4555d36062,ngageoint_opensphere
9787,a6b1da54b22f5a7331852abf3f1b89df180639b0,ngageoint_opensphere
9788,a6b2b76d58c6c3f57bfc95ca371a33e9c25c3143,ngageoint_opensphere
9789,a6b92f545bebd6fe8cfb504130297a8085ea620d,ngageoint_opensphere
9790,a6c3c39691b8cb78cde0f7893edf71b0b59b8629,ngageoint_opensphere
9791,a6cebd7bc5a76d5d6e057e26c587ea6f9463849c,ngageoint_opensphere
9792,a6d05684867130c370306bba23f0e7bc2e0bb6d8,ngageoint_opensphere
9793,a6d8ebdcf0e4bd55dbb05a249d7602b2079d36c8,ngageoint_opensphere
9794,a6e1085f1beb07741ea8388c0c8f742cefb03693,ngageoint_opensphere
9795,a6e11acb6ca9d5048ddbb55c345a611d7bccc289,ngageoint_opensphere
9796,a6e19438f4a693aceb0dc24691f338d8c6dc371f,ngageoint_opensphere
9797,a6f7f46825040a0e89b2adb0ae6909b6af02631d,ngageoint_opensphere
9798,a6fc85c7fbe2f965d8571b26312beabf54f131fe,ngageoint_opensphere
9799,a7013c82bc2f68e62088e0823d2e405e16f6b370,ngageoint_opensphere
9800,a704904511f084471fc461afee4ce6c2082def4f,ngageoint_opensphere
9801,a704b4ca7f71679c8f9d4e7fc958f62d5ff5c99d,ngageoint_opensphere
9802,a70660a54c9ab718b3fe28c742ceae0654391092,ngageoint_opensphere
9803,a707d6ccc25e691ef2b3de4752b7664163fc13c8,ngageoint_opensphere
9804,a70fcaed19620776d46c8c9099ce2e7258c04059,ngageoint_opensphere
9805,a721f3bb369d46d4d2d13cce89b14c88a758e0c6,ngageoint_opensphere
9806,a72992c167acc7056b1f1fd76cfaa29bfdecc9e5,ngageoint_opensphere
9807,a733111f1b309317c3555ad4138c1a47c06524bc,ngageoint_opensphere
9808,a73b293d4756e95195fcdf79e15ab1a43143918a,ngageoint_opensphere
9809,a742193b8cadf549b07a2f2aec9e8d3b7cfcb109,ngageoint_opensphere
9810,a74fe475c6758750988f8976722f0efeb64c2da4,ngageoint_opensphere
9811,a7513f41e2ae097b7e0f84a9c1e92218676894bb,ngageoint_opensphere
9812,a7522076002a41049e6e8543f67760b8ee839b73,ngageoint_opensphere
9813,a75602566eca85dce290bb6b8a7e71f8c22bd9c6,ngageoint_opensphere
9814,a759ad4a2a9abdd8d81915ba7422f9d32648796f,ngageoint_opensphere
9815,a7610e28e7c0260561fc8904326e6bf3b077f614,ngageoint_opensphere
9816,a76a8fca066165d015cfd86cd137c68c1a9e8578,ngageoint_opensphere
9817,a76cf6be5e01c4c11be678696e42e6f27989e13c,ngageoint_opensphere
9818,a76ebe3d8e5b54c03fd83527f8c42b2957dbc649,ngageoint_opensphere
9819,a7725c70088b9c5f4a4f0692f3d9b9dfb8178119,ngageoint_opensphere
9820,a774042fd48eed07d69b7d11b717fe0914dc67dd,ngageoint_opensphere
9821,a774328a5091dd8cbda707799ff793f3707d9924,ngageoint_opensphere
9822,a7798b79921bf46b059a73c2beb9d8da89bc938f,ngageoint_opensphere
9823,a77ad0d03709d212b000e193e7d4c0d7e2b663a5,ngageoint_opensphere
9824,a780b82af5f4fdbc1169eead71482acf6633b5f6,ngageoint_opensphere
9825,a782c09e249bdf866ba66e456326d6f89963d773,ngageoint_opensphere
9826,a789170c4baa6b0e7d518368ca1c41eb21abcd6e,ngageoint_opensphere
9827,a78d08fc27493a4a37c519a9db788ccc3bdc4dc4,ngageoint_opensphere
9828,a78d84e186b35727126a2f0b1557068b0d9e87d8,ngageoint_opensphere
9829,a79586b92f5661bba18f643a1138df282eccd5f8,ngageoint_opensphere
9830,a79de92c4d5c371560d172323d77ae8744060949,ngageoint_opensphere
9831,a7a7a3a2b91b04c4aca376ad1a41bc058b0a7314,ngageoint_opensphere
9832,a7ac107520119b7102e772ecbec32f1078e7a14e,ngageoint_opensphere
9833,a7ad0b2c73faab9f2fa28c47d0a889b7e9d276e0,ngageoint_opensphere
9834,a7b8e12336fd4f6f35a4c76adc09e747785b1372,ngageoint_opensphere
9835,a7baba16d9a419090ef93892510a072acf1df6bb,ngageoint_opensphere
9836,a7bd372f6182a5c08473a84a748ba4a6ceeaef19,ngageoint_opensphere
9837,a7bd60faada916e5ce4b484e2ee9d78b9087cff5,ngageoint_opensphere
9838,a7c90c00f331eafdef41e2c2349cc79389240f3b,ngageoint_opensphere
9839,a7c9bddbe2eff220a5bef28b4ce3ca5a018821b1,ngageoint_opensphere
9840,a7cc4c9c5e20d0c9f67f1cfd469d4b07d711c210,ngageoint_opensphere
9841,a7e6ff83157ef8ba169b6dfba4facbea66a21cf4,ngageoint_opensphere
9842,a7e7a124de4cc22d0dd0b862e1ea562c5e636dd1,ngageoint_opensphere
9843,a7e7ecfa1edab0d4be6d6358f9759e6dcb6938a6,ngageoint_opensphere
9844,a7eacb7e1e0df853505ab77dee7d050499576e9d,ngageoint_opensphere
9845,a7ed61d1190c711ba7f47562c93d499fb5fee018,ngageoint_opensphere
9846,a7f2a888b4dcc1aeabed03b8828370360e097541,ngageoint_opensphere
9847,a7f450e0d01d12a02f0e2629233d26675037f329,ngageoint_opensphere
9848,a804cddc799ff5fe6d098d40980d47a40e6268cb,ngageoint_opensphere
9849,a806eeb868b7b0f0142ab9a2aa463134d49517ea,ngageoint_opensphere
9850,a80707b19c47cf3d190c30c2a91ee8c7ecc910a8,ngageoint_opensphere
9851,a8082f906e2e671757fbf6c7e2b42c0007f30cc8,ngageoint_opensphere
9852,a814b8fd9bf6517b8a4408e19bae2dccb84be377,ngageoint_opensphere
9853,a819de42990a13991c2b1da629cf47c995faf702,ngageoint_opensphere
9854,a819e1d30438851244ec9fed71dae2d28bfba1dd,ngageoint_opensphere
9855,a81c7c3dc78d148206dd74f1b0b1d55f7930a160,ngageoint_opensphere
9856,a82e566776aac6372d495bf608c327aa62c6f63b,ngageoint_opensphere
9857,a8314dd95e1e12deb2f1f6af46488febd97b02bd,ngageoint_opensphere
9858,a83410817b17a3381632aa3fc639e2ab8e0a29a7,ngageoint_opensphere
9859,a8356a7d15eb74feebb67f1593455ce2ff4e3e1d,ngageoint_opensphere
9860,a835cb19a317384560b37a8cd10fa4e64e08a2a3,ngageoint_opensphere
9861,a83f97b0fb657b1f606782c29bd37aae9c27ba3a,ngageoint_opensphere
9862,a83fbd380a48eeb34901b97eb0a6a8dfd01712c1,ngageoint_opensphere
9863,a84002bfe66b36dad08e9b151389c4d8ee4c2abd,ngageoint_opensphere
9864,a84256d76466766642e870892083f52a01530629,ngageoint_opensphere
9865,a844ccfbe83aadf77f49f5e3b843614c2211e00c,ngageoint_opensphere
9866,a845947b3e5ba0bd517b0393d15194851681d229,ngageoint_opensphere
9867,a848876783ce1d70cf2ed83e705eab7fa3397e92,ngageoint_opensphere
9868,a84eb0b59bfa7a4520082882020eb57e61bfdcf7,ngageoint_opensphere
9869,a84f0033ad7eddd289f1b18b71d77ba21968e60f,ngageoint_opensphere
9870,a85bd650b3f7923537f2f5f89707f716582fd81d,ngageoint_opensphere
9871,a85d4cd536fd578c36652d2e1ca25e8e482f4f95,ngageoint_opensphere
9872,a85f26bca7c692fe2f8150edc06ea8b99c4af19d,ngageoint_opensphere
9873,a86227c8615393e3ee7f525d5af10112981c15f7,ngageoint_opensphere
9874,a86859ed959618d3cd02d8fe723140ee71ff77d0,ngageoint_opensphere
9875,a8708e9c936420df028c3e0fd91b9328320e835f,ngageoint_opensphere
9876,a884733de60a609f7ef810ae9121918eee5f3e29,ngageoint_opensphere
9877,a88b3cca9f83bfe17a7d7d30df0a32e5b4130cfa,ngageoint_opensphere
9878,a8934b948e52616843e281e5c44e7a95e7902e97,ngageoint_opensphere
9879,a89c184ab363d3ca0cc80b3d623fae43e0030445,ngageoint_opensphere
9880,a89dfcf3859cabe3eae67094439d94a3fecdcf1b,ngageoint_opensphere
9881,a8a0a218555d22c38bda64c974a36c33991811dd,ngageoint_opensphere
9882,a8a4c63530cad934f746d1c9d1e40364e6451811,ngageoint_opensphere
9883,a8a817a464c9a85be494ab5e0ea4d9a4af296f8b,ngageoint_opensphere
9884,a8a8549852183eeafc16cfb4096ce11a8878b89f,ngageoint_opensphere
9885,a8b2a81275855cffc0455b0aa9aed85da67a162f,ngageoint_opensphere
9886,a8b47db56effc35ee892869efab99abd082b7198,ngageoint_opensphere
9887,a8b4cbaa62458d2b5b0f528531dc5a3e36c7d880,ngageoint_opensphere
9888,a8b4e749b60c63d62eed7b4519eaf0f1ea44b0d9,ngageoint_opensphere
9889,a8bbe09c1d93478c1be5d5bf935ed22329e7d806,ngageoint_opensphere
9890,a8bf0aa2b686d3becb73d11f7081d99bffa222fc,ngageoint_opensphere
9891,a8c14005cbee4428d338b4eba2c1671e13202287,ngageoint_opensphere
9892,a8c5fb0a45472fb14fd65f540e3da8c8a2dd748a,ngageoint_opensphere
9893,a8d0cf1fbe244c53301d94c68d2f7e17f0b53e4d,ngageoint_opensphere
9894,a8d3a7bf4762f90798b4289e14542439a7908956,ngageoint_opensphere
9895,a8d6fc400808c878b6fc2a5e97a5f0ba28f5c8d4,ngageoint_opensphere
9896,a8da419be319c853e3c049f017524cf3418e2bce,ngageoint_opensphere
9897,a8dfc2850f4fc96d1c08898ab28ea4f4662716a2,ngageoint_opensphere
9898,a8e12a13fd68b69e8ad8ce0d8d00214b09cb73bd,ngageoint_opensphere
9899,a8e48ac0729aee332b6d6b4e98c201bc44377c8c,ngageoint_opensphere
9900,a8ea7468d0d55a28cdbe86392a0031b7e8d36ac2,ngageoint_opensphere
9901,a8f2630f8de50980b9204fc89668d3ecc427177e,ngageoint_opensphere
9902,a8f4967c9a63c5aed6fc0940497f7edf0fb8c8f6,ngageoint_opensphere
9903,a8fcd15828f17e1b3fbd2870e94c214d91a8d32f,ngageoint_opensphere
9904,a8fd14aca6d52e091954b753715d33d7d90c7523,ngageoint_opensphere
9905,a8fd5e3d1bdfa97fed5762525e3e615ecc86ccb3,ngageoint_opensphere
9906,a90265d59dc0e2431c14a08d7cef83f1bdfaf94e,ngageoint_opensphere
9907,a904a5790511abcd121fb3cd08eb7cabe45f6642,ngageoint_opensphere
9908,a904fcdc405f6e6837b2397701ef897c39420f47,ngageoint_opensphere
9909,a907017255f38be888b8e515475422afef4f42c5,ngageoint_opensphere
9910,a90b5ba9df55d73a68bc2344f7b71546e334d3f2,ngageoint_opensphere
9911,a90f1fc432645e2a0e02a6f606f6338bfd33fa6a,ngageoint_opensphere
9912,a91057efb48361a4f980c305adaadda1762f07f3,ngageoint_opensphere
9913,a9114655f702bf59f0fd4a9263fa9916c5ed66d4,ngageoint_opensphere
9914,a9229dd736a3991193db84fd209023448cd02b3b,ngageoint_opensphere
9915,a9241f77a868f52c96f182377df2c2b3b36390b8,ngageoint_opensphere
9916,a9253f9d1be695709f062b410e28f1fb31c5508b,ngageoint_opensphere
9917,a929b2520994fe9aacad145be7719328d9f47d9a,ngageoint_opensphere
9918,a92a8a428cba92421316987a374b863c610365e2,ngageoint_opensphere
9919,a92d453a38162d55c01219b3a1dcf3bfaa4080c7,ngageoint_opensphere
9920,a92f0ffb96296385721a8c46bb0747158286a8c9,ngageoint_opensphere
9921,a93837083d89a16eec36c26cc8e381a5837b91b5,ngageoint_opensphere
9922,a93a129abac495ba9141931a95eeb4e68aeb7d03,ngageoint_opensphere
9923,a9431fa941e8d9b46e2f793a3402d8e644fb5c4f,ngageoint_opensphere
9924,a944f4eb50126b72fc10ff7353f451545258bb7e,ngageoint_opensphere
9925,a948534003cabc1584cff624f4500550b4489644,ngageoint_opensphere
9926,a949e75c09acb75afa6e1444cc537a7e8d9a8ee6,ngageoint_opensphere
9927,a94d8333bbdb5062bc2920c38eef95dbd349fc0a,ngageoint_opensphere
9928,a950df2bbebd6598ef74cfdfec82770390edd458,ngageoint_opensphere
9929,a9535b92b377a7e1948ae760b3736cea526d2901,ngageoint_opensphere
9930,a956bae13c9cab198f8a4bc8971e6e83a3e27805,ngageoint_opensphere
9931,a965acf99c51ce726330011cf7004cc9f71a7440,ngageoint_opensphere
9932,a96630005f7b8e287a663bc3f625fc811e2c32fa,ngageoint_opensphere
9933,a971c569b38fca649ff84c5967a082b501aff007,ngageoint_opensphere
9934,a9738d274ff9bea495db07dc9bad3371c65132e1,ngageoint_opensphere
9935,a973e83564cfe59a253785898f886aa4af849a67,ngageoint_opensphere
9936,a9743599f748be1a3a66a463fbdfca0d04050d05,ngageoint_opensphere
9937,a977316a39749a16dde9cd8f25121e337ded0421,ngageoint_opensphere
9938,a97ab1295f74f6bfe5708bde9b5c421eb216305e,ngageoint_opensphere
9939,a97b0bd4095e89281d71846cf66c19a331355202,ngageoint_opensphere
9940,a97db44638c0b29bc425a4aed3d2afe383582b93,ngageoint_opensphere
9941,a9836c7da759ae08841a059f8e56ac8f8fa3bf8d,ngageoint_opensphere
9942,a988673fde0fa99bb129f9279afbce1a5abef053,ngageoint_opensphere
9943,a98e2e55e41a875b4ca914f2d1703dbda8955c45,ngageoint_opensphere
9944,a99c178ea1b78999a5a1d62adb4b180529b4551c,ngageoint_opensphere
9945,a99e9b91f5646b977e3c6c763201ff51d560a2f5,ngageoint_opensphere
9946,a99f1ae21e92dcf9a4134a8ebcc4bfa1c3ffa8c3,ngageoint_opensphere
9947,a9abd29b8ff9759675f1eb1a5f47690dbc6b7282,ngageoint_opensphere
9948,a9ae7ef3d2d631d018664eaaa7b61d34751d7a9c,ngageoint_opensphere
9949,a9b108b57fda98e741bcf0f5ab8ee893cb89297d,ngageoint_opensphere
9950,a9b4977534d9aff36c15ff4de4033001bc2a0950,ngageoint_opensphere
9951,a9b49f44ad4118025bbd782f2a6c24482d1ba82f,ngageoint_opensphere
9952,a9b53737703f720dc804988aae3b09a5ed36a6be,ngageoint_opensphere
9953,a9b7de12b1b9135d3b8b5222bc42312a6d3e8341,ngageoint_opensphere
9954,a9bd1f8983d91d8629630c37cd531c57fea7c788,ngageoint_opensphere
9955,a9c23f63cbc29f1ec8a5a62c7c7e0832d3078b23,ngageoint_opensphere
9956,a9c7892475b0f2371d85aa8ac236344f5d07f26b,ngageoint_opensphere
9957,a9cbbad4dce77307b74ad6dc4fa86cf9d8d3cd7b,ngageoint_opensphere
9958,a9db3bad5fa447450ce451f6a59f9560c7a14b9e,ngageoint_opensphere
9959,a9db68b34e2c255107159d2615cbcd7ae77ca3eb,ngageoint_opensphere
9960,a9dc2ac070f16533aa0b237b88413150f92b3874,ngageoint_opensphere
9961,a9dcdf536dbf7f8a4d93b4c24831a205c1490d10,ngageoint_opensphere
9962,a9dffb7ea09be7677d2b0f47a47631e0c12ce7f4,ngageoint_opensphere
9963,a9e21c701af8f4fb10c812219309efee57e41d79,ngageoint_opensphere
9964,a9e678bfbce8b2515c48de84d8ac1d58a2d22f81,ngageoint_opensphere
9965,a9e6f444827a66f35178b017a6529bc9c95e7505,ngageoint_opensphere
9966,a9eba10a5b688d47de18ee4776c68c08cd2d5022,ngageoint_opensphere
9967,a9ece88c324d393bbf18631fd4e9558cae8218a8,ngageoint_opensphere
9968,a9f24ed41e0621071694147daa6934395afa788a,ngageoint_opensphere
9969,a9f876d085dfcb9d1a498c0c638df3de7911c2b2,ngageoint_opensphere
9970,a9f900de5be668b9e54942a28895a73aa04f227a,ngageoint_opensphere
9971,aa0282e12e0237734842abac9f5ec451db00c642,ngageoint_opensphere
9972,aa0a6f60445128bc49b459fdaea90d9d1fb77647,ngageoint_opensphere
9973,aa0df02a588638f6ba3e684a4022f5a403e8ac2d,ngageoint_opensphere
9974,aa101d849deb250f26193cf432c452d41561a223,ngageoint_opensphere
9975,aa1081760f05a4a42ddf6bf6218e6f88829e505b,ngageoint_opensphere
9976,aa1900cb788f7734891bd2c8f22a24e66b673efc,ngageoint_opensphere
9977,aa1bd538926d4e02bef2b4d584ae98b85f3a7004,ngageoint_opensphere
9978,aa21bc80a41c998cfb25c17c371f04abcfbeef95,ngageoint_opensphere
9979,aa259308ceee3d72114a15e0a80d3413d46b4f8b,ngageoint_opensphere
9980,aa2d3abb21b573d86c4a8c923d6beb56d94d9676,ngageoint_opensphere
9981,aa35c5c8163b8a404dc8f87d171540e617bd8a18,ngageoint_opensphere
9982,aa387c69b49998cf3716008231206f73c98eefe3,ngageoint_opensphere
9983,aa38b49b5513488aa579348db3dc6df77315a662,ngageoint_opensphere
9984,aa4447a9a1b0a0985841ececa93cabbf7e8b7a45,ngageoint_opensphere
9985,aa477a8e44229ff99eb91621569c533cde497328,ngageoint_opensphere
9986,aa50b3591af32c3a77316dc3265188086a8b49e2,ngageoint_opensphere
9987,aa53dfcf0f419292ff165daf64c23219211006fe,ngageoint_opensphere
9988,aa5ce8626440abe73f28e2865246baba7ce6a73d,ngageoint_opensphere
9989,aa60e85b31b9d72f5166794420bad60ebdc390bf,ngageoint_opensphere
9990,aa648944695190db293ed2125df48cf32435bf1d,ngageoint_opensphere
9991,aa6882a60beb690a777ff7138eb3c870ff3883f7,ngageoint_opensphere
9992,aa6987b36c66aa57147e2975080c7bd82f54ea9b,ngageoint_opensphere
9993,aa6dd30a260a88b7a7b36fd45c6229ce7869fbb8,ngageoint_opensphere
9994,aa71b9585c87a9bc7a621fcc480cedbfe438fe9e,ngageoint_opensphere
9995,aa7cad9ee0ee2d822b849a859b4e566bd1f8083b,ngageoint_opensphere
9996,aa83509f0172aa4767fab937517eb9a152312da1,ngageoint_opensphere
9997,aa848d7e47c5c93d0807843d00d43760a6dc4fa5,ngageoint_opensphere
9998,aa86525bc65bc6bcd5fd8d17385d1d62352ae9cf,ngageoint_opensphere
9999,aa8ac8bb2b9e2c62aa70d842666f34e0cd681caf,ngageoint_opensphere
10000,aa938f4b72752edf3f1cd60173002b5e51cb9c5b,ngageoint_opensphere
10001,aa97a4bfd616bd7d6904f0e5a48cefae9939c9bb,ngageoint_opensphere
10002,aa97db3d13b80f05b5743e0c384a22908428312b,ngageoint_opensphere
10003,aa9e2715569fb6e000eddc5de03281c374f09a68,ngageoint_opensphere
10004,aaa26a2585133a4f743baa29ac5075f1f6c9f316,ngageoint_opensphere
10005,aaa818d0af4c2b5c7ad2452c6b0b046c54f96f40,ngageoint_opensphere
10006,aaab7988e906be8a2a445b2edda73b1138c7ec98,ngageoint_opensphere
10007,aab171113f1a532d3dcb358189e3a0530118d761,ngageoint_opensphere
10008,aab4b75c1ec4bb5b3c63ba1da150d556483d670d,ngageoint_opensphere
10009,aab60237de0f93f67dbf305499c3180db21c12e6,ngageoint_opensphere
10010,aab66f7d71af80ba6eaebda4b52c567bd756a134,ngageoint_opensphere
10011,aac0b7b8cb0502f4100e222b48019528bb095902,ngageoint_opensphere
10012,aac62255d752d743ca8ab87e26d73e2945876d62,ngageoint_opensphere
10013,aaceb853ce1c02641466106d683c5a707070fd52,ngageoint_opensphere
10014,aacf543f6a5800352714dbe45398c4c922ea301f,ngageoint_opensphere
10015,aad2b6481aa99063df856de67d2999d70dd873c5,ngageoint_opensphere
10016,aada814e9b3f6bbf1d55aeb2c73bcd0c1abb570c,ngageoint_opensphere
10017,aadc5f09d54e103997c794886bc86788a6adc904,ngageoint_opensphere
10018,aae1a6723b6c6d664b1668dc712c84e39eb24768,ngageoint_opensphere
10019,aae2b8a22b0a72dd69015361dbd3db7c1d28fd55,ngageoint_opensphere
10020,aae3595c0a6da40e48e0b2b0ed81dee25a6e5fdf,ngageoint_opensphere
10021,aae55e87daed65382b6bf3ff98844004d91992ed,ngageoint_opensphere
10022,aaf4366485630232d53db12708b45a3b4dc87e46,ngageoint_opensphere
10023,aafde9735d6892d4fd60967a42ff7b78ba9e7469,ngageoint_opensphere
10024,aafe516f0d22f70cc0279ac87f191c0c2c3170e0,ngageoint_opensphere
10025,ab02e0708a9333cd5f71278d58c464f761f5f81c,ngageoint_opensphere
10026,ab08e79fba4230f30a776f1c56f2971ab2c52d69,ngageoint_opensphere
10027,ab09c8fcb66455b357ed3720fe461a407af6abf5,ngageoint_opensphere
10028,ab0e009476943caed7ddc5da034eb03678b5c2c7,ngageoint_opensphere
10029,ab0fdb72e44f01c7b4c5de9c73d2adaf83c50834,ngageoint_opensphere
10030,ab12347e8cc5d1c0a7851ad4be5eeb043d00e864,ngageoint_opensphere
10031,ab16415e68eb5473158282182f697abc61c64a1b,ngageoint_opensphere
10032,ab19a458edc2d2aa893081cfdfef0e4aaf829459,ngageoint_opensphere
10033,ab21a76179aaf56fb9ef3558ff5837184d363dd6,ngageoint_opensphere
10034,ab2f8cf049c082621a02ab43e18e909478bdb0ad,ngageoint_opensphere
10035,ab31b643cd0feb1d8e2cc01d5c4d6cfc458a6958,ngageoint_opensphere
10036,ab3f76e0f60eb79f780a6b86ee7771b9567a843b,ngageoint_opensphere
10037,ab439bd5fc12ba96bffee6bd677cbb09e8ebabe1,ngageoint_opensphere
10038,ab46b92efc27f58dcbfaa9152f6d53826a739dc0,ngageoint_opensphere
10039,ab47af738860b8adf83d659c53f3d4cda3d56567,ngageoint_opensphere
10040,ab548740890b53459cab290c43146d65a16ce9c9,ngageoint_opensphere
10041,ab5a3b3d1e57251b40772aa51721957dd1edb2b9,ngageoint_opensphere
10042,ab5fa640a514080dd80cf6f9dc5bd463e6c23018,ngageoint_opensphere
10043,ab62dcf3d00447a65a8567d8194af8cdb35f91d9,ngageoint_opensphere
10044,ab64c40c246246d34e21881776924d4e3885269c,ngageoint_opensphere
10045,ab659c2f237284bbb1314943ba0a7f674b8aafc2,ngageoint_opensphere
10046,ab675a1240b378e56a2ed88e4bedf057321dca5b,ngageoint_opensphere
10047,ab68dd564dbb124953f296d1846c6def6f4d16ab,ngageoint_opensphere
10048,ab6df230d0c2d326653f04a224306384e3dd868f,ngageoint_opensphere
10049,ab6f07d28beb1a4540c317ba70e6a479b45f8a04,ngageoint_opensphere
10050,ab71dffb557ea07da4a3a3b7633de63f7abc19f1,ngageoint_opensphere
10051,ab72252c8c8a43a545acac9da737f81554cc2ad0,ngageoint_opensphere
10052,ab751ad1dffe439b5fb48b7e9ac044a383c54c11,ngageoint_opensphere
10053,ab7683a1da8031047f2d5221ebb06a9c09ec4b10,ngageoint_opensphere
10054,ab7cca27c6b111591a853262ac30c02c49661008,ngageoint_opensphere
10055,ab7e10378269638d7785c71ab5b5287404cd3973,ngageoint_opensphere
10056,ab8170879017455d85a5debc3ecfb92f0dccf6ad,ngageoint_opensphere
10057,ab87bc853ecce05a70860b8a3c9fc25dd69ac612,ngageoint_opensphere
10058,ab88c77dc5955c1047608cf5110a5f1f2b680e68,ngageoint_opensphere
10059,ab8c6e8ee426d456a50998b5cf854d129c0e5c27,ngageoint_opensphere
10060,ab94b80a64582c100b03cefb2f40d8d855bfde30,ngageoint_opensphere
10061,ab9b00143a90a93d44440378753bc9b001a41608,ngageoint_opensphere
10062,ab9cfa9a04e24385b17eb2a7e0f51334f51d8fb2,ngageoint_opensphere
10063,ab9f850c3e5ed053201cc9fee2b2d15cb729cd5c,ngageoint_opensphere
10064,aba31a4daea0d73a847ab524b610578a1c750218,ngageoint_opensphere
10065,aba4811ba8e28e9ac22185fda35652ffe25fa881,ngageoint_opensphere
10066,ababdf18ed8a861b203f0a847a41f8226f0be05f,ngageoint_opensphere
10067,abaf2320d2d355df9ece7124d9da588cd60e9995,ngageoint_opensphere
10068,abb0cfe743f6f3d00df150bb4612b7617c2c93f5,ngageoint_opensphere
10069,abb131774ed25abffb5ac60251a5493f07611f97,ngageoint_opensphere
10070,abb67df38a6af51f5b8c491b9524b23bc807bf77,ngageoint_opensphere
10071,abbad450eb9b263cb3aadb752c3bf4ea11d69124,ngageoint_opensphere
10072,abbaefe36e3f82bf0094dc46305cee5ee49d6119,ngageoint_opensphere
10073,abbb05947d599b90442c8378b48f7a1441241fa8,ngageoint_opensphere
10074,abbc4e6fe9c35fc63f38211ab450877ac858b6ad,ngageoint_opensphere
10075,abc079d3a073d374433710111079768702c75d24,ngageoint_opensphere
10076,abd07468963d100c50b2bda61c3e553249ce1dcc,ngageoint_opensphere
10077,abd3b1722ec0f407eb4dd2162ff3556304a0a28f,ngageoint_opensphere
10078,abd7c4561c6eba5bda925540bd07c140e9c6c7b6,ngageoint_opensphere
10079,abd919d2ab0400e0f04250d2b34353ebfe32b6dd,ngageoint_opensphere
10080,abdf20de62864b25b53f930ad4db8cb432f10a91,ngageoint_opensphere
10081,abdf2ca62a4d9c3512dd9cebea6595441e0eac1f,ngageoint_opensphere
10082,abdf36ebd4c1e4114a2ce8855631422e59658a70,ngageoint_opensphere
10083,abe096a77b660e524e7e3aba5713d5951bd790c6,ngageoint_opensphere
10084,abe174a679adbbf228d8930f1bcdb231d00a48e6,ngageoint_opensphere
10085,abe9b539cceacda293d84a8bc18d91ee4190c34d,ngageoint_opensphere
10086,abeb17a7db5944209092cec7a7e666b36ce625bb,ngageoint_opensphere
10087,abf371594585dd7db3287355fdb8ab8776ac6b63,ngageoint_opensphere
10088,abf39934a44856d9702db41a7d00e826adb2f898,ngageoint_opensphere
10089,abfe29284f1b1472b2eaf8f37d557bb62ffc9821,ngageoint_opensphere
10090,ac0402715e2084a6657f41428142925893af17d1,ngageoint_opensphere
10091,ac068bf82e656b3fbd00d3939e0cbce8d187c065,ngageoint_opensphere
10092,ac07d96857f4c58d25fc885b58f543a991696ce8,ngageoint_opensphere
10093,ac0e4bd65d27058dd56d075851f3ba4860cdc4c4,ngageoint_opensphere
10094,ac0f4431991157a585a38a4e1336bfd144d99503,ngageoint_opensphere
10095,ac155c52caa85ddbc5123faf58f142f081f68d34,ngageoint_opensphere
10096,ac180101df4ca2af4e8feb824cc539969075f981,ngageoint_opensphere
10097,ac1c5a97f846866d6a6ef95b5fd6d2842a0081f2,ngageoint_opensphere
10098,ac1e0af62483e845034280f73967bd70a00f7c09,ngageoint_opensphere
10099,ac1ee9e1c830581c269539344ef6983b4ca5e77a,ngageoint_opensphere
10100,ac29c0306da836977d12ae0e86aee8b7c8acdfce,ngageoint_opensphere
10101,ac34dfff5014008c7da1a5aacd38463530684955,ngageoint_opensphere
10102,ac4145afabe0ce0f224ea8590b2187f43c9f1c2b,ngageoint_opensphere
10103,ac463fd24ef57a27c7ad334c57589010296ef0e3,ngageoint_opensphere
10104,ac46ae5ac9cfa6f7ba56891d42e4e9083255f75a,ngageoint_opensphere
10105,ac4836200a7f4bccede66e12cc95a9d8787750a5,ngageoint_opensphere
10106,ac4d695efa1cd04fe1c2373b5ca6348d61c8be3e,ngageoint_opensphere
10107,ac4f2de9f69eca273b0171c806d1dc62d5c21adf,ngageoint_opensphere
10108,ac4f5bbfaf2d8ef4dba853c18d4c11e585e274b9,ngageoint_opensphere
10109,ac575693c53d0f92e6e7139adffd07e78a637bba,ngageoint_opensphere
10110,ac6384e4a41479ea9152015c210c2c1966445568,ngageoint_opensphere
10111,ac66e8ce88f9b90d89f2b07dcb3b73c9a28b7fe9,ngageoint_opensphere
10112,ac692f1600d8625c8b70339146b9186cff411a4f,ngageoint_opensphere
10113,ac6c1790852e6cb4d392cc5fe03fbebe5f534be5,ngageoint_opensphere
10114,ac6ce54a25dd7e39e493d4e2480f5ccdfc6e855a,ngageoint_opensphere
10115,ac7083abc54c21f6e5f8c1f7ca4a308e8fee9b73,ngageoint_opensphere
10116,ac72fcfe16ba70c8ec064609ab32d9e791c55143,ngageoint_opensphere
10117,ac837fa8fdce914553485622a175a131b21a61ab,ngageoint_opensphere
10118,ac885554966218a3c581c60362efd28e783a671d,ngageoint_opensphere
10119,ac89c934fbf0395a85b56518fbd5c9bf19f88b40,ngageoint_opensphere
10120,ac945aa91bbacf2b8b50db12c4c1ac2895460d99,ngageoint_opensphere
10121,ac95f63a0fbe271f79c52cb62502bd99ebe79644,ngageoint_opensphere
10122,ac9e912b14fb5dd3aafff9246aa3a8eddb3096bc,ngageoint_opensphere
10123,aca95f9e57de02c13e1e0002d66c62a6897277cf,ngageoint_opensphere
10124,acb08a1f501439e25121bb06ce17a2875b6d7ad9,ngageoint_opensphere
10125,acbd23c51ce27beecb1caaa14eb2dab97e2c7775,ngageoint_opensphere
10126,acc24491d09e8f7050fa73d20c8f6b6dfaaf0e7e,ngageoint_opensphere
10127,acc93de918e39126ca7bac0ba52c7482fdb88d60,ngageoint_opensphere
10128,accd57e7298cd84b2e2ff53e86b3594691e5e6bf,ngageoint_opensphere
10129,acce3979480489d4fb1daea5bc130ff2391783e4,ngageoint_opensphere
10130,accf2493d93e5dafbbd64dbf7dd4561c109593f2,ngageoint_opensphere
10131,accfb2428b95b2f7bda98d703a56a73491441309,ngageoint_opensphere
10132,acd07d46f6694522ef51897fcb3fac09c32d59dd,ngageoint_opensphere
10133,acd13cbd1e3d2fe978328fd5ec40c0738f0f3497,ngageoint_opensphere
10134,acd2df18fd2faf5907c70ae2b80c77dcec4a8a38,ngageoint_opensphere
10135,acd46f6117ce914e834a181c4f4090d8675696a2,ngageoint_opensphere
10136,acd5aea28317b007af303ee35816131811d9c071,ngageoint_opensphere
10137,acd800b4804752d5b50c5df5ebf9968619fcea3e,ngageoint_opensphere
10138,acd9ab9213fba8928fd2ff40d69a49a96ea71d38,ngageoint_opensphere
10139,ace23bae6ce43c499f99e0ddc64a55231b83e41c,ngageoint_opensphere
10140,acf056b07e146e40d86189a76da28bb6e9f37301,ngageoint_opensphere
10141,acf0b1dd496bc6b693f511bfdc673445156c77a5,ngageoint_opensphere
10142,acfb105bcd976cb095d4da8b65510bf4d83d3017,ngageoint_opensphere
10143,ad0166b17d842d9d02682532f1125adcc95b58ef,ngageoint_opensphere
10144,ad07096d2785c8e251d6a5247d6c32a9cf46a3e4,ngageoint_opensphere
10145,ad09704ead2bd5767f6994b4e053f6066a38f331,ngageoint_opensphere
10146,ad0b9cf72fd09783c703586fdd86273d8c35b207,ngageoint_opensphere
10147,ad0e4477844f6dcdec5f90435518f4c6259345fe,ngageoint_opensphere
10148,ad0f6be14d744f049e3380955de6c02dd3ab49ed,ngageoint_opensphere
10149,ad123a1994c2d2df92e98f9741cee5a91fa6b81e,ngageoint_opensphere
10150,ad1580187b50bae78750240a01a2dc83b42c68c7,ngageoint_opensphere
10151,ad1a1fb002d2e159937f290599e2e5ce994c800a,ngageoint_opensphere
10152,ad1a75d5f198be5247266f99aa1ac9e85ee669b8,ngageoint_opensphere
10153,ad1f133e9a444c4382cf6de7788f9dcc65765a15,ngageoint_opensphere
10154,ad25a66e8cfb4309ea9216f69bc5ac6f5757e083,ngageoint_opensphere
10155,ad2a1ed33bf8fda7ebe614b7edfe0e8ded8358af,ngageoint_opensphere
10156,ad31fde4e7082fd9e33dda3f5763375882bd2a0d,ngageoint_opensphere
10157,ad32a7bc8884ac16721161213c08e9f2211e4da6,ngageoint_opensphere
10158,ad337c251857ba60920253f556be5a3959effd0b,ngageoint_opensphere
10159,ad36c30099001d70504e1938936789e4de4db75b,ngageoint_opensphere
10160,ad3b1d9b928a78ef84e8e69c8801ae205bb158ad,ngageoint_opensphere
10161,ad3cf0cbc06d740ef61da94b9d94e4e5e4fedec8,ngageoint_opensphere
10162,ad4197b90456b2f42f1e27317bfbb6499a8e4f9a,ngageoint_opensphere
10163,ad47306354602e697c1043bb08333de4136973c2,ngageoint_opensphere
10164,ad4a9fce1a0d559634068e4a413e56a9ec6b7f54,ngageoint_opensphere
10165,ad534130c1ee0a5c3dd791afee9ac72812dde0de,ngageoint_opensphere
10166,ad54d8766a366a05f5b87828fd941620089f8f8d,ngageoint_opensphere
10167,ad5744491bb6c79bc7ea13d7881e5fe4d90503ec,ngageoint_opensphere
10168,ad5cfc2c4606c1bd60b82935cd7868139f33fffa,ngageoint_opensphere
10169,ad5dd2579b6790350dd18c684b863f79d0d60c84,ngageoint_opensphere
10170,ad60ed103d11342f4da3ef5a958c08ff075d865c,ngageoint_opensphere
10171,ad62b96434f5dd0a214758b17ad8ff6210b47302,ngageoint_opensphere
10172,ad62f1580bb800b9df47d78c50bfe8c4d29fc860,ngageoint_opensphere
10173,ad645366f6a289818463b43bceb4e167d7cf78b3,ngageoint_opensphere
10174,ad671aa9bf53bce16e3372e8c5859187df37988e,ngageoint_opensphere
10175,ad67296710931d5a5d454712881955293b006da6,ngageoint_opensphere
10176,ad692badb5720abf38b4cda9f8d10b842ca08ffa,ngageoint_opensphere
10177,ad6bf443a89e8c0b15f3dc14f9e5000bbbbaa4f7,ngageoint_opensphere
10178,ad6d568c6af51c4fb9f11832a29263d0b69cbc01,ngageoint_opensphere
10179,ad702c1f98b4f45e98bc2780ec58b9217d5c8e23,ngageoint_opensphere
10180,ad70e887b8c4ea99a61f44cd57f52ae87ee7beb9,ngageoint_opensphere
10181,ad7183f629dc8453867201a24a3de8a6deb92088,ngageoint_opensphere
10182,ad7582019a2de20e11f8702823fca04c7a8b58d1,ngageoint_opensphere
10183,ad7604748fcf2762d98c33c061afce6b3c0d8037,ngageoint_opensphere
10184,ad7db01989b3fdfbd8e6d49b5e8e28bdda87b2f5,ngageoint_opensphere
10185,ad80e55ff625abd9069d69677dc8b949b99ef18b,ngageoint_opensphere
10186,ada0491999aaff8bfd6969d6e4baf663d6cb5db3,ngageoint_opensphere
10187,ada2f485bf33ae3bd40cde8328d85a58d541da9e,ngageoint_opensphere
10188,adac4f590b6dceeca5175e33d331d77c8cc27ff2,ngageoint_opensphere
10189,adaf1fe5ad70038dcae8bbadd58e42605763c7cd,ngageoint_opensphere
10190,adaf8a2bab963194b086c8272323e118420f59f9,ngageoint_opensphere
10191,adb0c8dc6ef7b8a7bddd40e03fd8996975e7754b,ngageoint_opensphere
10192,adb2cc28abea1c72b665e273b33aa37428a90f6c,ngageoint_opensphere
10193,adc2cfaaf0911645245a7c48548ed5a6aabff490,ngageoint_opensphere
10194,adca9a2f8af2d8bd5af394ab26daca7204fba6f2,ngageoint_opensphere
10195,adca9e53391563368bc3f364b74ba7a48943f089,ngageoint_opensphere
10196,adcd137fb76158b7c60ac9c5dd11c3ae5f1f6a41,ngageoint_opensphere
10197,addba48293810c21512844801127aa254edd6757,ngageoint_opensphere
10198,ade190a1324fc3b26a7248b20b10c5f5da72a24a,ngageoint_opensphere
10199,ade4f21d7a01cef5f74d6aaee8720d505efd6ab0,ngageoint_opensphere
10200,adf2dda98a544ae285b787ad23f59edd2a509af0,ngageoint_opensphere
10201,adf3e181c3acee07b7d719cd801ab1fc79b3085d,ngageoint_opensphere
10202,adf5febb0939b4f2d9ddc934f63c16647dd8b615,ngageoint_opensphere
10203,adfb8bc6c616b06f4b0f7e79a680f38f0403667b,ngageoint_opensphere
10204,adfcc46be30247451b5459b8c2dbfe4a3757d220,ngageoint_opensphere
10205,adfd1dfb9cb4363e31e04157677713b55c18ac77,ngageoint_opensphere
10206,adfdc255eff02a8f848b4e70433217c82b4bb774,ngageoint_opensphere
10207,ae0312762f86b696e149c699f03fc16029910f37,ngageoint_opensphere
10208,ae076a8f5467dde87b8e100fcebcf8d8ba967c80,ngageoint_opensphere
10209,ae0798201c1100e2c7c4b3ef1b53e1591408e596,ngageoint_opensphere
10210,ae0db42137d5c58c40c34eb19a14fbef0e918f93,ngageoint_opensphere
10211,ae1335bcefbe46eaa966c40b3b4fb50381c0be4c,ngageoint_opensphere
10212,ae13811fef3ad10e9f5598e1fa089cf43a23a075,ngageoint_opensphere
10213,ae164cb18bf1436ac74d09fbe93040d2fa5c6801,ngageoint_opensphere
10214,ae28be6796c4f883254f59d0ad05149fc39eff74,ngageoint_opensphere
10215,ae2cd62fbd26b722b77c7a9f575028e0d5fbdc78,ngageoint_opensphere
10216,ae35843affda6f7f97e23a42dfedf8ea37540a21,ngageoint_opensphere
10217,ae38aa31218963eb45df7511bdb119da0cceba8b,ngageoint_opensphere
10218,ae3980e68969633dc5da5580ecd4714b439e2c6d,ngageoint_opensphere
10219,ae3c70ab6aecb44fc8deeda7d66a42573ca4db2d,ngageoint_opensphere
10220,ae453e7bb70ba6888b3c6875bdcdb1d0dbc42aba,ngageoint_opensphere
10221,ae459bffd26bad95cb3e44eb04eb174ac65f14f7,ngageoint_opensphere
10222,ae4a528dfd31fd055a2a2357033d9a4af6806187,ngageoint_opensphere
10223,ae4b78be72c86864c408687960322e03f233b99d,ngageoint_opensphere
10224,ae5371e64ae9413490a211c81b6b8592216fbea3,ngageoint_opensphere
10225,ae595e830e7fc1daa0902277abf788ee4a506479,ngageoint_opensphere
10226,ae604b53ebd2624d086ddd4cae890e944188ec2f,ngageoint_opensphere
10227,ae63251fae06c5cc23e1747e08b2ddcb26117180,ngageoint_opensphere
10228,ae64a4685a52c598ac4f9a03936f8254d782f94c,ngageoint_opensphere
10229,ae6b5c59855e2f8fc0ec423ec2fc680b40075c44,ngageoint_opensphere
10230,ae6c38efc310206a04146dfb7038c592fe337920,ngageoint_opensphere
10231,ae6c92c0578e78d8d77b454f559acbcbdd0731d3,ngageoint_opensphere
10232,ae6caeb312140e6f75c71bec86c7b91c12b8ea8c,ngageoint_opensphere
10233,ae72328ff2ea0299d7019cc132c90b76bb31c5df,ngageoint_opensphere
10234,ae795b62f7a0c662e635442574489cd022e046dc,ngageoint_opensphere
10235,ae7b63f7edf5f069b7b35999c8c5e73a26102b7d,ngageoint_opensphere
10236,ae820492c35746a216c99e8d7226d59aa2434ed3,ngageoint_opensphere
10237,ae83d7febdf316635a1cbfe2fec8ff38db424d19,ngageoint_opensphere
10238,ae842d9c7b273c5339331d9eade9edc10b340342,ngageoint_opensphere
10239,ae863d031b9c598755cc2d9606bcda65b6747619,ngageoint_opensphere
10240,ae8a9868ce7714553475355aaaccc124bd33c4ce,ngageoint_opensphere
10241,ae8c955d4698d281c33fb727a97be20cfb815fbb,ngageoint_opensphere
10242,ae91feceee7c536bffe37455e765f034239c41b5,ngageoint_opensphere
10243,ae95216ab16985c5deb497b822d69c3c6daa190f,ngageoint_opensphere
10244,ae9fba11fc1abf177af8284f99ab430d079cc4ed,ngageoint_opensphere
10245,ae9ff774596515b0c3cb4f65dd18f36ffc05c596,ngageoint_opensphere
10246,aea5a89ef939f39f43b5d03df8ced7ba59814ee9,ngageoint_opensphere
10247,aeae8953c28aed35dbd642d62452d8d74b39bee3,ngageoint_opensphere
10248,aeafae9f5f8d4d63be53409234b7ecfcd4d9cce4,ngageoint_opensphere
10249,aeb188728ef525b451d0e4bf52fd9a0296bd2a64,ngageoint_opensphere
10250,aeb28e24004e39cea23eeca8b37f3c336b0d8eca,ngageoint_opensphere
10251,aec01c864d11fa76b3a2b9536bfb39ef9624db03,ngageoint_opensphere
10252,aec14b78d6eb16eef8ba5274f277d71519085e9f,ngageoint_opensphere
10253,aec152fa810ce23b72342d45614e61242b7d1536,ngageoint_opensphere
10254,aec1a08cdd9eaca0656933948f1684031e12a1fb,ngageoint_opensphere
10255,aec6289d5ad86d4b88d764ac19a926c8cd2312ef,ngageoint_opensphere
10256,aec9672051c52a4b351fa0937486917c17c33ff6,ngageoint_opensphere
10257,aecf3f1262c234ffa347a9da45ea413e2b3800ee,ngageoint_opensphere
10258,aecf766bc22c1524acf399941f0dde14c90715d3,ngageoint_opensphere
10259,aed14a7178c0fef7743dba717ea3ca8f3e497301,ngageoint_opensphere
10260,aed2dd00b05f75c007416fd0bacfc08292120325,ngageoint_opensphere
10261,aed5fb46e5dcc8022ca8b66ea444c97831feee48,ngageoint_opensphere
10262,aed60441aee076661f76eb0f63989b518a293885,ngageoint_opensphere
10263,aedb8a31e072dc5196a50442ea0fb3065cf80c0b,ngageoint_opensphere
10264,aedc235902d167fe93c0cc69f858062e0dd89e65,ngageoint_opensphere
10265,aedec6d2c2a2502fbd4a22670d6bdf6bd60ba0ed,ngageoint_opensphere
10266,aee3cf13eb5e529d2f218eaa190d091f4a18d084,ngageoint_opensphere
10267,aee6665e1a6fcb6feb6b4d35ab55fea73561905b,ngageoint_opensphere
10268,aeeb55781d818fd88b267b5888a30ccbfb913ccd,ngageoint_opensphere
10269,aef27f4cfce6507d946a21de4fce16bc156ea314,ngageoint_opensphere
10270,aef3d8f1209799cc178640d43fbfdacc25a4f642,ngageoint_opensphere
10271,af0ffbd0e17bfe7ece4cddd89ec71816093cd68d,ngageoint_opensphere
10272,af16ab6a8a375a398976f2170bfddc3d6aea27c2,ngageoint_opensphere
10273,af18dceddb2defe78035c6dc8b6d32524b086b47,ngageoint_opensphere
10274,af1ed2e63bc649a176ed73899c29a8a02c38dd0f,ngageoint_opensphere
10275,af269f257eb35d9ab1361c7b6ea709ec8eb6f766,ngageoint_opensphere
10276,af32bc85274c26e7c2fc273db08a1272cc1e4029,ngageoint_opensphere
10277,af3c68484db6c0cbc2102e79cd04fd587ce2cc61,ngageoint_opensphere
10278,af43b60ab6f2d4c64a7f0dfd6df5d17c2ff9d82c,ngageoint_opensphere
10279,af468dde465ab945411a9515e2f1c5157e648257,ngageoint_opensphere
10280,af48a49e3938a819041000690109cd41b74b9f32,ngageoint_opensphere
10281,af4d0cd7ca8f300976bf918df2fb3dc10ec2ccb7,ngageoint_opensphere
10282,af5049e7a0bfb5086510dfd4187bcdfd0844c000,ngageoint_opensphere
10283,af5767d1dfbeb126c24404902e2b46c2fabea74e,ngageoint_opensphere
10284,af59a3e0562922706cdc0183a365cbdfa836b0ef,ngageoint_opensphere
10285,af5c75f6ba9bec31f978fcdd755e614a4ac19d33,ngageoint_opensphere
10286,af5fe2f95a2c077a11913d7df6352d34571011f8,ngageoint_opensphere
10287,af66bf7849f19022d4dffc96d634b118d32bd211,ngageoint_opensphere
10288,af6a7f5af0e2bba30fd6d53b832bd6b4e9bbb857,ngageoint_opensphere
10289,af6f10ea5e42d70cb372ff075d06c65fe0f85ec0,ngageoint_opensphere
10290,af79f526989d5d6cbc1735fb27c8d6aae43ec93e,ngageoint_opensphere
10291,af7b18d64dbff41bbb4ebe3c39e46645b1bdf1f4,ngageoint_opensphere
10292,af7f34f125ad1e8c34501568356839a9bb5351ea,ngageoint_opensphere
10293,af83970cdb203f292ca9c290bd181d42f407fbef,ngageoint_opensphere
10294,af92a690bc4ea7660d887186b9d4e4a4fffbb44b,ngageoint_opensphere
10295,af9563a71270373434a17b49d43d14232f76c333,ngageoint_opensphere
10296,afa03cd8e7f33109cc1cedc47be2773dde72fa28,ngageoint_opensphere
10297,afa1b5ef0c707c84a43f3a6b1723180e6390e938,ngageoint_opensphere
10298,afa681e223487f59686a496e25b24205f2e4b617,ngageoint_opensphere
10299,afa975d5412c1e271a686bf7a79b7f0204ebd18e,ngageoint_opensphere
10300,afaf479a26d85a3d6a51d450d309947f4e1d88ca,ngageoint_opensphere
10301,afb552b507d1b38dc6c9d8c7976a76074c74cef9,ngageoint_opensphere
10302,afb6c81cd960c1ab452d7e3bccf70a85e28d37b0,ngageoint_opensphere
10303,afbfb988b02a27fc0ce668aa09ec045399b6e90c,ngageoint_opensphere
10304,afc21e9c6b4a5a51121921cda099ac7b91a44e5d,ngageoint_opensphere
10305,afc67092a30130cd30c12c99875e3ebe405cecac,ngageoint_opensphere
10306,afca864b57ddd505fb22fb5eb08e0b757f59a218,ngageoint_opensphere
10307,afcfaf4c1e5e73422f1c8f0e8813a3b536ad5890,ngageoint_opensphere
10308,afd62ef5a318fff7dcb3bdf42099bae6558fbc85,ngageoint_opensphere
10309,afd68d13be373a0e4632ebd37c1e60a7c452571a,ngageoint_opensphere
10310,afd8e0925af9ebabed3c9ffdfa9666c46a7b1228,ngageoint_opensphere
10311,afdf2f34d128b5ec16ebfd4d1235dffd5c6cf1de,ngageoint_opensphere
10312,afe2b82b8e8de3efef44fb279dfd7c4ce2f9bb11,ngageoint_opensphere
10313,afeded0810785524bdfec041719ab0cae72824f2,ngageoint_opensphere
10314,aff3a484047cb1df4e03ac764241226e192391f6,ngageoint_opensphere
10315,aff3f294eba8865335c55207d5105e69f49a18c6,ngageoint_opensphere
10316,affa23c83cb27e1bb2991f84155919ac93dc02b9,ngageoint_opensphere
10317,affa78847bd2428dd32cd4730438e13f37b25657,ngageoint_opensphere
10318,affc4cfab13a92dbe58e578dc7e955a76730554d,ngageoint_opensphere
10319,affcdebb2e4983fdbd2bf33deaa305dcbc2dc979,ngageoint_opensphere
10320,affd9ba968025c5fe864a7849c2b6fad32feca7a,ngageoint_opensphere
10321,b0054d57f68c52689d6263ec1627e7faf01de571,ngageoint_opensphere
10322,b00af64b3f4e3daafaac9ff87e980ec3f9d506fb,ngageoint_opensphere
10323,b01c45d7de7a2f8a2ca1c3eb6bae9be884a4c9b9,ngageoint_opensphere
10324,b01e16c302733f12b7b8b8719f7c67448991cfc8,ngageoint_opensphere
10325,b01e3eb884ebda4bc014859323aadcc6ec958fb3,ngageoint_opensphere
10326,b021e7c1b88be19d6a1d640fe8baa24d876bc704,ngageoint_opensphere
10327,b02431a395ef632692becc82a50be1ea90c3334a,ngageoint_opensphere
10328,b03d503381a938c7f99d18c0ed25c58d39020312,ngageoint_opensphere
10329,b04eee0911f8267956ba8cc51c5c9462dd47fc73,ngageoint_opensphere
10330,b0509c9cad0cc8954b9f6f7b92d6e5943b844d77,ngageoint_opensphere
10331,b05324772276f2e6e2badca68c9cbcbfaa471802,ngageoint_opensphere
10332,b05d1cdb873481d40267e8e5e21dd44ab9aaa042,ngageoint_opensphere
10333,b061429901020ffab129f5929f4db6a739a86d73,ngageoint_opensphere
10334,b06178721a75e47a411ec9d78fd7f70fbf58368c,ngageoint_opensphere
10335,b0684d0cd21e705ab614567360d7e937da84437e,ngageoint_opensphere
10336,b06f00c479db496954eda06194f81e1255e66089,ngageoint_opensphere
10337,b07cd100fc93f1fbcdb3f411350ef55f32d9286f,ngageoint_opensphere
10338,b0810d62f71486debe20c18af75010b7fb710123,ngageoint_opensphere
10339,b0865f3b47e76165ea41e64d89f634a76879d4a6,ngageoint_opensphere
10340,b087ad681c837e02413f7f9734fae7925caa54d9,ngageoint_opensphere
10341,b087d231c1c94d786c6de43c1e6012979203a73e,ngageoint_opensphere
10342,b09120215efceae121336185ce65ac7089193370,ngageoint_opensphere
10343,b0922bbe02610ae4856969bca3861206f284491b,ngageoint_opensphere
10344,b0961e12b85f8b8ef53f5cf966933e503c30a1a0,ngageoint_opensphere
10345,b09e16768f2adf940c9270ec1d0875b1c634dabb,ngageoint_opensphere
10346,b09e38e5cfdb67d885c9b0a51a71fc76680518a6,ngageoint_opensphere
10347,b0a68a4039ef1252ae3f2c51a6753340e387f112,ngageoint_opensphere
10348,b0ab8ef3b12d612c60bf64edc600c323227e97c7,ngageoint_opensphere
10349,b0ad840ec1d706314f453c7ff55909866ac9b548,ngageoint_opensphere
10350,b0b0476eaf84cb7e1a336c9d79bab1d8e16847c4,ngageoint_opensphere
10351,b0b245d2c868a5e49b70190c0b55b964699fa298,ngageoint_opensphere
10352,b0b317fb1cd576f0109894ed2e54ab205bd84ecb,ngageoint_opensphere
10353,b0b34d8bd533638b6ab4375976af6a9b4428b488,ngageoint_opensphere
10354,b0b4efcdb6e6b4183ca912d0e1ae77ee7e8fba32,ngageoint_opensphere
10355,b0b50b4ae248d6603b9100bb9ed74bdacf7c025b,ngageoint_opensphere
10356,b0bab895303d3488092b750471d3489af1b91849,ngageoint_opensphere
10357,b0bc0baa35f28f6e22eeed5fa6f78d32149124a9,ngageoint_opensphere
10358,b0be9cb0874ce1741cfce7e33208be2182210083,ngageoint_opensphere
10359,b0c0e2689502c3025a49a1cfb559b1182ca6c972,ngageoint_opensphere
10360,b0c26f4882b9a9f5106086520aae24081b42e856,ngageoint_opensphere
10361,b0c5293bf8e132abf63e0626de5de49617720066,ngageoint_opensphere
10362,b0c7c0f59c32f065d55fd5db5fbe993302da8543,ngageoint_opensphere
10363,b0d05078ac00fc3ab2a5d1b61f802ae801b5a6c8,ngageoint_opensphere
10364,b0d2d9406a3fd176c224fceab1f3f46d2dec8548,ngageoint_opensphere
10365,b0d9914996b546546197cbeca28e05cf9551142a,ngageoint_opensphere
10366,b0de7315c1cc48eaab4be2591801039293c74899,ngageoint_opensphere
10367,b0ec7343517a988199a4c43506f8d2f135e7a25a,ngageoint_opensphere
10368,b0f47b524594bf925afb5a9fbe6958d5b8998553,ngageoint_opensphere
10369,b0fabb87e9f59a80c4760a97bcda0945583922b1,ngageoint_opensphere
10370,b0fc2b3e47c2cb677f38456c34528922dd2796dc,ngageoint_opensphere
10371,b1027f4fcbbc776b41d488f0d97c7815438a359d,ngageoint_opensphere
10372,b1058782c3810680f6d591c4f264dbb05b73c734,ngageoint_opensphere
10373,b1143bf6d6bddfeed779ff3bc5f8ce662dd0987b,ngageoint_opensphere
10374,b11c4a3fb1ca6bd3700857e05adaab5dada19f68,ngageoint_opensphere
10375,b1261c9c45616c8b6291c3cbf01a1aa1fce62d82,ngageoint_opensphere
10376,b127108e1c8c3017534cf50b54acb2e192a3ef09,ngageoint_opensphere
10377,b127c4a9a5d4a399665681d087f6af62aa7082a9,ngageoint_opensphere
10378,b12c90fa6343fad73836777c0019aab6abb09aa2,ngageoint_opensphere
10379,b12fb72b323b74081aa4badccd68e5b5a0ae769a,ngageoint_opensphere
10380,b151d125079048f0644ca133f907edaa686d3fad,ngageoint_opensphere
10381,b151da229c90f273ec0878dc008ab7b54496ea6b,ngageoint_opensphere
10382,b154f124c02b261070233268dd81f803b2f7d9ba,ngageoint_opensphere
10383,b15582b4caa0584c90c9104860401d1035d4d21d,ngageoint_opensphere
10384,b157b7b7da89e3322f7e93232b00a681ff802d84,ngageoint_opensphere
10385,b159353ca71e8edbeec10a78534294e948a6edb1,ngageoint_opensphere
10386,b160ef9372b4d601c4d828da6c5225c0867ec4c9,ngageoint_opensphere
10387,b16410ac0b7ea1cd3c347a2a113132b43ecf71fa,ngageoint_opensphere
10388,b1666b9295e1fe26d174e3ffd661fd7d3fb0feff,ngageoint_opensphere
10389,b1696dea614b80de3441d5e5ecd20c0e03fe9f71,ngageoint_opensphere
10390,b16b11562432cd37df4a1568838edf3150d07f93,ngageoint_opensphere
10391,b16ca8191dc79f59aabfec4b14443d925ca44b19,ngageoint_opensphere
10392,b16dc58a1e0b75719f3d9ab3b1e10f1b6525e21a,ngageoint_opensphere
10393,b17325abd2c83bd815eaceef81d6d04eb5948d21,ngageoint_opensphere
10394,b1736d6de05349d37d9931cb17d6db114b63abe5,ngageoint_opensphere
10395,b1779be6e8ae1f25bb795df27ca8d0f1ec9866e1,ngageoint_opensphere
10396,b178014b1d2772fbc9721f7af782a7617423b620,ngageoint_opensphere
10397,b182134fa97107abe57570fd0e5a0e2f1db76e91,ngageoint_opensphere
10398,b1827632d7377d4cbbc781cc8bc317fb682d5f49,ngageoint_opensphere
10399,b185a00ab6eafa2edda2ff6bd73630486cdd3113,ngageoint_opensphere
10400,b18677ed2eff526c09d735e22aca9728ff344b64,ngageoint_opensphere
10401,b186f373583f1efb6f855315775a9f9b75dc5992,ngageoint_opensphere
10402,b18821152c0aca3c0ac9074f65c641c5173c6422,ngageoint_opensphere
10403,b18ed2a62e6e30e29b265ca2b3e6c20370ec4b6d,ngageoint_opensphere
10404,b19057e7c3b662bbeaeca449f4bd1af957220f97,ngageoint_opensphere
10405,b190643a770a8669e4a935023c94393376145e53,ngageoint_opensphere
10406,b19170175557e6764d4b61d868615a52c66e7977,ngageoint_opensphere
10407,b198641038f3fec47b5a0e8379fb358f7d1f1f58,ngageoint_opensphere
10408,b19a93a9e04c71835675afd0bb619823ac16fa3b,ngageoint_opensphere
10409,b1b0a3d968ba341c94ae742d31324ca4a01a9432,ngageoint_opensphere
10410,b1b1514ece4b20d1fd7bfe5ad37a1ab10bf26a2f,ngageoint_opensphere
10411,b1b16b34e0564f5582f4bfd6934c7b3c098f27e0,ngageoint_opensphere
10412,b1b1734febde023191f80fe0f46954e3a562ca6c,ngageoint_opensphere
10413,b1b223f2f05946deab7914410dac10f3cfb4f127,ngageoint_opensphere
10414,b1be95df4a51d0986d4c2f958ecc8513d83eb2e2,ngageoint_opensphere
10415,b1c385a61506369b6785f72901482c1e1a14c8bd,ngageoint_opensphere
10416,b1c7938befb88cd8fcb892b99c1c8b5bdaa1df3a,ngageoint_opensphere
10417,b1cb0a342f44c611f85460b0229801375eee4b67,ngageoint_opensphere
10418,b1ccd5c14eea717ebe09cd1c7dd4190caff046a4,ngageoint_opensphere
10419,b1cd6676d9356a549466f81a35adef9afe4dc97e,ngageoint_opensphere
10420,b1d0798e46024d78181864bfc3b7ded6141cdaeb,ngageoint_opensphere
10421,b1d5749273b92a6cee1f62a1a9dec74c278e9e25,ngageoint_opensphere
10422,b1d75d159060191a743a3d08f7adc4d2c87598b3,ngageoint_opensphere
10423,b1deb44f936c3400cc872dbe537c0b3fde540fd8,ngageoint_opensphere
10424,b1e1e8c3d60b62efbdd0d60206e4ca037118ef37,ngageoint_opensphere
10425,b1f18e8336acb244ba2164afa75b266c62de9800,ngageoint_opensphere
10426,b1f9e0fd6b6d518b68feebfe54e72eea8953c292,ngageoint_opensphere
10427,b1fbc744d652af4dd3c18e81baaf5ed11111dd0a,ngageoint_opensphere
10428,b1fbd9943191a83b47f32902ccc19190c8c3c482,ngageoint_opensphere
10429,b1fbda8ff1bc7591c19c1eaaf73f66e214c6f16e,ngageoint_opensphere
10430,b1ffa5c2660d32cfd397a105c72f1f2b89b322e0,ngageoint_opensphere
10431,b20311f89aa000f845c6155be0709c2d77f84f7c,ngageoint_opensphere
10432,b20573b95b67108b3af7879a822f8574fac555af,ngageoint_opensphere
10433,b20fe66911097e6d6bbea60f07419dbfa982aed6,ngageoint_opensphere
10434,b21294ee51a5337d7b847cecc0f33d7d0ae2a6af,ngageoint_opensphere
10435,b218625efd49adb562f6d7340dca2964bb0c86e2,ngageoint_opensphere
10436,b21941404873500ae4658b514a079b89462afb93,ngageoint_opensphere
10437,b2207fa385351038e009981da518c05a253895fd,ngageoint_opensphere
10438,b220f270e41bda9ad1fe15f1f27cc56ad4a79b2a,ngageoint_opensphere
10439,b222f12fd967a2354cf0255c1b58e7aa5ca51e70,ngageoint_opensphere
10440,b22fe3d55984a8548a7fc69e1e9d1158dacaf1ff,ngageoint_opensphere
10441,b234f14644b206c0233a313e0c32b775c02f4fa4,ngageoint_opensphere
10442,b237f152cc31f6213601062ab256850be5f568e4,ngageoint_opensphere
10443,b2398c6ed4fdce72e1cf888a6ceac55df980f3bb,ngageoint_opensphere
10444,b23f369b86473ed747129ad849127d9e6cb19dbb,ngageoint_opensphere
10445,b24d3196309951085fda046f3d874c8edd0a2b22,ngageoint_opensphere
10446,b24e47a8c8b4d2ecfc04e9ac43f9080a5d667c6f,ngageoint_opensphere
10447,b24f60840957746b98f861d57ae287fd2a18caad,ngageoint_opensphere
10448,b2581a953373d39a8c974a3bd6090c69e8165fa1,ngageoint_opensphere
10449,b26109570044b3644272113154f4f21b8215bb9d,ngageoint_opensphere
10450,b261f20208c12045e222b0260418c977cc0269ef,ngageoint_opensphere
10451,b269cc0b2238ccbe8499259c5ac621d36410a1ee,ngageoint_opensphere
10452,b26e9a76a9b0ec064d2566d9fd286032decd9cd1,ngageoint_opensphere
10453,b2712b1f5712950b13bee6a8f536c57765736f2b,ngageoint_opensphere
10454,b273d795d02e5aba52e19560a9619843c4864446,ngageoint_opensphere
10455,b27995a0ae824d0012575dfa12ed2acbb9ef8092,ngageoint_opensphere
10456,b27bb50058a2127267aca4e6b01bfacc2a4f0c12,ngageoint_opensphere
10457,b27cf25a095fc9ba1bd68f5d4ee54a648d96a80d,ngageoint_opensphere
10458,b288351df1478873c8f8448cff4acdf8560be5a4,ngageoint_opensphere
10459,b2940c41d0367361d961f316806d0dd3395cf206,ngageoint_opensphere
10460,b2943105ef5571d153c91fe762402a578903b640,ngageoint_opensphere
10461,b2a30ef7874dd492e9a85c3ec43eb74461b9fd9b,ngageoint_opensphere
10462,b2a353d2921317dae2429610084256b4cd4f2844,ngageoint_opensphere
10463,b2a7f13671d78a47353fba868f7933d2bd6e7a99,ngageoint_opensphere
10464,b2a892dc0b6820a59456149dd89e74014bc7d606,ngageoint_opensphere
10465,b2a8b26cdac879c80c3e79fe9e525618818603c8,ngageoint_opensphere
10466,b2ab1887d89ace4321f78c43dea2dee58e7a90c1,ngageoint_opensphere
10467,b2b1874c0f196966ca66652f36ee02d5b476a6b4,ngageoint_opensphere
10468,b2b1cb9127991898af68882755380e92c522076a,ngageoint_opensphere
10469,b2bfa967723c32693bd5b64b09e3cfe0105c0ef2,ngageoint_opensphere
10470,b2c153b6cc9322718d32afe4061bd801c3a35dab,ngageoint_opensphere
10471,b2c50d041002d8b8c96397a63337d315d0cc04f6,ngageoint_opensphere
10472,b2cb4e3974366cd8478954798393160e373aa2bb,ngageoint_opensphere
10473,b2cdc6bba63d7ba46cb18b496b4a15689fc4b277,ngageoint_opensphere
10474,b2d7799e9c35b6940d964ed93f90e3b5caa0394b,ngageoint_opensphere
10475,b2d9415dd1daf6f7fd4d0bbcefe4a59b8466bbc4,ngageoint_opensphere
10476,b2dbf4543fb0101f0bdf9e5dd5788816bc75034f,ngageoint_opensphere
10477,b2e3858475643b1411eb1d0611b42041402eb54b,ngageoint_opensphere
10478,b2e7d023df112549cff666887b34119f1f8cb752,ngageoint_opensphere
10479,b2ed863768613f47395ba19c74614f28aeceec46,ngageoint_opensphere
10480,b2f14bf49a7191e1888a1a9937282c445e3d5ca2,ngageoint_opensphere
10481,b2f22cd614586873499c601622432062d1f4bf66,ngageoint_opensphere
10482,b2f23dbbc6672a9d9d098aaba101332bf7a8cf6f,ngageoint_opensphere
10483,b2f2bb8248f6d97daf11e02598fc2fd26a285749,ngageoint_opensphere
10484,b2f942890c214eccb7ae63215f856457e513b284,ngageoint_opensphere
10485,b2fb27c16c7131fdc3482389e8af65d0f51e9f81,ngageoint_opensphere
10486,b30a32c0521b7a9a7774b6fc2c9065e958e8bcec,ngageoint_opensphere
10487,b30a98f6bcd0d56ab5689e0741656ab43d495724,ngageoint_opensphere
10488,b30d3068993f7b2a66f5665a8255b9a28c90312f,ngageoint_opensphere
10489,b30e19f71286de1b66fca933446da722e8760a8f,ngageoint_opensphere
10490,b317087176d3cd5b166c86424e75c16e9b071485,ngageoint_opensphere
10491,b3174edc2b4c8220e361da1c728a008c5c2e6ec5,ngageoint_opensphere
10492,b317ef70cf70208d2916ed91d30efbffbef6aa3b,ngageoint_opensphere
10493,b31d8ba2883f0635e156ec9dbe722d3abd8df021,ngageoint_opensphere
10494,b32d8d61d798e6497106ff2478b1a6603dcb842b,ngageoint_opensphere
10495,b331fa32043b114dd092a1c282047b222b806d6f,ngageoint_opensphere
10496,b34257f889cdacf1cfffbd8b0e87ec32b4e4370f,ngageoint_opensphere
10497,b3534f33e35324c37c1eb2d67eff6b87b26ce827,ngageoint_opensphere
10498,b356445ac387ddfe47a1790404485533446d5ae1,ngageoint_opensphere
10499,b364c94cafc0036566ab8c92546ae073cf61c3d1,ngageoint_opensphere
10500,b367edddb2e5948ec63af5418a0031417cd79120,ngageoint_opensphere
10501,b369812b36da34253ee67df35838697064b3e41f,ngageoint_opensphere
10502,b36a4621cc37ebd6fdc688d8105b862735413696,ngageoint_opensphere
10503,b370ac40346693626a7b6339e0ffca002cb72bc3,ngageoint_opensphere
10504,b371f3aacc6c19d1b90d18315422d9592c8c3593,ngageoint_opensphere
10505,b374ff231548ac5b2359513e53b3edfa0a3ed893,ngageoint_opensphere
10506,b383c51bfffaf6cc8a8f613e9b2584158d88adf6,ngageoint_opensphere
10507,b3921396a0a3950c8d83f9f49dbc51d2c421793a,ngageoint_opensphere
10508,b3974a99be18b363896ddc46f37e87ae1d4d6e43,ngageoint_opensphere
10509,b399403e2c0688d5335d6eae670ce1c1947d27f0,ngageoint_opensphere
10510,b39c724a441fa5979c8ed9aca598580b04200f49,ngageoint_opensphere
10511,b3a37cdfa8ff55e4dc4380b1bafaa1c7f969e2dd,ngageoint_opensphere
10512,b3a436ac200dcb63662eedaf7144da355270eada,ngageoint_opensphere
10513,b3bb96d848583a4c619953a7985e0f96d910715c,ngageoint_opensphere
10514,b3bda3b26acc96bde184deaf2a4f507cce9185cb,ngageoint_opensphere
10515,b3bf9abaf564c59e11ded390f28cd36039d451ef,ngageoint_opensphere
10516,b3c8d19d8b9b8bee0ac08a9232a36a578fd422c3,ngageoint_opensphere
10517,b3cb427f2e597cc530b3b67ffb157a1d43e1cdad,ngageoint_opensphere
10518,b3cd98a06d3b5659c898a79159b09cb15f217039,ngageoint_opensphere
10519,b3dafbd52247ed5e89c399163b3d5ab4f45be3c0,ngageoint_opensphere
10520,b3dd1322550aeeab366331fbab60e5e6aae9862a,ngageoint_opensphere
10521,b3df80184ba8913d4811924c44f4cf15d0b1880b,ngageoint_opensphere
10522,b3e66b79717d82de3d94f98561c70a5d863042f3,ngageoint_opensphere
10523,b3e73040c8ba0b569c5cb6e9d93dc9cc27c34d25,ngageoint_opensphere
10524,b3f216f197f741f19d68db95be1d04e05c0f16bc,ngageoint_opensphere
10525,b3f7272e49b025130646ba4c6507f5cb85f002bc,ngageoint_opensphere
10526,b3f98830f92826ec421b3ade839fd568dd55a3c8,ngageoint_opensphere
10527,b3fb26a765c7c49dfc78efcb9b2778bdf6f4a557,ngageoint_opensphere
10528,b3fbbd0476fc225d641ff725c820b95ec8518dc3,ngageoint_opensphere
10529,b410e6f5f9185a70194d2d04cec2976a1940894d,ngageoint_opensphere
10530,b41b3adda3d572173ee54e3f946cb0f3337ac991,ngageoint_opensphere
10531,b41cbce055b3085e46fd7553ef4c0522cc6baccb,ngageoint_opensphere
10532,b41cf1745b3b9eb8b59ec04809f83a342cd23046,ngageoint_opensphere
10533,b41d43a9778d8977bec16db1a427f00de52a9c5a,ngageoint_opensphere
10534,b41faa5f29974451c716402757e2ae7972f42446,ngageoint_opensphere
10535,b42ba135c6792e8f69568ca84dd5d56ce899d8d6,ngageoint_opensphere
10536,b42d6ad82fdac5d34649cc1842b1f93386db52dc,ngageoint_opensphere
10537,b42dae95b2bb26996a6e4506d69c76e2378ce6c8,ngageoint_opensphere
10538,b438350b16c682aeb557163da059bc8f8fa92a08,ngageoint_opensphere
10539,b43cec41b8730b298e0103a447c00dc83119d909,ngageoint_opensphere
10540,b4408e07e1d50861f6d8838f8f0ba2629fc3600a,ngageoint_opensphere
10541,b446e7dce727ffb2144343cf0a67f16734b44862,ngageoint_opensphere
10542,b447242783de046d71eec14880270579dff45152,ngageoint_opensphere
10543,b447c5c77a6438656735d3880630dc0ba907d657,ngageoint_opensphere
10544,b44dd322e45ee919986e736441b5188aba0f6710,ngageoint_opensphere
10545,b45768c0878e644ec9a892e54688859bde7fd387,ngageoint_opensphere
10546,b45bbb3cb67e6b175f1b0929ca596321b846433a,ngageoint_opensphere
10547,b45f332626a5ccd52e7fb1f120afa5aeec9547ff,ngageoint_opensphere
10548,b4666b7f6fafa635cde670126e30b00b960cc3b6,ngageoint_opensphere
10549,b467e00c90036770774fff2fc05a528fc0d53579,ngageoint_opensphere
10550,b46b89f44fed60cee4b62a0bba168adf33624abd,ngageoint_opensphere
10551,b46deea13bc0e69abbdbc7730e1da757ba8b3de8,ngageoint_opensphere
10552,b46f22547ce1601dcd2bc835c8debd7d947d0cd5,ngageoint_opensphere
10553,b4701c5daba8a66b9f4bae62ecadfc45335bc447,ngageoint_opensphere
10554,b475b8fa364a68dd6cde81280689438fe6bba333,ngageoint_opensphere
10555,b481b3103af9b62e20c2805871848a2b27d369a5,ngageoint_opensphere
10556,b49013b2838cfff8bf85eb902850b74f95185c44,ngageoint_opensphere
10557,b498cffe0b9ebe1aab96b39879573b2fadeaff06,ngageoint_opensphere
10558,b499319d32f4a8b696d933032b10554db142b1a7,ngageoint_opensphere
10559,b4996d3d5da33818c3fe2c0a1ec7bed587498956,ngageoint_opensphere
10560,b49b1b429ee97c1d967f0f254010e569913dc171,ngageoint_opensphere
10561,b49ec1a75d6b3fd4bfeb9981580fb9d543ed5129,ngageoint_opensphere
10562,b4abec7d9a0b064a5e73696736b508d0ca9f9712,ngageoint_opensphere
10563,b4b2549963f2f1acdf52c334ef31c44d17652348,ngageoint_opensphere
10564,b4c05459230f051ce73ef8c27d66923b2d667042,ngageoint_opensphere
10565,b4c91e3f4d860cd16a2a99222639d3440e2851a3,ngageoint_opensphere
10566,b4ccd5fb68f2f71949181cedfe8ac18fdf4e457c,ngageoint_opensphere
10567,b4ccfa5a8d34a443237cd5f3f6f48e562eaff380,ngageoint_opensphere
10568,b4d0e27234babd50fe858827fe900a7391d7c578,ngageoint_opensphere
10569,b4d8a01237ccc3c8b4301e634d999af6df30ddb0,ngageoint_opensphere
10570,b4de8f9ef0b2813f190f2b687b968d599003aa17,ngageoint_opensphere
10571,b4df2e89622092cf94124659240674ccfc15b1f5,ngageoint_opensphere
10572,b4e1e2f38ad9a5b94fc71a0ea1f2f10fe209951a,ngageoint_opensphere
10573,b4eab95a34d5cbf197894e6d371af0893c428af7,ngageoint_opensphere
10574,b4f1c02a9b7e03f8deb99c4e27ea25859ac3bb87,ngageoint_opensphere
10575,b4f2243e485d2245abd6b33c5398dc801871f6bf,ngageoint_opensphere
10576,b4f34eaadf1a2795e956098cf16148bac2bc9737,ngageoint_opensphere
10577,b4f4da2c4fbc74a838b38d55db9f5cd5f775dcad,ngageoint_opensphere
10578,b4f9be64db92f316c1b2d426fd591cc812b46f4a,ngageoint_opensphere
10579,b4fb83eed70b559bc48ae269cc8fd070054db0b6,ngageoint_opensphere
10580,b4ffa516dea3c1bff42c59bfde94330039de464b,ngageoint_opensphere
10581,b5010e2b8f1a8deef6dbca446c85ccd60daf7767,ngageoint_opensphere
10582,b503d7847e71c1aeb24d5c32193aec040a1b223d,ngageoint_opensphere
10583,b516a9c6724875ca83df4b5fc9068595231a1f09,ngageoint_opensphere
10584,b51796ec73aaea703e26ac36006510274e214ba2,ngageoint_opensphere
10585,b517beb7dbc17603c63b2610d23426cf92aafb0d,ngageoint_opensphere
10586,b51b0e66ab6c8cfa1ed5391ac358dd42575849b1,ngageoint_opensphere
10587,b51de8a0c7d7ba27d5d7b93f676c6ae3c74f4752,ngageoint_opensphere
10588,b521de7e247e0654779c8dd13a6c13b3c682c910,ngageoint_opensphere
10589,b52475a77d4b3e717b6d6a12d2f625f50bc0d6e6,ngageoint_opensphere
10590,b528846c11bd0b92ca6743326fc59dd279b5e2bc,ngageoint_opensphere
10591,b52b6f1107d19f45146535823163b0a2a68c5293,ngageoint_opensphere
10592,b52ba0c2fd4e5bb95b30642743860b85a17a9093,ngageoint_opensphere
10593,b52dd2d8a8c1752f6fa784a993b980c3eea9eba5,ngageoint_opensphere
10594,b53183c2d091bde19764a0304c4a59c41af4df44,ngageoint_opensphere
10595,b5321ef82acd50ed8d192524aeb2a28ac56fb77f,ngageoint_opensphere
10596,b538b643d0b73ac880fb27509409f847fa447323,ngageoint_opensphere
10597,b53aa5b7adbcb11e4c8a3d4609667dbddbf57810,ngageoint_opensphere
10598,b53e897331a2229d61dd7a187e51eeefee0d118c,ngageoint_opensphere
10599,b53fbf7952ac38e6353e1f1d5c6bd05bf9937c60,ngageoint_opensphere
10600,b53fc14ffd46d0b47a96c680f651f89d8c1f481e,ngageoint_opensphere
10601,b542aa257865b8c9e7b8ee4229991673a7c75a3e,ngageoint_opensphere
10602,b54456c26a56bb37794905ee0fa2e931443f0a87,ngageoint_opensphere
10603,b5445b3fec98f0ce881b23fac0777d8f04074bd8,ngageoint_opensphere
10604,b547d8194dc0db0811721cb26ed7f566682842db,ngageoint_opensphere
10605,b54d50e8a3a46929f066d389285bc05f63cb373e,ngageoint_opensphere
10606,b54d9a31a30235560b6163549bc448905439e470,ngageoint_opensphere
10607,b55cc8cb2d9a1a3bffe9298d24901243aa2c3836,ngageoint_opensphere
10608,b55df09b17836ebdddad97691c35a56ec2865b88,ngageoint_opensphere
10609,b560d432a4cda9490093f5c82778702ba5b045a9,ngageoint_opensphere
10610,b561156e5fa048bcd43814207048784cc16a55bc,ngageoint_opensphere
10611,b5672c327340847810171f035cdc5e960cf317f0,ngageoint_opensphere
10612,b56cee489ccf643a8181a661dad3499d2327d0be,ngageoint_opensphere
10613,b57048709c402c340ce2d3f8b141661ff6aec320,ngageoint_opensphere
10614,b57ba8f14dbd7eee578180b6f30c2a4ff422fee0,ngageoint_opensphere
10615,b58576a7c3af4a5b8de74abcca234ed0f1712fe6,ngageoint_opensphere
10616,b588cf1aaeb4ec8ad9ab0643357985826faf573a,ngageoint_opensphere
10617,b589365c473f1981c6a664da06a73335a4b2c42d,ngageoint_opensphere
10618,b594d2621fdbdd237379457f9f2393c380240c56,ngageoint_opensphere
10619,b594f8b2eb608b7afa6a4c35559e6ef3f93c053f,ngageoint_opensphere
10620,b599144ab094bd5b7a2aa556f5a9a0899af72a0e,ngageoint_opensphere
10621,b59b64bab9ac2b8dc74bbadcc0d2e3ea5edfe17c,ngageoint_opensphere
10622,b5a11fbd35933af4f203e8844b99f3c4f3ca1962,ngageoint_opensphere
10623,b5a99774caf848e1c6a97723f4f1f0ef17838152,ngageoint_opensphere
10624,b5ab4a97ad2dc7b4696b2e9f8c795e72fe71fa3a,ngageoint_opensphere
10625,b5adf795653cdd5d24c3aa5650dedf3f6eb8d337,ngageoint_opensphere
10626,b5b65f1bbace693ef1af65a5515923a4280ad1ef,ngageoint_opensphere
10627,b5bbb832395b4ba56b61b60db2e58c22cacd9996,ngageoint_opensphere
10628,b5bf3118d6b1244870e4a40a663c9192eb4ffa19,ngageoint_opensphere
10629,b5c04c6b648596d7ac10087f78dc29638c9d9d12,ngageoint_opensphere
10630,b5c238412f199a6f91ad93b715c6662c96f78498,ngageoint_opensphere
10631,b5c6343dcbde313bdc1967f5e645602789484d6b,ngageoint_opensphere
10632,b5c68f8e673273d66ae1e1b6b5ca5e002f593c78,ngageoint_opensphere
10633,b5c6ed847860ed26fd81b66f91bae02d6442ab1d,ngageoint_opensphere
10634,b5c91f5d89202a36e7b1510777c7a1a81d442bf1,ngageoint_opensphere
10635,b5dae7c371f61fd7270a00a5959129a819a0efc9,ngageoint_opensphere
10636,b5dae897b7d260c8aab3e8df0e467bbbc05269e4,ngageoint_opensphere
10637,b5df4f05393b805b5693db806c94a364e5b311cd,ngageoint_opensphere
10638,b5e2331ec2a8aef22b85562045dff5edcd3c6073,ngageoint_opensphere
10639,b5e492a06f654818661d1285b71ab71234534dce,ngageoint_opensphere
10640,b5e507edf4cef58d5dc4f14c72d5cab45f0038b6,ngageoint_opensphere
10641,b5f72fe6444c7e24c088c1b8a4764f4d45115383,ngageoint_opensphere
10642,b602808cebea39b0a83f71fe6c5bb1dafe9bb672,ngageoint_opensphere
10643,b6097d1d6a5315ffa8a2f09e56f277c2feeadb19,ngageoint_opensphere
10644,b6156a8fdb866634fff79daed33acd0f76b2f052,ngageoint_opensphere
10645,b6165069d87c084c82c37c7063fbd07940dbba56,ngageoint_opensphere
10646,b619c1879ec0f0386b48440bd6814289b0498023,ngageoint_opensphere
10647,b61ac7525709d83efa43ce6580e292d80243848e,ngageoint_opensphere
10648,b62275e19d5ed38050e53deb8b963c4c83ca6058,ngageoint_opensphere
10649,b6243a52acdfac0170d3f1392d64802fa3bce91e,ngageoint_opensphere
10650,b6277c3d29e50732c8e28d085def027d2c090b7f,ngageoint_opensphere
10651,b635f35de68d0d8d6881ef8af5a4ff184740203a,ngageoint_opensphere
10652,b63692e81db6e5f759334f4f2bd24b1baa64d350,ngageoint_opensphere
10653,b639e1630c94e3ae68a8533089ce0e9cbf2cd44e,ngageoint_opensphere
10654,b63fb13390dc7206f8660026a86672a85f91551e,ngageoint_opensphere
10655,b64536cf36f565d013272dc456daf9489fa235a8,ngageoint_opensphere
10656,b648d008b59ebaa7ef6fab2ad90d3dedaa741c60,ngageoint_opensphere
10657,b6494794a906dfa2a4a2cb43e12126d7fa14837f,ngageoint_opensphere
10658,b6496e1ae2e40e6ca9023dcde62c4c11ef24eb6a,ngageoint_opensphere
10659,b64b9bab5e3a72959aef07ca629e824b229b9fe4,ngageoint_opensphere
10660,b64e0a92d90c25b894a90cc12203d2933cdfc84c,ngageoint_opensphere
10661,b6508b52e13ecf8f9c7437be4957a6fb4878202e,ngageoint_opensphere
10662,b65e5090c1cb2ebcfeb74f21ed87d14be639308e,ngageoint_opensphere
10663,b6606aba34b222177292587c05147e96c292393c,ngageoint_opensphere
10664,b6608423fd9c8414aca1a85eeddb273c6815baac,ngageoint_opensphere
10665,b6608c09959916bc1f9d2046f02c9c76e7c99879,ngageoint_opensphere
10666,b660be4232b2c04b79b1c82a7c4a1f6f3a7ae010,ngageoint_opensphere
10667,b660dfbc635f232904854309253a14ff7ee447e5,ngageoint_opensphere
10668,b661720ed3bae6e4395284e45809cabb66265109,ngageoint_opensphere
10669,b661a7931d8645d79f75ec378d1b3fca0c9180d7,ngageoint_opensphere
10670,b66b57ca76e2b94813183662cdda81290335382d,ngageoint_opensphere
10671,b672a11cd4faaaa530654b81bf3690d172a10b0f,ngageoint_opensphere
10672,b676fad8db2111ec5c5097dae34c4cc4da188aa2,ngageoint_opensphere
10673,b67a483d78b9fcfd7f5f4ee98c1a3f3a840b588a,ngageoint_opensphere
10674,b68493313f1609aeabd1fee033e4fc766a65536f,ngageoint_opensphere
10675,b687858a5a40b9146e9a275fa910216fec3be75e,ngageoint_opensphere
10676,b69184f96e9bed6a1a7a122a83e3c006e24922fa,ngageoint_opensphere
10677,b691a83abb411106df7cb547b8da1a044770de01,ngageoint_opensphere
10678,b69634eb4f887cce0c0111bfd8673164e0d16b1f,ngageoint_opensphere
10679,b69d9e58e28b36f9aa0f524349dbcf421cf2c7ca,ngageoint_opensphere
10680,b69e30a0230e6133ee52436a139e1029192d48ca,ngageoint_opensphere
10681,b6a04ea578324084c1c2cbe5ad39c5d753d06432,ngageoint_opensphere
10682,b6a0a52021d882960bd2d1f19c4c4a73e88ca241,ngageoint_opensphere
10683,b6a10c1410a7546e14173316a49bf23010344993,ngageoint_opensphere
10684,b6a39abf8f88a16d7308c6f6f67878f50d1e2c78,ngageoint_opensphere
10685,b6abad40f3015d537a45334991b37cc5f49ef9bf,ngageoint_opensphere
10686,b6acd121a53fa9dc1b606e6e83cbf30b7dbd5aa7,ngageoint_opensphere
10687,b6b50b6dd8b1cd6c96416ef33f4f1d338fb8f1c3,ngageoint_opensphere
10688,b6b81e33eefd86a892c4ace41ac3703232dc4dbf,ngageoint_opensphere
10689,b6b8cc0e6d98563fc044dbc97f936e79774ce1da,ngageoint_opensphere
10690,b6bc41bc28d6bb57f6ef8c3e2721a33dec55b1d8,ngageoint_opensphere
10691,b6bd0d5695eac922228b7d4eedc73d105182b2c3,ngageoint_opensphere
10692,b6bd739a630788f52b5c0ce932f3e6c8acfce6f1,ngageoint_opensphere
10693,b6c33f7cc5e2850b770feb7f4f51a740b19b4978,ngageoint_opensphere
10694,b6c5bf2b252d22a87ff968041121af1a77a1e6a5,ngageoint_opensphere
10695,b6c7cc3dd18f7432b8c81113da0288a94a904a14,ngageoint_opensphere
10696,b6caed01c9997eaad86c6ccf445b30e5e7f65a25,ngageoint_opensphere
10697,b6d2846859badb5c535123de85a51297898ee005,ngageoint_opensphere
10698,b6d8f8469cf73755e7ec8db27375dd70d416f8e0,ngageoint_opensphere
10699,b6de4c46ddb59ab4aba746a11cef4d838787e5a7,ngageoint_opensphere
10700,b6dec298f4c2a25964f100b1ca80ef7dfd5a0926,ngageoint_opensphere
10701,b6e232aa356a982031f249e79faf8e447d05dc66,ngageoint_opensphere
10702,b6e2e53d736e830f87f9a57858c80b9e11df1e11,ngageoint_opensphere
10703,b6e88647f6a50b6ac33eef858109807fb8972de3,ngageoint_opensphere
10704,b6edf51e1feceb66032c15d578bdb9cc9deb7112,ngageoint_opensphere
10705,b6eec94d7fc7e501b85040bc8f0ec61b9caf4def,ngageoint_opensphere
10706,b6f2bfcb28871a0cb8ab69ab261fb1de549e9b34,ngageoint_opensphere
10707,b6f46a58fd3fdc659e70c2da05f27e9675991675,ngageoint_opensphere
10708,b6f80d086f725b79b2292d40dd8498e87ba00b30,ngageoint_opensphere
10709,b701c6ba41a94e8df98c9d6e5d6d7ff2ab6e3e35,ngageoint_opensphere
10710,b703745bd5c964867789a7f55e5a63372cd02d13,ngageoint_opensphere
10711,b7052b5adf169f5976f850cf495b5114e1c176b8,ngageoint_opensphere
10712,b70aa61edbcfc8ce5faaf83e3685a4565f10a950,ngageoint_opensphere
10713,b7140a5920295585c1ec9332e3451f22ed65b0ab,ngageoint_opensphere
10714,b720e46d07dd5adead3f90dfa3a6345e5f62c50d,ngageoint_opensphere
10715,b723f9e24cd3b74074cd328a19fbc86026ca6674,ngageoint_opensphere
10716,b7285988eea689361d112e6ff192355c127de0e0,ngageoint_opensphere
10717,b72a7ce0d0a61b263eb3c54107eca114307709b7,ngageoint_opensphere
10718,b72b93d12473450e8865d307b1530215ed7b5b2a,ngageoint_opensphere
10719,b72f24e675514b74efef257e8a5283fa7df457b4,ngageoint_opensphere
10720,b72f71c1a172e7fbe8e28e3af578969bea6abdc6,ngageoint_opensphere
10721,b72f91c8fa07597faba534349aae524393c9b5e6,ngageoint_opensphere
10722,b7308420f2be5e9c4a9102e538241215dae8a06b,ngageoint_opensphere
10723,b73337cd1e53282afe7607339e8f29c5ec3f22dc,ngageoint_opensphere
10724,b73bca60f8b10ce92788698e5f6544081195bdf5,ngageoint_opensphere
10725,b7432039984539220908a06b4b0904712044d13d,ngageoint_opensphere
10726,b743c6554a9fabe139adcaef8cd2016443d90de9,ngageoint_opensphere
10727,b7463b811c5ce5330bd0a0aa2b703d5107697ea3,ngageoint_opensphere
10728,b748e057b4b68a1e17cdfc66d954f04bd0d6815d,ngageoint_opensphere
10729,b7498f0a2928fa4a1a5aaeb23a26661759885d38,ngageoint_opensphere
10730,b74beebde3ad3b02793e91d350e5c077732d2886,ngageoint_opensphere
10731,b74d7238b9e8b09fcb983668c25d8efb6c32a890,ngageoint_opensphere
10732,b751c9a5d66291516dc4d9aa6d4cc879e31fa1a5,ngageoint_opensphere
10733,b7548001fec7d2c42beb8c1dc1427b9535735c40,ngageoint_opensphere
10734,b756e3e881a8b7ef30e98a3c204adeb3127edfca,ngageoint_opensphere
10735,b759f99f60e6901ba1c6aed19843ffba507a743a,ngageoint_opensphere
10736,b75bade6d09c3edb1680ec6cd807bcffa1e17f32,ngageoint_opensphere
10737,b75c919eefc55429d27fa4af88257cc82c022f7b,ngageoint_opensphere
10738,b761c999e0762a9edb452c5c066d01b83ae3b10f,ngageoint_opensphere
10739,b761e29490a1ec14e24de5d7bd5494da0f335c27,ngageoint_opensphere
10740,b7645c598cdda2a10e357b528a41a25ae2ccf613,ngageoint_opensphere
10741,b76494fd52e6c59019fd737d0448e578ca595f13,ngageoint_opensphere
10742,b764ebc5676ecf485ace49a0e693eb7315f6da05,ngageoint_opensphere
10743,b7682db5cbbc6f6bee83fa0885366e15feae4743,ngageoint_opensphere
10744,b76bd9aa54139e2816114ec668a9a980d59a3ad4,ngageoint_opensphere
10745,b76d76210a6e03ab874b162c97696d8c116802e0,ngageoint_opensphere
10746,b77071dd95c0a7e13d49ea84f0ecaf73daca9fdf,ngageoint_opensphere
10747,b7713c24d479ba60ff2d5ed7877ba89039949b0a,ngageoint_opensphere
10748,b7751985db8a380852f3489f723192bce29d3a34,ngageoint_opensphere
10749,b77ab7208ceb6747c0c72f40fb4f01bbbc702d32,ngageoint_opensphere
10750,b77b605eaf230c330ed3cf500f5a32530371a55a,ngageoint_opensphere
10751,b78405d3b823043eb79aabcd1f358e0f4a97300d,ngageoint_opensphere
10752,b78486e95966fdbcd6f1b256ca522085bbbe5610,ngageoint_opensphere
10753,b78c0a69caea3a104f54b6c983148c8122eda186,ngageoint_opensphere
10754,b78cae8a136ff7b4a9c8581911b5c57d30374899,ngageoint_opensphere
10755,b78ee7d89903524163a4637ad50b44fe5afe0249,ngageoint_opensphere
10756,b79da0e309da8550e4b336290bf2f39ad6f12c9d,ngageoint_opensphere
10757,b7ae86c4fb234e5a1675cc9a69d88868453d90d2,ngageoint_opensphere
10758,b7c5fd293b1e52cac6f514c60fcb99debe9e4215,ngageoint_opensphere
10759,b7c8e1b27ecb11d964b6525be770fad959954149,ngageoint_opensphere
10760,b7d61e1543cbc235867e39c7393cbe2e843f12e3,ngageoint_opensphere
10761,b7d7f192ae5eadfc53c45274e54de2c21a0d9029,ngageoint_opensphere
10762,b7d81ce0a63a7e1077166aa37860239036bef18d,ngageoint_opensphere
10763,b7d8dcf4fbbc5c5eddf116259a197adeeca5a1c6,ngageoint_opensphere
10764,b7d948692758bb2b84f6faa5154629cac00fbb6e,ngageoint_opensphere
10765,b7df1269d83d6c33de55ef23318c9788c272a281,ngageoint_opensphere
10766,b7e0112dc09b4fcc7e437d4c70b7c32815878b0d,ngageoint_opensphere
10767,b7e633639552e0a6fe51cbc9789c0841d175ef09,ngageoint_opensphere
10768,b7f55319abc821a1c62fd18f7e88783b56e21ded,ngageoint_opensphere
10769,b7f62017d7f92062c38a49e74c9672aea5fef62d,ngageoint_opensphere
10770,b7f6cf305532b476c74b0eb4d9d35cade30caffd,ngageoint_opensphere
10771,b7fda3518c171722f5fbdd97deaaaf514499e687,ngageoint_opensphere
10772,b8074abbb14e7a0dcb68299b61b4b7869fcb366a,ngageoint_opensphere
10773,b811936745d6999924f536d433d25e6d1d30d2c1,ngageoint_opensphere
10774,b8133809a1dbd01cd41692c1d6350b9cef98968f,ngageoint_opensphere
10775,b8188481a8aa85cb8197579f23fda10f4dd20122,ngageoint_opensphere
10776,b8216eefd7c9bd6be96294794b325084c08654f5,ngageoint_opensphere
10777,b829f7af5b2393ad0d5d368c3c8c95193cdd5b98,ngageoint_opensphere
10778,b83057d894f6810153a4506466f9ca7628ee3e61,ngageoint_opensphere
10779,b830eeab71789a5a8d5a5d55534def955f865687,ngageoint_opensphere
10780,b846eb687f5b1bedf23dc37d46197e9c971e55aa,ngageoint_opensphere
10781,b84b42a167785ead4222969f9ebd521cdbf48aa4,ngageoint_opensphere
10782,b84bca2a6fd82cc2f62e4508f11d227f7ba68fe6,ngageoint_opensphere
10783,b85ed62fa4aa8024ab16cf787e8c08135396ddbb,ngageoint_opensphere
10784,b8634d7c7540da31074c9c16fc8fd596c7feea38,ngageoint_opensphere
10785,b864aa4ac45469f13bad2f3c53a9c9041ee2502c,ngageoint_opensphere
10786,b86803d89ac3a70039dab4ec8c12ec6aa78eedd9,ngageoint_opensphere
10787,b86f4d56ce39d1ffff93d11e38515444ed615f4c,ngageoint_opensphere
10788,b86f99808a87127b4f532e26b93346dac5da3d81,ngageoint_opensphere
10789,b87312c0a9b3fc1132ad5319f76aed8bff77b78e,ngageoint_opensphere
10790,b884120778fb64ab0f01cbda12d6684944e03a7c,ngageoint_opensphere
10791,b886141d035fcf54963057c4b8107ace8edf403f,ngageoint_opensphere
10792,b88f4237d85fde01c4615990bfe54b1dacdaca9b,ngageoint_opensphere
10793,b8926b8e6f07675239c2cd4d7f8958a5363ea311,ngageoint_opensphere
10794,b89ecace546c58df69862ecf8cedc409445c346c,ngageoint_opensphere
10795,b8a7e183a42a8201c1d3b991ca161238cbb53771,ngageoint_opensphere
10796,b8ac113ce6f0bdba2c5e120dc28486bb08025991,ngageoint_opensphere
10797,b8b0c07cd27fdb1b932ea36217c2e9be35830dbb,ngageoint_opensphere
10798,b8be95bbff1dfe0fdfa79f48e0d7162b30a20a39,ngageoint_opensphere
10799,b8c639182a25fb972ac3c08ce86eb604352e7d4a,ngageoint_opensphere
10800,b8c9915c6b117a1cc96a80838d775f915cd98b82,ngageoint_opensphere
10801,b8caf08f910dfd6a7ad4d2a3b7a863d90ff73440,ngageoint_opensphere
10802,b8cfa97501204ba20af729887951766138aaea0e,ngageoint_opensphere
10803,b8d400f621b06a40065da01b9d9d5461ac271c6e,ngageoint_opensphere
10804,b8d6bbab29d65055f8ab012e3d27fec0cdccc5d2,ngageoint_opensphere
10805,b8dbb83a6d3f1b754b17cc84cf40d6e637bad0ee,ngageoint_opensphere
10806,b8e277afbd1a2d236febae78518d6f993d634ad3,ngageoint_opensphere
10807,b8e48e8036f0978b525914d00a0d605e503b9109,ngageoint_opensphere
10808,b8e72e5f2d76e915479d4afbc08330a2ce80d068,ngageoint_opensphere
10809,b8e986800386cccb328c01198eea36135aecc03e,ngageoint_opensphere
10810,b8ecc459bd4e0051cf6fe37095ffa8922a144e0f,ngageoint_opensphere
10811,b8ed588287f40f315036bcf8009552b3b2ba696d,ngageoint_opensphere
10812,b8f006f9588ab7eddad13219d03e836306ab9daf,ngageoint_opensphere
10813,b8fb7c9859cc7316630ea0e58f305ae1999718d5,ngageoint_opensphere
10814,b8fc4cfa1101a737374a4864d2442e662a9d3d0b,ngageoint_opensphere
10815,b9023dcafcf6b3729c9c9b2f40cc5ba826ff118e,ngageoint_opensphere
10816,b90d36fe8c18fc7576627b254fbd828ed7cdc919,ngageoint_opensphere
10817,b9139c085929924eca7566efcac579203f2529a0,ngageoint_opensphere
10818,b914d62924877847fb876968ac517b993d78ebc5,ngageoint_opensphere
10819,b91751f4d7180674fb91dbefd4b0eaa446727b79,ngageoint_opensphere
10820,b91865d6227782bb2d85970575e4903bfe92d936,ngageoint_opensphere
10821,b91ac94442aecb3ec3c77dccb39e5fecd58f2aaf,ngageoint_opensphere
10822,b91dbff98a57c0b3777addb6da548e919e07a53d,ngageoint_opensphere
10823,b91ddd216008756b26f40b67b0a49fefe79fa284,ngageoint_opensphere
10824,b921e49c3485b9041ae9b03a6727ef85f5363b95,ngageoint_opensphere
10825,b9302757704632b3763a3db7a48373a3698f4aea,ngageoint_opensphere
10826,b937ebd075af8412316e08552a6eb67a9ece1c7d,ngageoint_opensphere
10827,b94a6ec153f796063f24f2cef3df2635f0f24b71,ngageoint_opensphere
10828,b94d4a17c337f0f598ce5f15827f60e56d0d14c3,ngageoint_opensphere
10829,b9501129d915f63c628bd059268c483a80b71a3c,ngageoint_opensphere
10830,b950225e3573e28b5ff0905f2e775b4188b31bc3,ngageoint_opensphere
10831,b9511bc56f4a0b93cea7a56c4a1dd0995ed08845,ngageoint_opensphere
10832,b9513ec0afdf76fda4432ec72c180e360bead98e,ngageoint_opensphere
10833,b9516ddd55722909539ce6954dbf0f9c32c01451,ngageoint_opensphere
10834,b955f8f3ee46ba98690310e53c3fa3944d70be0c,ngageoint_opensphere
10835,b95a5bfd4dc6fee2a0a219365b7292c2472de14e,ngageoint_opensphere
10836,b95c42662613c5e13cbed13c3cecb1e124544315,ngageoint_opensphere
10837,b95d79dcf231f7cce97cc8ff06224546f8ff00a4,ngageoint_opensphere
10838,b96a85a30cd763103a5800e910ec2df60cfe527f,ngageoint_opensphere
10839,b96c47e0c1618b76dcd7a297e0a41fc84aef3188,ngageoint_opensphere
10840,b97d87b040bb54e789b2c159171484a6873c0dec,ngageoint_opensphere
10841,b97e596b9cc423e8357780a67c30f2f244acb980,ngageoint_opensphere
10842,b981e6c7db4c0767ea7f51c9a2063d6e7818d99e,ngageoint_opensphere
10843,b98328553a2cbd5668abe41f0d11b8ba725a3b3d,ngageoint_opensphere
10844,b98ef7dc7afa39206bd72be3df2a9c0a0b746f32,ngageoint_opensphere
10845,b990715852c1f051ab4148c160e19de95b01c5e7,ngageoint_opensphere
10846,b993c9e28b61e53b3ee286c8bbf162d397eab35c,ngageoint_opensphere
10847,b9993b160ee2474f88ec3f8ec1a41f31d026df20,ngageoint_opensphere
10848,b9a6e0c47193f5b9365397b39f0f7bbecda82d8e,ngageoint_opensphere
10849,b9a904812a5fa2f318921064e82b2ccd16993e3b,ngageoint_opensphere
10850,b9aa50d07b6b4e1b206f794957fec57aaf37eaba,ngageoint_opensphere
10851,b9afec35c4c601eec992f391d8acefe55ecdc98b,ngageoint_opensphere
10852,b9b18fd53d7feac0d8905830109739f3c1b4cef5,ngageoint_opensphere
10853,b9b2c11585a3919bf6e490f5e070a0b46978dbe6,ngageoint_opensphere
10854,b9b414aa7b03f3b8f64a56710bf831a3fbcbaecd,ngageoint_opensphere
10855,b9ba211daf74fbb657d2899be231523514856a28,ngageoint_opensphere
10856,b9c7ab7dd841728ecc09b568d9506018c8cb0fd0,ngageoint_opensphere
10857,b9ca15ba3023039d8bd22af523c6670d8a1296ea,ngageoint_opensphere
10858,b9cacb2b3cb666dd16a9374111cd5e5a7fdc7567,ngageoint_opensphere
10859,b9caf753f91cbbcd1f773ddb7d0a6ef7f534d76e,ngageoint_opensphere
10860,b9d1e67da18304311f18390c0f28da0d9e2903fe,ngageoint_opensphere
10861,b9d23a58be2a7a0a0fd5231ed3634043c79d6915,ngageoint_opensphere
10862,b9d24b17190e711e55c6d4775618dc87e3a1dd0b,ngageoint_opensphere
10863,b9e7168c33a418c7bd2353a78e54d9654b89b01f,ngageoint_opensphere
10864,b9e912603c1a33dbec8774a6c940cd24a6608ffb,ngageoint_opensphere
10865,b9eac44bf840a161ee7f58d19b699b28b776aaec,ngageoint_opensphere
10866,b9eb0c6271acc52fdbc914c7a2877545b9bd760b,ngageoint_opensphere
10867,b9f1d661df209e76469f610a2fc8e38c52a2ea84,ngageoint_opensphere
10868,b9f25af31e6a85e03c761f073f0f89fb2a85ea95,ngageoint_opensphere
10869,b9fb3324cb0ba5c278b5d9c341473f82b6ee0f97,ngageoint_opensphere
10870,ba01487692553e29489aedab47ed74f81aa66fea,ngageoint_opensphere
10871,ba0323087e80f8e152057caa9142f72ec9ff595e,ngageoint_opensphere
10872,ba04f796f7294652b471553f4d29ac8e88229747,ngageoint_opensphere
10873,ba0c9c414a34186a3fe6188df7f83f8a1dc02a9c,ngageoint_opensphere
10874,ba125dcaf618fba65523baaaed5c7ef98dc45ac0,ngageoint_opensphere
10875,ba140bf4292e20219174254ab0fd579b4ba97236,ngageoint_opensphere
10876,ba18530c8b11020c3cbb16e5623576cd17c2d8b4,ngageoint_opensphere
10877,ba18a1d7d147726e0fe79d411836423e75a5a7df,ngageoint_opensphere
10878,ba1917135b47493c39f903f463e40666b27a5eeb,ngageoint_opensphere
10879,ba19fbdd732337a06d13251eac9dafa8b4c50171,ngageoint_opensphere
10880,ba1fd78797cf08423f21fa325cd4c32461491f9b,ngageoint_opensphere
10881,ba31b6429919d4c48a2f4f456e83b4b9429de1ed,ngageoint_opensphere
10882,ba369b8e9199d1d513c40097522deba78a215bc6,ngageoint_opensphere
10883,ba39890f95f57b65116899b961d9435d87acd802,ngageoint_opensphere
10884,ba3aca5b495bf5987505abda11780cd2d8e6449e,ngageoint_opensphere
10885,ba444fd2c57061e081c46f331ceb22704f714692,ngageoint_opensphere
10886,ba4694769722c60a1de2f3e3fc215f3882bc1580,ngageoint_opensphere
10887,ba4b5da4d6ac821f7f45910f31ca2adf6d1b7f52,ngageoint_opensphere
10888,ba509ba0c08a1da68b29a3ae5a1197014523d527,ngageoint_opensphere
10889,ba51f0e92bfa57d9128898e8048cc94008abdfb2,ngageoint_opensphere
10890,ba52cf73c953764e93f48965492a2636c7e34129,ngageoint_opensphere
10891,ba53fc77051def1a69c6093f7ee9b1d96e51bd62,ngageoint_opensphere
10892,ba559e9bc03e77cf0c6b6a7dc917754d4e651563,ngageoint_opensphere
10893,ba5a448f289397cbe918fec2eb6d94506ef67deb,ngageoint_opensphere
10894,ba5a5115ed6b34e1401b61f24e3b75f60b2069d7,ngageoint_opensphere
10895,ba5d973198b6e1f58d7ab9828f557404d50885c4,ngageoint_opensphere
10896,ba66512fd682d5a05a63cf9a698c48a1167e0588,ngageoint_opensphere
10897,ba6a36f5e34e11671bd8bd3f55ff817cc5a5e022,ngageoint_opensphere
10898,ba6f1f14384e5a6096a6f34778fedfba74543167,ngageoint_opensphere
10899,ba6f65ae065a4178b6acb3b2df9f71fb1376a8b6,ngageoint_opensphere
10900,ba6f6a7d4ca35f9369313c8e901c42a46a98e7ea,ngageoint_opensphere
10901,ba6ff62f382f2c60f497d201999af2647b13eaf1,ngageoint_opensphere
10902,ba70a35be46ab682d19298b9f8feed70a17ef5d9,ngageoint_opensphere
10903,ba7aa3702b4319fcf0dd59cbd44edb6286742eb5,ngageoint_opensphere
10904,ba7e2c93dcf2ab12210e26de88b6c3724ed330fe,ngageoint_opensphere
10905,ba806f99bafacdf96df1edd563e21d6aa8486b02,ngageoint_opensphere
10906,ba819f30c50a4b084f728a4d48557ea0c9fa7721,ngageoint_opensphere
10907,ba86ec065144d4251ca158adbdb750a2541fcaf3,ngageoint_opensphere
10908,ba8de67ff57da4c0df0fdfb266a6110a98d0125e,ngageoint_opensphere
10909,ba92db2bd49576b2af5be882c018a9bf2ffbfd0f,ngageoint_opensphere
10910,ba940671e6f2e21f912efa79caf67ecfe29487c9,ngageoint_opensphere
10911,ba98cb5d1091f49596de433f9706e7ec9363b62a,ngageoint_opensphere
10912,ba9c9c264339aba017792c5dbb09314ebdb15dfa,ngageoint_opensphere
10913,ba9d589198690dcabee71050750533a65411a955,ngageoint_opensphere
10914,ba9e169a47b48c4e28567b85e5b44975810be64e,ngageoint_opensphere
10915,baa24c12b4bbb5e8c0405d7cff051581a32cb481,ngageoint_opensphere
10916,baa28091ad724a9dbd6b358d88f244670351f737,ngageoint_opensphere
10917,baa56f5b69efcf74f76ebb5ae9e1a6d0c53e94da,ngageoint_opensphere
10918,baa8a2046d6aab466635c12d7e6d2b9100815463,ngageoint_opensphere
10919,baa8a61ef3dabe5263be283bb427e6db14baf500,ngageoint_opensphere
10920,baac1e4e4b067fdfc27b4dd8dbac272eb2e171a4,ngageoint_opensphere
10921,bab65fa6ad2f149b8d0b6b6e1c0eb828ebf07b0c,ngageoint_opensphere
10922,babaec1a779677f03a45ba601278c4a51261f887,ngageoint_opensphere
10923,bac0b6651ab657869ed61993e7d86384292da5c0,ngageoint_opensphere
10924,bac49bc123627a1d9a1763193984ee9433ca1515,ngageoint_opensphere
10925,bac778f7120377c29713411b7e3cd9fad92bf7f9,ngageoint_opensphere
10926,bac8fe784d43f7bb4347e9aa8fcc6c6e7ee98e6e,ngageoint_opensphere
10927,bad5e185c319bdaaf48c29d7fc04c1c0c81cf27e,ngageoint_opensphere
10928,badbbf38f481dc457fc2fd9feed79171c87bec9e,ngageoint_opensphere
10929,badd1501b2c5d8c81fc5a72cbc6351833d537734,ngageoint_opensphere
10930,badeea7b3a11f02673eb1dda89f423e04d30a981,ngageoint_opensphere
10931,bae744f1a0b29a646c9b11d4d167d0fbcfd5dd7e,ngageoint_opensphere
10932,bae8cea56e44b94ea362eb5225a0b1fbd5cee9a1,ngageoint_opensphere
10933,baea4033899bf8fb8ce5c7b5137c99223175f82c,ngageoint_opensphere
10934,baf29891de30531fc5caf7f1f76b32311587a5a0,ngageoint_opensphere
10935,baf656855f1e36cc2076ce8dedd2d485732712e7,ngageoint_opensphere
10936,bafc0d1f2609b18321582e2366d6a2d84bfad49f,ngageoint_opensphere
10937,bafc3b988318316b632c46e8b2c210a40cba7446,ngageoint_opensphere
10938,bb05538dbeee928d661cdc1b79fc00c57bebb686,ngageoint_opensphere
10939,bb0fbc96c8ae63761c054cc180957c7143466f55,ngageoint_opensphere
10940,bb1144aff9ac0d98432de3ae825aac14a882d223,ngageoint_opensphere
10941,bb152312dd79a2f122ae05475029116e6d7d5675,ngageoint_opensphere
10942,bb19a551c3f67ec956f6d2e0df9a0e32860bd2bb,ngageoint_opensphere
10943,bb1de8384508651457a52338837e01475d1c6f11,ngageoint_opensphere
10944,bb1e5d608f2bf5eb86b45e9063cab4a26f6b9372,ngageoint_opensphere
10945,bb286aaf54e0067bcd902a2a8140c82668b78eb3,ngageoint_opensphere
10946,bb2a91eb973e7e56168c53c696266a5354945a3e,ngageoint_opensphere
10947,bb30592d19869cacf41577eb82bc59a7a76cd008,ngageoint_opensphere
10948,bb3133ca8cb178a4ff5915456f5bd8f92adb9596,ngageoint_opensphere
10949,bb32b97e3d2e2359825a916febb9ad8f90ff6f1b,ngageoint_opensphere
10950,bb33184700933fa718e82c03a5824537a762cf30,ngageoint_opensphere
10951,bb34fe52624797dff4d6ef7c4956d1795be7fa2a,ngageoint_opensphere
10952,bb3ecd43ddabd10f0154aa049db1222e9bc8f8c0,ngageoint_opensphere
10953,bb42b6e3a1152ef96d3f1682705f22b759f56bd9,ngageoint_opensphere
10954,bb45b7cb9f131d84e4c33b554d1084258637847f,ngageoint_opensphere
10955,bb46cea0e4e0a21921e1237f1fa3d30e8e8411d5,ngageoint_opensphere
10956,bb47f752f620ce50e9fb62a4f637ac286dbc16a1,ngageoint_opensphere
10957,bb4c862ca3a87f3b528cf17a322aa3f76746957c,ngageoint_opensphere
10958,bb4d08290e84aa4b3a1d2fa0741840a475cf12aa,ngageoint_opensphere
10959,bb4faf7db5fa0467d7c698316ad5f4ead9891d0e,ngageoint_opensphere
10960,bb5a0f0f609adb1ddb00251ff07ed9fa9d53ed0a,ngageoint_opensphere
10961,bb5f21e246415ec50b597cf61a8d8a34af353c7f,ngageoint_opensphere
10962,bb70707e30329a523ba51a52155c97ad28113926,ngageoint_opensphere
10963,bb72914bef2a730ed2f469ef84e1f6f8854d94e4,ngageoint_opensphere
10964,bb7efe73300c8df934c1c9bc62ddc82547733c15,ngageoint_opensphere
10965,bb811055205733a07b23aa929978c5320db13dbc,ngageoint_opensphere
10966,bb8425899c95cc3ae979699fef38eba3a0ef6e79,ngageoint_opensphere
10967,bb87907de4828bc6698b89b9f94336d7bc2b4348,ngageoint_opensphere
10968,bb8819ce05ca9c2d0c74bb6b7f04519557b34d05,ngageoint_opensphere
10969,bb8985fd84996201d430b83ed70ffe347de8b6df,ngageoint_opensphere
10970,bb965367caf68b30052aca65f6557b82731d049e,ngageoint_opensphere
10971,bb9953b96b0ac0b86b3c1b219bd20d44453873c0,ngageoint_opensphere
10972,bb995f8a04c0b16cf4f466d022f15f8d98dc0d26,ngageoint_opensphere
10973,bba346905b2c1a3c0b147898dfe88ca123e1f065,ngageoint_opensphere
10974,bba3c5833b0636ccba87f274b3b411990b87a0dc,ngageoint_opensphere
10975,bba6e45ffae96773c3884a632efe02972965f5e1,ngageoint_opensphere
10976,bbab1756374907e4ebf13c7ae179d21f8aa77485,ngageoint_opensphere
10977,bbaca0ff81c5dfeef425263af5ce536c5f88789f,ngageoint_opensphere
10978,bbb4a856eb4cafb0fbd5b3667b7ba238d70d6e71,ngageoint_opensphere
10979,bbbdee27e81c86ac5e377626d05544a5a7020f01,ngageoint_opensphere
10980,bbc612f010091ebaf5f60156d80c870cadc56f35,ngageoint_opensphere
10981,bbc614b8b753696ea9bcfb1284b50fa56df4b671,ngageoint_opensphere
10982,bbc8645758edb7b1f625b622030dde8bddd33d18,ngageoint_opensphere
10983,bbc978c5fb2b46ecabfd0d95aa09febfb6544013,ngageoint_opensphere
10984,bbca5a67138c219471841ef2a8fd26094c663dc7,ngageoint_opensphere
10985,bbcd849f7092b485e11c53bd091d025d38bd39d9,ngageoint_opensphere
10986,bbcdb8afcfa059d024c4269636bc9abbd1d06153,ngageoint_opensphere
10987,bbcf54955ad75b57ce1571c5f4e51cfb433d487c,ngageoint_opensphere
10988,bbd5aa6ac395c5c1e8e21c67d003f57104af4fa3,ngageoint_opensphere
10989,bbdba3525e932f59711b4ccbe1f9685882e39b6b,ngageoint_opensphere
10990,bbdd2f8ee376446bc1795db6c09e130f181c57f5,ngageoint_opensphere
10991,bbdd386bd77b3c8a0d3b7e935c55b8cd2f681e2b,ngageoint_opensphere
10992,bbdf6dd76285e5dfef53a35e45b9f5de98cace9b,ngageoint_opensphere
10993,bbe20b40cf50b2a74a92b8c606316bf473ed0b06,ngageoint_opensphere
10994,bbe5c173b571780bd21ff53c92b1b8807cd026dc,ngageoint_opensphere
10995,bbeb319ddf0b99774db3d446317a8a43909275ec,ngageoint_opensphere
10996,bbeb58c40bf55ca5a9d0b4d22bc7e7b104195609,ngageoint_opensphere
10997,bbec6cf320b8b78d05bb057180920d9ba76ba3de,ngageoint_opensphere
10998,bbed55f92ee6c9dd4db0b2db5f9c481f57c76906,ngageoint_opensphere
10999,bbf945142c3563c9a0e0e6b20051dc48556dbe63,ngageoint_opensphere
11000,bbfbcac0498e884ec3a48c82125e51fba68d341b,ngageoint_opensphere
11001,bbfbd4c046bf062847fac98ef81d48e6d6f2bb7a,ngageoint_opensphere
11002,bc000dc11e3566d9e671806c42b88cce38debd59,ngageoint_opensphere
11003,bc01c955e3cedb8783aeb614f4227c7166fe97fc,ngageoint_opensphere
11004,bc0b869775a4134598aaff8791aba93e8e3cb3ed,ngageoint_opensphere
11005,bc1130c08983ae028134c4ab141357b6250825ee,ngageoint_opensphere
11006,bc152dbd4d089e0a84038c124f6f5e28b4c33e61,ngageoint_opensphere
11007,bc17b2130f1341fa6a5fac7b54521b53461c8524,ngageoint_opensphere
11008,bc1bf0d99365e20ae91b96c99eaa41f588baaf48,ngageoint_opensphere
11009,bc1e9a9d4210a5b59150fc0a359f9fda7d65abe0,ngageoint_opensphere
11010,bc22c8d9857c2b80e6f42886f941059740a89171,ngageoint_opensphere
11011,bc236f607d43df0108c242e4af80c6e48c970623,ngageoint_opensphere
11012,bc25f0e3644ca89df793bef7a7ec7f3ed6e0c2e2,ngageoint_opensphere
11013,bc27e8ca09a5f531b3b2bd737d50b3195a594247,ngageoint_opensphere
11014,bc2d2e0ce7516d9b61ea066e6bb4a7467fe25294,ngageoint_opensphere
11015,bc370ed626b6763f67a913c4c0315f4f5c849059,ngageoint_opensphere
11016,bc39710bda883e33e81e16502ae351b5ca7e28ad,ngageoint_opensphere
11017,bc3dcfbe6044dcd723f1da5d0b7c08d071f04410,ngageoint_opensphere
11018,bc47efd706f9bd674661729cb26830844b92a3b1,ngageoint_opensphere
11019,bc4b79a62e5ecc3e30d327623fa243768d06334d,ngageoint_opensphere
11020,bc4b7d75221fcd9011609824812ac283a3139200,ngageoint_opensphere
11021,bc4f7d53fe15399760804b38c61c501fa64046fd,ngageoint_opensphere
11022,bc50133202788fb92924f876cc3b979078a429f3,ngageoint_opensphere
11023,bc503f072843ea32f6903d4018b6d4cd17efa099,ngageoint_opensphere
11024,bc5848f58a7e2f0a7be18b615705f0c370be99c1,ngageoint_opensphere
11025,bc5a8a6639b7e5e34439b05356a91c66166bf208,ngageoint_opensphere
11026,bc5c67f43c39a727e0344ac1213e35f711e51a18,ngageoint_opensphere
11027,bc6051d805158f4482992db1f38995cadc2ef903,ngageoint_opensphere
11028,bc622deb134348c3903271aafa8e9ecde97a762e,ngageoint_opensphere
11029,bc62b51205809e080580d14f9368dfcf00c688b0,ngageoint_opensphere
11030,bc6565726573ed6ce240c71763b83f46707edbbb,ngageoint_opensphere
11031,bc6b6bb50966fefc4252a09da40c4700c9eece0e,ngageoint_opensphere
11032,bc731ed05d3c4d2a182fb696242b371b1a09a58e,ngageoint_opensphere
11033,bc73267642726e458cae70caeebd437e22cfacd4,ngageoint_opensphere
11034,bc76f3c21326e028ffd4f3657a4da832c858d51a,ngageoint_opensphere
11035,bc773c4f4cf4d48b9578c71eadab10643d84a08c,ngageoint_opensphere
11036,bc7f0b73eab3930c26ea43af56abc70ca7f4ea03,ngageoint_opensphere
11037,bc80233c68ba772acc4fd39dcd4531d6dff23d69,ngageoint_opensphere
11038,bc8431f04af6948da9fc4ba136f5b863474a97e3,ngageoint_opensphere
11039,bc84e2dacaca1a17dfa735e797d7eda7f5489913,ngageoint_opensphere
11040,bc8ee104f72952470aec5a97de900a5883197463,ngageoint_opensphere
11041,bc994a92f432205e1e690265108c021f5f719904,ngageoint_opensphere
11042,bca0143695d0e4cab2425761829e66a004f24e27,ngageoint_opensphere
11043,bca6e996cde0d0447ecbb100ecd799eea7c41f56,ngageoint_opensphere
11044,bcb201e0cfea858667ddb4f42a5c26c2d2a9f1ce,ngageoint_opensphere
11045,bcb62c37cf0a1b70ce3142e4d79ec783bc58f0bb,ngageoint_opensphere
11046,bcb93ca7cffb06b36effa33db4cab45b4e9fadb5,ngageoint_opensphere
11047,bcbd54cebea4a440f25bd19b907de44d23ee3a29,ngageoint_opensphere
11048,bcbd82af0c11a2f58495959ca9f4d78ab3e0b4d1,ngageoint_opensphere
11049,bcc3b2bec7527defa778e514882fb5d1cc681cfa,ngageoint_opensphere
11050,bccd560928e72734b27dc6f27fe286753b5a5a45,ngageoint_opensphere
11051,bcce6ee51c416ec3be33e675a8e997816a5bb1e4,ngageoint_opensphere
11052,bcd25422fe9991e5380f40baad3ca8734fdcbd4d,ngageoint_opensphere
11053,bcd358e564815a1da77a08c05675d06c04fb396c,ngageoint_opensphere
11054,bcd5b257ed7544a8474fa1de76767ec59fc3f988,ngageoint_opensphere
11055,bcd709905830af82017883f68dcb2b27de797678,ngageoint_opensphere
11056,bcd91aaeb0a2b705a2f6d77cfeeca101a9b8142b,ngageoint_opensphere
11057,bcd9683c9509a0d52cc0e2e79f161a25b24f205b,ngageoint_opensphere
11058,bce3560b3f0737a92d5a3449fcb7fcda51d3d7f7,ngageoint_opensphere
11059,bcf08072970c58d35b5bd7a34fbd6306c1c63dde,ngageoint_opensphere
11060,bcf3ea834b22813555d1e1313e81000a586b3e81,ngageoint_opensphere
11061,bcf527666ee4aa342a12c293f19e2faee3c4957b,ngageoint_opensphere
11062,bcf6c536f37c1ded61def808ff67c175dfe953af,ngageoint_opensphere
11063,bcf7ac9e6152dbd2f085fba1b0b895e94879ba48,ngageoint_opensphere
11064,bcfb3608e0dd4c4afc179b8464d5afff02392864,ngageoint_opensphere
11065,bcfc35fd929ea926de365cc0b2431a1452cbaca5,ngageoint_opensphere
11066,bd0f7801cd5b77a2e02143819abb215ee43184e5,ngageoint_opensphere
11067,bd10360b003f69022316378365f5ee65e5efd06a,ngageoint_opensphere
11068,bd10666945f6ff576ff24147f5482809f22d49e2,ngageoint_opensphere
11069,bd11379f7e26137c697acf7432a14914546f6ef4,ngageoint_opensphere
11070,bd147ccd3e269241a44a955845df734d14f7c33d,ngageoint_opensphere
11071,bd14c080ba5c90156187be72e9a3b0159cbf6b81,ngageoint_opensphere
11072,bd1769e136b689ebacb08605575520f8e92cebc2,ngageoint_opensphere
11073,bd1842dacdcc3db9587f3d3a8bedd919522fa0c4,ngageoint_opensphere
11074,bd1b6a8ffce2049d35f19191d6ab8916ef2c88e8,ngageoint_opensphere
11075,bd20bf236fc7cbf35800c6cea9a7e99a66e1dbc5,ngageoint_opensphere
11076,bd24c53fd1195734cdd46356b14e4b4e0db72bb1,ngageoint_opensphere
11077,bd278d663ce7f504988944d34eda04f15d55f50e,ngageoint_opensphere
11078,bd2bdc070b7430a8d57c4224ca1754d51634e14f,ngageoint_opensphere
11079,bd468378da52b4854a2796ddf0a894eac6fda5be,ngageoint_opensphere
11080,bd469faacceb65c3b095b0cdd717a05ec5f9e523,ngageoint_opensphere
11081,bd4ca3635d28108bb6d9a4884627ecf73a63f8c5,ngageoint_opensphere
11082,bd4f4499d48268733611e9449d4631152accce64,ngageoint_opensphere
11083,bd517a927e0a7066335a69d77a02dea0566dd3b9,ngageoint_opensphere
11084,bd572f0df2b1926f79e39cf40dfd5a155dcc1b6f,ngageoint_opensphere
11085,bd58fcc309894346eba85349f5eb1c8f5923fb40,ngageoint_opensphere
11086,bd5a88c0e9324a5ecfe093f8be80511e180a419d,ngageoint_opensphere
11087,bd5eada21f1aafe61e9c865e9cce10bcd4ac1c8e,ngageoint_opensphere
11088,bd645171dd5fbf361448eef3806623c83b43852d,ngageoint_opensphere
11089,bd65a88868e4bfdcadd77bfa43852efc60593191,ngageoint_opensphere
11090,bd66ae304e5f8240a491156059774e309c6bda7e,ngageoint_opensphere
11091,bd6769b8427849395d7317b2416c4585353ddd6d,ngageoint_opensphere
11092,bd67d850f357661b601eeafddb324618863a1064,ngageoint_opensphere
11093,bd72dfd2c9ab34a3eef56f7967e92ad237438cf9,ngageoint_opensphere
11094,bd7d854f7578056a1fc16e04ed8107aaaf5c3aac,ngageoint_opensphere
11095,bd7ee2ce8703ddb1fecb76234c798f19489617c2,ngageoint_opensphere
11096,bd8111d0374c013358649524cb459bbbf696fc62,ngageoint_opensphere
11097,bd812ad301de20dbb992dda6a0ef72f736fabc20,ngageoint_opensphere
11098,bd87e4465743f70f29cf5711417abf183cf487c6,ngageoint_opensphere
11099,bd8adb3240b785c544249e223233a733a8d20ea2,ngageoint_opensphere
11100,bd96cc508f13057adf4e367ffea035569d917c66,ngageoint_opensphere
11101,bd9a7db2907c7b59150674b36b43d3ec06532901,ngageoint_opensphere
11102,bd9f6e700d50030d4bb57f075f78c51719428f72,ngageoint_opensphere
11103,bda57c1493cf66cdfb7d2f6a98d9eae626e77a49,ngageoint_opensphere
11104,bda61dffb8bb7363f69303b089e9649d1b4ab099,ngageoint_opensphere
11105,bda7d9fdd1107f5f500393d26ef99e3f716f5b74,ngageoint_opensphere
11106,bda826b3f726932767a739056fcddcd832bfad16,ngageoint_opensphere
11107,bda97bcc7972074d181ddff1ed1ee016ac57c24d,ngageoint_opensphere
11108,bdb38fe2441edc527ade8d1fb1af6a235595f1b5,ngageoint_opensphere
11109,bdb477a30f8f8582651289ab7012bcb0a65bb0ed,ngageoint_opensphere
11110,bdb7d54879ec4d918a75ad034e566b95ceb852d9,ngageoint_opensphere
11111,bdbd2e3e6b38f30687b92616d3180bc21232baef,ngageoint_opensphere
11112,bdc766195bb2c5beaf1abdbf1cbd942b7b641170,ngageoint_opensphere
11113,bdc776f7076d4f4e867e0f6bb0895bc697704240,ngageoint_opensphere
11114,bdc95d65032a7dd5281ab2e87bdadc1386a01ca6,ngageoint_opensphere
11115,bdcc770c16aa5bf3ccb48661de7a799c8a98221c,ngageoint_opensphere
11116,bdd131163e1f285561cef4a18f25694f61a60376,ngageoint_opensphere
11117,bdd31ed74279971b7730a55bdb06ce9cfc16927f,ngageoint_opensphere
11118,bdd52d2bf2ab218c1a165ff123931894d0551d98,ngageoint_opensphere
11119,bdde69562e27b66f73e50ec32f26d03fb10c189d,ngageoint_opensphere
11120,bde049d704165047353d6142815c990d4e0693e3,ngageoint_opensphere
11121,bde3388bca7a6f1db24a497cf8318b67605e0f20,ngageoint_opensphere
11122,bded0ce2c076ea9495faaf21115cbc822f3cb21c,ngageoint_opensphere
11123,bdf0c817854a58be0a5843459e3c2f9fcd7e9822,ngageoint_opensphere
11124,bdf84481c7f75239507502381ea65d0067c461b9,ngageoint_opensphere
11125,bdfe39fa208b9dc12bbec45a458fb5b5abfc7cdd,ngageoint_opensphere
11126,be00a08a8d2e98869da8bab7019fe2b6bd523b1d,ngageoint_opensphere
11127,be0abf77007d0e9caa06005079da126aef59a57b,ngageoint_opensphere
11128,be0e13ef6c60bd7ba0f061785dd5489b5fe218d6,ngageoint_opensphere
11129,be135711bd269648b18ff44788fc694321453dac,ngageoint_opensphere
11130,be27ed7c93d3a04212e55af7560a02a83b0fe001,ngageoint_opensphere
11131,be282ca182450d24da2b2e67ce2ce22b48be61c7,ngageoint_opensphere
11132,be2a1541719ff0b46e6fcf5a908dc90450ff487c,ngageoint_opensphere
11133,be31a9c01a66afc7cd5f3801dafa641532baa662,ngageoint_opensphere
11134,be3be2f19f595ca2b5ca1e80693a2ce5e73951a1,ngageoint_opensphere
11135,be3c6f256f7208fa682abc068d330a0c9e0dd4f4,ngageoint_opensphere
11136,be3d950a6840f51a6479ef2f78a3fb6bd7b44e92,ngageoint_opensphere
11137,be405947fa59898ba28a77de14ec8e23207cfce3,ngageoint_opensphere
11138,be47a598e5e0a839b3c4f506da9adfc475b3f970,ngageoint_opensphere
11139,be4a153e7d5d9a67b8c70180ccee73decc37135b,ngageoint_opensphere
11140,be4c171f7f09b09cf6e1456fda8650ff99ee7d24,ngageoint_opensphere
11141,be4cebcc62b5aa6545f2d7d9eb7a08b7b53c3a95,ngageoint_opensphere
11142,be4efa47e5508f88671e1340635083ab2547add4,ngageoint_opensphere
11143,be556c0dc1ee1faddab2cd8e92dcf910063b7d8b,ngageoint_opensphere
11144,be58c302d1c116eab3c46571c18672e1cd0c3ddb,ngageoint_opensphere
11145,be5c4cccb9f8ef635689b69f1836924870cce3e9,ngageoint_opensphere
11146,be6844e34c91833b6d0ecd20e274c6c083d338e4,ngageoint_opensphere
11147,be6986113274f0cf923ff64343e4e33b6315af59,ngageoint_opensphere
11148,be6cb13c60dbf966e3b897d3a17de191433d80f0,ngageoint_opensphere
11149,be6ef2ba2518c30f2cba9cbe349b9f66d0c6455c,ngageoint_opensphere
11150,be77bf5e2166cab5cfc0c36a38dbaf858053625a,ngageoint_opensphere
11151,be7c771327933a52e4d23b6eacd22f935c287cf7,ngageoint_opensphere
11152,be80ef1a0c1e8d97d9602d542c2f59be11403007,ngageoint_opensphere
11153,be899e24c5eab190f412eafe22a01612e770f1c3,ngageoint_opensphere
11154,be8c055290b423eb4c71453ce6db72d9c11bc2a7,ngageoint_opensphere
11155,be8c617b619b75b33832ab6a86e5e4a2dad8e43b,ngageoint_opensphere
11156,be8e95228fb6454a6e6708b2140a4184598b01b6,ngageoint_opensphere
11157,be90c6ff46c0227e683cd5724063498509a8d26f,ngageoint_opensphere
11158,be912779899b9cf945c237c113c53d9205c59cf2,ngageoint_opensphere
11159,be93665e3aff4d0f31facedc84d0bc2c93e4e22a,ngageoint_opensphere
11160,be9508eaa908240e97d8dbc185deaa855c31187c,ngageoint_opensphere
11161,be99a4b5aacbdaca8a7481aec64e2b95dfd26c60,ngageoint_opensphere
11162,be9bea4a30293f625a7c9540f94508595461ac8c,ngageoint_opensphere
11163,bea37a7e7bbe572b91b841070056ee6b56adb451,ngageoint_opensphere
11164,bea89ebc1895cb9eaf9d8f43278e7fedc2410687,ngageoint_opensphere
11165,beaaa622d129288d9442a6f670cd09723fdf40f3,ngageoint_opensphere
11166,beb99732fee79e2de0c8cdafdc0599ad2dac20bb,ngageoint_opensphere
11167,bec4f69e2e7151dd1bdd889740c56bf04669ed62,ngageoint_opensphere
11168,bec6a2d40d3120a2093845dbc13f2a04990eb412,ngageoint_opensphere
11169,becd369529cbad8857e22767cbabd5627925f9b4,ngageoint_opensphere
11170,becfb18af41ad8fc8e87b2711589986c9acf39da,ngageoint_opensphere
11171,bed23d9fa27dbd71c0335016d27fb0163a4381be,ngageoint_opensphere
11172,bed46e415151c427d6bc4fbf4651ca77768ef059,ngageoint_opensphere
11173,bed827ceed93b13f01328c3cdcdccaa6966b1613,ngageoint_opensphere
11174,bed8acec1e721f1ece231b06130acf701b4b2118,ngageoint_opensphere
11175,bedd5297fb775668df9572e617a6b88ea27dd4b6,ngageoint_opensphere
11176,bedfe5d6ca6db226e949f1c86fa72c8a064a912b,ngageoint_opensphere
11177,bee4a77507e1678eee7fa3bc276affb60ed8672a,ngageoint_opensphere
11178,bee57b55afcc28b21d9859160ad6e7973d876b8b,ngageoint_opensphere
11179,bee5a7b3b68aa906d688470048f69b721e43b512,ngageoint_opensphere
11180,bef1f8325b6339b7baf5087a250db6b45b8559c3,ngageoint_opensphere
11181,bef6c87b487eb46af5ee2ea63eb1457dcf78690e,ngageoint_opensphere
11182,befb542aafc221182ebc74675a516d23ae4af210,ngageoint_opensphere
11183,befc36cfba0d4f8fee12c848c6c6b6665446e42e,ngageoint_opensphere
11184,bf03e7d63fd2acc5c077c0dabb5ad94005ba64ec,ngageoint_opensphere
11185,bf0963e817abb2c326e4634d3c55e875ea5094c3,ngageoint_opensphere
11186,bf0a8baf21a9c2d6aafb71d56780f1be9ab47b9e,ngageoint_opensphere
11187,bf1bf05769ff7c640fc01cae0820f0ff26f74d19,ngageoint_opensphere
11188,bf2021f49f9550088ff218b82d431f3b52785e4c,ngageoint_opensphere
11189,bf269fd70d5bc6d89b1e0d1552968c7a1896be01,ngageoint_opensphere
11190,bf29a6ca1baaedad817b3cd7f73a875cafbf06d4,ngageoint_opensphere
11191,bf2db22d9fd5a814bb5319ddcb5e34556235f1ff,ngageoint_opensphere
11192,bf2df9c5a2e8b42ca4f4eb4fb5e9d82cfba3a7ad,ngageoint_opensphere
11193,bf2f7b033bc1a46b3e5e71a0223be322109982db,ngageoint_opensphere
11194,bf3eee6e43b27449d61a8746bff953070c656f4c,ngageoint_opensphere
11195,bf430a83320eeae5d47744a214053cdee985214c,ngageoint_opensphere
11196,bf443cc7dcbd9697e9c140368bb37cd5198ef94e,ngageoint_opensphere
11197,bf46d917c2a5058dfb72aca0f202808f92c4181e,ngageoint_opensphere
11198,bf4cc4b99b58ef045a1dc61aeb4e120bcac9b345,ngageoint_opensphere
11199,bf4d7d3510ac070221bcb7e9716cf90d045cd720,ngageoint_opensphere
11200,bf5506c72a80dfa57e74d86305219ac622cd8c0e,ngageoint_opensphere
11201,bf5664a71d31eec4b921139e530220ed3e65fc58,ngageoint_opensphere
11202,bf5806d7cbcdf0678e2e4743c2e654975cb53518,ngageoint_opensphere
11203,bf5a9a7a9c20f5443357aca6bc1d54873913cc4e,ngageoint_opensphere
11204,bf5f5cebd5a552dbaa60f082832f6779009f8f19,ngageoint_opensphere
11205,bf636778553f2d9565fc1e610c1d6da4bc044ca9,ngageoint_opensphere
11206,bf63cb41c1d5071e14315c4e86c92181bb6155a9,ngageoint_opensphere
11207,bf6465ea0512b02e923d897748c3738dd7a0f084,ngageoint_opensphere
11208,bf6ed5a7ffd0084cd3aa123b4e496bf9e1bd9500,ngageoint_opensphere
11209,bf6fddcdab4de1d692d32f8cc65c2a3e2f5d27ee,ngageoint_opensphere
11210,bf6fdfa10184e486f636979bfb408a7c26d7a7be,ngageoint_opensphere
11211,bf71f216dd8e8988170a76cd901224f8b40d41c2,ngageoint_opensphere
11212,bf733848cd01a3b0a58f602e9a8260a1d6d70058,ngageoint_opensphere
11213,bf7777f1e8c83fe6c88a8c5824de2e6e2a8a92c2,ngageoint_opensphere
11214,bf80c005234eacc80cfbcc11024b493ac1b9dc00,ngageoint_opensphere
11215,bf84036fa03c2fdfcff4a3b7304ff14c7dc92a51,ngageoint_opensphere
11216,bf85c3853053de6d49c9f3101e5bd79384651574,ngageoint_opensphere
11217,bf8a73fbd99a25e8fdc0baef201106d580518425,ngageoint_opensphere
11218,bf8acc956c648706a0e432cbca1590d855e3a939,ngageoint_opensphere
11219,bf8cc86b9dc48d72342dfa8ea361fed94d633264,ngageoint_opensphere
11220,bf90903b28c32d54ef9a01280b1bcb4a717c1be9,ngageoint_opensphere
11221,bf909eefd80c1a9d7d1219c3431b7b5040c85f23,ngageoint_opensphere
11222,bfaddfc91a1bb292a76bbbea3e6420d4ee429051,ngageoint_opensphere
11223,bfb1c5e0ad62d4dec18961c268bef69b48dd2ff9,ngageoint_opensphere
11224,bfb509ae223186663a4f57f70c293264911d3cbb,ngageoint_opensphere
11225,bfb66db5eb5881948675b6df0381f8949ce9eb81,ngageoint_opensphere
11226,bfb9979f51619ff4aee518cc0bde1ef0c6273c61,ngageoint_opensphere
11227,bfd8091a5edd91fecf5c45290dc00fdb9cd52fe4,ngageoint_opensphere
11228,bfdd45c30441f65be9cf18d0b7051f6645ff5b75,ngageoint_opensphere
11229,bfe5c802106aa33e23cce61fe4c99b666d1ad8aa,ngageoint_opensphere
11230,bfe7ffd572938a78b759a3fe1a7c4f81f8a3e95f,ngageoint_opensphere
11231,bfe962b52621f4ce7c83c1c69e60610c3662d807,ngageoint_opensphere
11232,bff0c63402d91df77a47267434f2ef9e624a1d76,ngageoint_opensphere
11233,bffd37e837496bc723b2c4402b87e1216c5dbeff,ngageoint_opensphere
11234,c003fc4d7f7a9e04c58283d95cced80cbbf28b4d,ngageoint_opensphere
11235,c00606f7ae6d659bc18706e15a06cc02f3fc588e,ngageoint_opensphere
11236,c008e48589e5f5376672c367e08ee85bdb34aa68,ngageoint_opensphere
11237,c00c1b112881564dcfc72fed468dd1a58b380962,ngageoint_opensphere
11238,c010ca8398b72e90d082e83e6520aee3fa450ed7,ngageoint_opensphere
11239,c0137a1467cf7ac5c38f4fc13da486b36b4d8683,ngageoint_opensphere
11240,c02a4a9bbc004278822a134a882da11866287622,ngageoint_opensphere
11241,c02b1757f453688905d56a3a03787d40d0f56dcc,ngageoint_opensphere
11242,c02d878652db9360cf6c40d99d811e91fd5f42db,ngageoint_opensphere
11243,c02f4b6aedb4b6248ebb216d97cfd0d2469bd396,ngageoint_opensphere
11244,c03478aa2d8302256d55b0dd3840331bdbd346a8,ngageoint_opensphere
11245,c03c8182caccd536b6352434594882d15f3cf400,ngageoint_opensphere
11246,c04341e5c07a735350741773f87667b9640cacaa,ngageoint_opensphere
11247,c04824238507d7c6dce9d0f1f4c58cf3d65f9418,ngageoint_opensphere
11248,c051cfc6a083f9b2444f703edc05ffbaf0543f1e,ngageoint_opensphere
11249,c0547ae4f393b87169c2a884d2c094ab7e4681b1,ngageoint_opensphere
11250,c059b5493b791e061611cd173dd0f2c253b47bf9,ngageoint_opensphere
11251,c05df90a52243a760692f849b504394a35ae0ec6,ngageoint_opensphere
11252,c05f7e808031e17726760f028fe809a588599b0a,ngageoint_opensphere
11253,c060dfc608967dc190d7867daf9fbda04fef3d8b,ngageoint_opensphere
11254,c066173d7ed1a5c6d5af4d6af535891f2f85611b,ngageoint_opensphere
11255,c06dd9c3d6997267e18030d4493ebbeef0d674b8,ngageoint_opensphere
11256,c06e31f4fcc94ab7a2d09e0e76645a7eb58d8912,ngageoint_opensphere
11257,c072a025ee5a5b0e6ccb139d0a6ff44c9d90efaa,ngageoint_opensphere
11258,c073e8720da8af6ee503bcc9aa77ddd3836ffd38,ngageoint_opensphere
11259,c07567e303fe3fe855afee292559bac1914ad412,ngageoint_opensphere
11260,c07969cfecdd27af860e6ddaf86ccc326e2caf18,ngageoint_opensphere
11261,c079c8954311ec79ae6161554eb1970919d4ab4a,ngageoint_opensphere
11262,c07d082a4e374bb11757e33885997c52992ed42b,ngageoint_opensphere
11263,c0850eefe28d94bbfd172ae480b7a68b85a55166,ngageoint_opensphere
11264,c0852489b58286b031d29b6d0ed07eb30d2fbea7,ngageoint_opensphere
11265,c0883af291040c345c59fc9e3f31a501c4fa8e7e,ngageoint_opensphere
11266,c09a384dc5711accc6330185304294292a216886,ngageoint_opensphere
11267,c0a5c46568b7e60b82b257621e5d6361c45d76e3,ngageoint_opensphere
11268,c0aacbd21591ab27c367a49cb69da1da8e46dda2,ngageoint_opensphere
11269,c0ab50153a01fc9f9135104e8f98507e9e34c5c3,ngageoint_opensphere
11270,c0abc2e2cfb8c133c39d8670758aaae08dbc93c0,ngageoint_opensphere
11271,c0aec55aabee530d49440f157d6f3ae2d728f69b,ngageoint_opensphere
11272,c0b3cea9db0932af4c0d00e3fc97ec4aade4d4ab,ngageoint_opensphere
11273,c0b66d0e0fe8183e568b47c5730b37d9cd2e3a98,ngageoint_opensphere
11274,c0bab8a32a45feac839c11644b9dd42d1194e9b9,ngageoint_opensphere
11275,c0bb3e58aff81fadb7287403bc3f9b9f6aee1532,ngageoint_opensphere
11276,c0c1b2a41ff63a69eb995e56e4060db8d746f584,ngageoint_opensphere
11277,c0c6acb40a44db6b6b59ff94fe5b47df7c656b7b,ngageoint_opensphere
11278,c0d269ffebe9b14da21dd3e85458cc57e1ce3eef,ngageoint_opensphere
11279,c0d96e871e4d6e4303d347c25797ebd161dd4670,ngageoint_opensphere
11280,c0daa4ba51f83a04303e9534597ae8673138c722,ngageoint_opensphere
11281,c0e13ba0210ddcb37d8874b3cd0d45570a363735,ngageoint_opensphere
11282,c0f101607f13adea51d827af23d1eade59a7876a,ngageoint_opensphere
11283,c103451d74875724eaae6697d91ef445f57740ce,ngageoint_opensphere
11284,c1040a5cc612299aa5d7fbe7d004c18eaa43d091,ngageoint_opensphere
11285,c1053a0f2465c7bcc37dba2848f839dd48ec7777,ngageoint_opensphere
11286,c10958aebd0cd691323578e0a1cda8f9f6ca90ff,ngageoint_opensphere
11287,c1100d2162d691b28c8d418b591b19d18145b54d,ngageoint_opensphere
11288,c111f218f0098f0fc4a6d4d9f1bbea9362672bab,ngageoint_opensphere
11289,c114aaa4116675141bef885d6bc7485b6fd50798,ngageoint_opensphere
11290,c1184cfcf5ad2ede03fda9a70858e84c1bbc4d85,ngageoint_opensphere
11291,c1232bc7049beedca8088985ece614f5923d863c,ngageoint_opensphere
11292,c125056ccf41e8c4638b9021b7b663038545062b,ngageoint_opensphere
11293,c12812a785853e76eab15ebd4633faf0afd36b5b,ngageoint_opensphere
11294,c12b9130a1072a0141a2f0c88821aeaff57386bf,ngageoint_opensphere
11295,c12bb949ce3a683affaf912dbe9936e6f034c3e3,ngageoint_opensphere
11296,c12facb97009c93a74011c413513b7bc8a2eef5c,ngageoint_opensphere
11297,c131b98a63b286dbd7a4692d20ed30aa6e6e1c2c,ngageoint_opensphere
11298,c1345c33b852220ba9992fc3692daa1850f613eb,ngageoint_opensphere
11299,c134c38cdee242215263d881adc7e9789b2eb56c,ngageoint_opensphere
11300,c140fc15b75c1ceb39d58cf932cb5bf2c23b5249,ngageoint_opensphere
11301,c1447707a4c6b0f5b2c5b7febb59bb1e98843c8c,ngageoint_opensphere
11302,c145f3acb81e7bb105dbf9a6710265ca45572f45,ngageoint_opensphere
11303,c1471abaff95ecbc600c1f520be1e4cbed2e0400,ngageoint_opensphere
11304,c1493e2055f500f51dd519a7563a71ec78991d13,ngageoint_opensphere
11305,c14a91a280e04fd3f2e4bd91eeb91b2b3e1173db,ngageoint_opensphere
11306,c14f78c576b2ea27242535de33a6d45bfdb0bf0e,ngageoint_opensphere
11307,c15499577eac7040353201e32580353fd521882a,ngageoint_opensphere
11308,c154aeb1a0bdccdfd25d2ac90a5258e4250b996c,ngageoint_opensphere
11309,c1575f9740093d6a8fb31858788c4d2ddbec49f3,ngageoint_opensphere
11310,c15a40ced9156b6702c817464608d5d33e0c592b,ngageoint_opensphere
11311,c15eb28991023bfe5ce59549d60e321fb77a398d,ngageoint_opensphere
11312,c1634ef6dfbafd9f5e302b0401d4bb1ffd8d9ee5,ngageoint_opensphere
11313,c16526ec044c2db8a009a0fa4d5792fc071d2a0f,ngageoint_opensphere
11314,c165db4f975769552bdb9fcdeab1d3f86dba8cff,ngageoint_opensphere
11315,c16651809fcec46990ceef5c6d9ef0154f036ed0,ngageoint_opensphere
11316,c1670ff957106d8224c8227b9e59e7155ac9554d,ngageoint_opensphere
11317,c178c9044e02b2fb101a5b629a838bfd233dda42,ngageoint_opensphere
11318,c17ca7b28eabcb9d27441f8e37103f411d1abeb0,ngageoint_opensphere
11319,c1802777bd2b1768b01526ade4defc087177697e,ngageoint_opensphere
11320,c186a9fe312c1fba3b0341b921c6349fdca2299e,ngageoint_opensphere
11321,c187c1015f59345cbc97d728596d7b68c8900981,ngageoint_opensphere
11322,c18ab524c8f78de2611277fd71287e57b555a953,ngageoint_opensphere
11323,c18e5ff56165e4c58d9633e663a444a6ef7e037c,ngageoint_opensphere
11324,c18fc34b38711d05ab0bff38c3bc0956d13a369b,ngageoint_opensphere
11325,c19280d18aaf341ce39a08ff54d33bcc12514995,ngageoint_opensphere
11326,c19287736ef7abb20d84d6f5dd07819e62c2dee7,ngageoint_opensphere
11327,c19ad2c4ef87e7c5dbf0ebc1c37e5d259c3d91ee,ngageoint_opensphere
11328,c19f02f1580a0c33f51056fd99007467f9855762,ngageoint_opensphere
11329,c1a7b0ef538ce9434c1beda77af665a96d537c02,ngageoint_opensphere
11330,c1ae527908ecf655f1bfc48234a1363d9f3b6c44,ngageoint_opensphere
11331,c1b40cf61b125468590449c42561a8bc4df36556,ngageoint_opensphere
11332,c1b594ef41c4fe29b7c3a00d93bcaef23ec6afdf,ngageoint_opensphere
11333,c1bcdeafb0b29e1fb0f67c3f0729128856e65403,ngageoint_opensphere
11334,c1be1275bae4d3aecf187e0df44807a25bb2e6b9,ngageoint_opensphere
11335,c1c0166d046bfb98fdfd59d78ab59fd0e315a143,ngageoint_opensphere
11336,c1c146f5c33c211f4c1344b38c55556065d1fe91,ngageoint_opensphere
11337,c1d5396fdf5ce1e7ec1ea8f63e75babbf935b055,ngageoint_opensphere
11338,c1d9a59f6993fc7849b3672ba81a61bff5db5a37,ngageoint_opensphere
11339,c1dc05598f6cee9c0a9c343e1c8baf39dcf0936b,ngageoint_opensphere
11340,c1df11a875c65049f7d6b4f9b4e2137c9d7d1ec5,ngageoint_opensphere
11341,c1e26bed81576dbfc26be82a3e79ed1c89f35e72,ngageoint_opensphere
11342,c1e7c677b78d999d758549660c9e645d71bb83ad,ngageoint_opensphere
11343,c1e813bee4afe81755222ac3b7aef72afc092237,ngageoint_opensphere
11344,c1e992c114527eb3b5168ce04b46692c74d51f25,ngageoint_opensphere
11345,c1ee41ad1081daa93a664decbbda2c240ca974c3,ngageoint_opensphere
11346,c1f0b110145452452ee30fa27b1ed3ab8d13d62c,ngageoint_opensphere
11347,c1f824f92d4d10d1e32168a68c2f6034e051ecbc,ngageoint_opensphere
11348,c2005fa2928d2361f8c5a8345eef4d15db6a8be7,ngageoint_opensphere
11349,c20534be7b9e2a2978ceb9487c3e7a45040af391,ngageoint_opensphere
11350,c2059686399db33d396499ddaf6ac67d7ab0689c,ngageoint_opensphere
11351,c207d5e046ddc2a69901455434e3f5c2c2267fb4,ngageoint_opensphere
11352,c209ffb3e3e5c322f49513a6f402d45e98bc68ed,ngageoint_opensphere
11353,c20d6cd352cfb7bfc9f7447119fd0421fbba5244,ngageoint_opensphere
11354,c213a7d4063a7865751e5c84558d114f66cdf38b,ngageoint_opensphere
11355,c2160e492073c66a64895ae36f1bd3e297ba1a4d,ngageoint_opensphere
11356,c21a1e6fb16e74a57c98cbb453c1f406975507c8,ngageoint_opensphere
11357,c21a7a6d7947aeb01c11527aa52245585b6cd062,ngageoint_opensphere
11358,c21e3d8a6478bfbdaff77465e75d1e38dcd89281,ngageoint_opensphere
11359,c220b32ad04b1b61fd6b36ab60dd734cc1022510,ngageoint_opensphere
11360,c223aef75f79c7bf41b163ef38b4dfc11bbc6cc3,ngageoint_opensphere
11361,c226a86abb9423c2dbf2290c81f2f5acbf2cfa50,ngageoint_opensphere
11362,c22cab5f280654491d07ec72d0e78c872a59a9f4,ngageoint_opensphere
11363,c22dfc20281f3348fdee98d888a9251480c0f0ee,ngageoint_opensphere
11364,c22fc63729b513f1a9d398aa0c060d08ab611982,ngageoint_opensphere
11365,c23370159904b51a30ca6eeb354b7711fd208914,ngageoint_opensphere
11366,c238813070b9abf0586745fee20ed8a5da2a7028,ngageoint_opensphere
11367,c23a5d94f45a7a533b74f421233f496a825cf2ff,ngageoint_opensphere
11368,c23f02c6129d732b49cbf60d7badd48b41b61871,ngageoint_opensphere
11369,c23f1f5920402a6edfbd1d5e33102db1648ab8d3,ngageoint_opensphere
11370,c24db8ccddedb98b57dbde149963190c3b16aa28,ngageoint_opensphere
11371,c24f1f8b974ed16baa4ed1cc799db168a9c586b6,ngageoint_opensphere
11372,c252f78e2b48ea5955cf727ff00192047b0ec7a9,ngageoint_opensphere
11373,c253a466f7a1f7ad9470ee17d6fa4b7842249107,ngageoint_opensphere
11374,c2548be6b419c7dbd1772367d2eedd0e15644d96,ngageoint_opensphere
11375,c2570d9b3a3e608a4226e086a8ad4608bc1a2e4b,ngageoint_opensphere
11376,c2576f9a00c07c8c066f684b97aa020b0a369666,ngageoint_opensphere
11377,c2634cb691debe15ca2f5c067a15764b93425b8d,ngageoint_opensphere
11378,c2664ebd236cc9e0c8f86da08761aebe221058dc,ngageoint_opensphere
11379,c269091078e4f41be4660eb54bc8a7f2c143c22a,ngageoint_opensphere
11380,c26edcb0c428e3ea1bdc2ae7efd775a110decc7f,ngageoint_opensphere
11381,c27581847c42357a1dc8dbc369fcc1ed6049eb44,ngageoint_opensphere
11382,c27c51effef7442acda85d73311cac11c67c88b1,ngageoint_opensphere
11383,c2835db7602fbd2b152a8d1f331f69c7bc021775,ngageoint_opensphere
11384,c283a7650231af8352df32921d28bc7a548b0b1f,ngageoint_opensphere
11385,c28fa036c8f7300fb0a0606c445bcca421a896f6,ngageoint_opensphere
11386,c29429ed4cbc5dbca85805afaa8c33cf9eddab3a,ngageoint_opensphere
11387,c2965b17ef42d3b9096f00d405bf3428f508b595,ngageoint_opensphere
11388,c29896ead91e8359384d340663704c2d52d20864,ngageoint_opensphere
11389,c2a1f7e985db04473d96f1a2d6287194be1532b7,ngageoint_opensphere
11390,c2a3fe4839033f9e758f561dcd47f042cd4ab043,ngageoint_opensphere
11391,c2a7b0e0ecfe73853b165bae7a88da4434593275,ngageoint_opensphere
11392,c2aa628c4d0bbef2645b102bd470ad7166018a97,ngageoint_opensphere
11393,c2ac3825b3111ab159f33c593646de7eb1e4389d,ngageoint_opensphere
11394,c2ae2dc19e0c75ae471beb24fe344007796ef33e,ngageoint_opensphere
11395,c2aefa313625000ced583ed6cd926fc68643cd3c,ngageoint_opensphere
11396,c2b09d2b615214ecbb7e9f4c7d582e6f85a70e74,ngageoint_opensphere
11397,c2b15d5f89315da8691409e368c369b076f694ea,ngageoint_opensphere
11398,c2bb6f2d1a6d15d94c8cce697bf38665bfbf4bbd,ngageoint_opensphere
11399,c2bbc11f99b0a98097805a4d143a454125298c17,ngageoint_opensphere
11400,c2c12cc4afbadbdb201bfcd75deb5263c9a0e2fa,ngageoint_opensphere
11401,c2c3a30c67c37fda5d095a7553ca446a4135bfc4,ngageoint_opensphere
11402,c2cade29b844e1447861290ce5bad4bfe90feefa,ngageoint_opensphere
11403,c2cf04e41f6de77a3ca7d3befb18537abf455105,ngageoint_opensphere
11404,c2d312768b33a0b5d4b5d45a1ca642fd4533a497,ngageoint_opensphere
11405,c2d387f6b533102ffd1a4b6aeb4717ecc4f90b67,ngageoint_opensphere
11406,c2d49efc57e2efca9d2404765cd4bd533ddcb8be,ngageoint_opensphere
11407,c2d5c20e017bd9e597453bf4049faa6bedde56aa,ngageoint_opensphere
11408,c2d82228e27e7488e1f56d3f8a9bbdeeb3014820,ngageoint_opensphere
11409,c2d875bc7fe6e50d366c7470eb69519d6f20a5ee,ngageoint_opensphere
11410,c2dff3bb3206424fffe2410d72a89c96a57c5ee1,ngageoint_opensphere
11411,c2e14e8df348f12d40fdea67f13725abb3ea644c,ngageoint_opensphere
11412,c2e2cef639e0a94f7ee79babe4fdcf0fea192f4e,ngageoint_opensphere
11413,c2ecc0e3e53d41d0615afe9dcf881b24603c3d91,ngageoint_opensphere
11414,c2fedecee8b32a659e948106d4314746aa3ac97f,ngageoint_opensphere
11415,c3006c2e0c34411f67f9c2f94455e7cf3eccbbfe,ngageoint_opensphere
11416,c304443c20b2121b5de72455a87565e0aed4493b,ngageoint_opensphere
11417,c305f4f190cf5539cc74ab5331703c6a858eee26,ngageoint_opensphere
11418,c3072aae9dba86f556d6d67723e73be6b1277e31,ngageoint_opensphere
11419,c307ba7297174c5572e0ce0381f66ce18c60857c,ngageoint_opensphere
11420,c3081b2e5a908d95b9cc1dc1a360438af141e202,ngageoint_opensphere
11421,c3132730042beec591458204a81dc369f89d0912,ngageoint_opensphere
11422,c3159a9d9db64a313e5ea340b7516d5624838ca5,ngageoint_opensphere
11423,c3197568e22eef45d32678f24d145ce77c17d33f,ngageoint_opensphere
11424,c321cc3feeeb1ed46806cd9741ad9dbdfb9e0d5e,ngageoint_opensphere
11425,c32e0fd320a0e5a20b6789049dc860e10c5024ba,ngageoint_opensphere
11426,c333fea1c8947d8801d899f0df66c28a83230b5c,ngageoint_opensphere
11427,c3398d1b38a4ad44a746a824e8b051600b4b5b62,ngageoint_opensphere
11428,c340e78f39e01f17f055285fafd5812071c20e80,ngageoint_opensphere
11429,c344968b9d86101829d232b8b13bd1397721befb,ngageoint_opensphere
11430,c34d6c83b84bc57baa98b4fe4920b3eea123a30b,ngageoint_opensphere
11431,c34db1cab86906419ce91a7ba5d99bf7dd573ba6,ngageoint_opensphere
11432,c34de3e6a32baec6b48f2722bf9e80b40b06189f,ngageoint_opensphere
11433,c35368fba71c36d353d998729002d0273c878e83,ngageoint_opensphere
11434,c3545fda7868d0140072f548dd94f25025c5a641,ngageoint_opensphere
11435,c35b88dd8565509256aeae4789764613736026d5,ngageoint_opensphere
11436,c35e01dd30a8aa558836b3e7bac880836d0228ed,ngageoint_opensphere
11437,c360abcbd2602160e7ff8b4295542bfaa623f3a5,ngageoint_opensphere
11438,c36179c0f69beed95f751ca5fea96e2297ae5b58,ngageoint_opensphere
11439,c36195ce2b66c51ad2bde20e3cd2903b97f1b9cb,ngageoint_opensphere
11440,c362cb67bdbd6c2c889e985680ba9cf476de4d35,ngageoint_opensphere
11441,c3660b6ba53b01cfce9f9b482912dd404b8aa2b9,ngageoint_opensphere
11442,c36f44fde03e47daa24753cd42b37d1395444eed,ngageoint_opensphere
11443,c370060b83e1928a816795a52c1b62445911e6d1,ngageoint_opensphere
11444,c378be49f453a43e6982f04e26c0fc41b6514501,ngageoint_opensphere
11445,c37df7be67ce898fba1122508da5de9226754a5f,ngageoint_opensphere
11446,c383c94ae5d1d0ea9bf1af5dcc2fa9eddbd65b56,ngageoint_opensphere
11447,c386bf4a32356f4fe812f991dbcc3880cc69fb3a,ngageoint_opensphere
11448,c38d4e02a5e368d3f1556054c69a6dc1da742db3,ngageoint_opensphere
11449,c3964069d91b52bd3ddedc48b9a467f4d82c5579,ngageoint_opensphere
11450,c39b866660e8a7b6c9e7fe96a212f208e192062d,ngageoint_opensphere
11451,c39c30e8799da77134eea5fe88cc4626713fd859,ngageoint_opensphere
11452,c3a26c8ea3219cb60f06ca500cec74694575de3d,ngageoint_opensphere
11453,c3a3ab8bba11fde90f755232f84465de36fb3bcf,ngageoint_opensphere
11454,c3a3f29bdcd45efcbdfb94871f66ca679a65aaa3,ngageoint_opensphere
11455,c3a567828a2aec074e84d853add1932da0c9a857,ngageoint_opensphere
11456,c3ae486851a9f7e438ee28f4e5a3f4f9a0148462,ngageoint_opensphere
11457,c3b27bd213d129f1e21270b99ddf20dcd86d907f,ngageoint_opensphere
11458,c3be28a3c4bd881835dfa138e7ff2988a4a821b7,ngageoint_opensphere
11459,c3c075db51d6085e9355063428df6640824583c3,ngageoint_opensphere
11460,c3c07f462facaa6803bbaf3759e5ac4344dbb012,ngageoint_opensphere
11461,c3cc8d755800c531eb573b65cd280feb00a157a1,ngageoint_opensphere
11462,c3d2c3e6f8961f9a663c1458df4290d3414d7036,ngageoint_opensphere
11463,c3d6adcae43b4b981deac47113a35f12aeaeb31e,ngageoint_opensphere
11464,c3d6eb7ed727f9176cb09dcd171dde73b26de2c6,ngageoint_opensphere
11465,c3d9c167080091d00dc127ddfc6e530f5daface9,ngageoint_opensphere
11466,c3df3dcbc30192d4e2c382647d6b5e6b45fb060d,ngageoint_opensphere
11467,c3e03db959adf5e5c03a39e006642111b319f278,ngageoint_opensphere
11468,c3e3e4b483c546d4baf07cf08027c304204adf2f,ngageoint_opensphere
11469,c3e4a34a3df0af3744782acc5cb00e123a10b8d9,ngageoint_opensphere
11470,c3e60496b676313bb6c104bfb0248736ec61ee46,ngageoint_opensphere
11471,c3e98ad302fdcf2b66288911b56f985c9faa4544,ngageoint_opensphere
11472,c3ec7c3d8fe865678c1c7f9ddb2c69097fc871d8,ngageoint_opensphere
11473,c40101d81d67ee6a11029ad9094f9ac698b548a7,ngageoint_opensphere
11474,c408b1236259da986e9f8cc64f88de5db4e87795,ngageoint_opensphere
11475,c4174c5efa7d906d4a11256aa0fbe54417375e20,ngageoint_opensphere
11476,c42abe139568258ffcc7ae6b1b75f6ea67b733ed,ngageoint_opensphere
11477,c42ed47b86fc7b8b47698b73f7f8ff40fa5f96c1,ngageoint_opensphere
11478,c4323270ad32f2a7c5c8791eb2631cbcf003e245,ngageoint_opensphere
11479,c4339161c02923f9bee18fb37af2ea94a2abe9e4,ngageoint_opensphere
11480,c437bb26132b641aca866434e04554fac2759cd2,ngageoint_opensphere
11481,c439db768c5d762d4764c9d354018131c2a075fb,ngageoint_opensphere
11482,c4464a638f335bb0002dff1a0658ddb918dbce64,ngageoint_opensphere
11483,c448546a1e46ea65b98c714436301cc34f53e62d,ngageoint_opensphere
11484,c44886fcc89470ee41a4a3b5646f46a843988686,ngageoint_opensphere
11485,c44d67fae2fc5426755656dc26629c451b4d377f,ngageoint_opensphere
11486,c454b6c4782f3db97fa096d20ecd0c443f9dbe60,ngageoint_opensphere
11487,c45ee9eef9b45b4a59e2e736496b7b0536b81d1c,ngageoint_opensphere
11488,c463c848e908b6d343d6488948e45960f8b9765e,ngageoint_opensphere
11489,c46bd16f2619ab0d65ddcd9297d36c5037540550,ngageoint_opensphere
11490,c46c8e1eb5408325a21fbd38dd49ef99995c3dba,ngageoint_opensphere
11491,c46e95b2c912e1884b7b1482d57584347b36c4ab,ngageoint_opensphere
11492,c4701e4f498499a7d675075543f0d90398a8377e,ngageoint_opensphere
11493,c479934cbfcc9b543342d4157bc561e9f64b2198,ngageoint_opensphere
11494,c47a47e395d35b8aaf9dcd9be5367720fbd5d4f3,ngageoint_opensphere
11495,c4921063b8572a79dee3dbc272a99ee356c699d0,ngageoint_opensphere
11496,c4a2b6ea5f165954e1334e6cd6ccb84c931758fd,ngageoint_opensphere
11497,c4a8927e2bab231f0a85efd4b1d660d2a0bdca1c,ngageoint_opensphere
11498,c4a9ea2100811da09d77d0acf33e81c6d132362f,ngageoint_opensphere
11499,c4ab310fbbd39950631f9ecfad5a176ff9c75034,ngageoint_opensphere
11500,c4ae1ae24110b8a14158fafc3db2d341fbc39058,ngageoint_opensphere
11501,c4b0803913edfb10c52ac9eda15ace6aa3225bdc,ngageoint_opensphere
11502,c4b0c205ac36b51f4ad79314040de77e535e6ba2,ngageoint_opensphere
11503,c4b1e1fefb22c26ddfe94a6e845388ab3c7935f9,ngageoint_opensphere
11504,c4b7ce1a91486e75332729ce14a57f66d6fe2b90,ngageoint_opensphere
11505,c4b8c5ecdbd4e743a8f797d92a8fa6684a1d3a88,ngageoint_opensphere
11506,c4bc1bfb68fe1243afcc60958eea6467f6db16af,ngageoint_opensphere
11507,c4be60d432b23818e96e5560841a8d1d92a1cfe3,ngageoint_opensphere
11508,c4c2499ee006c17c0fb627d1d8722ec52a5f4b43,ngageoint_opensphere
11509,c4c7efc0c3e2f595d3ec82625d38d60a60bb1531,ngageoint_opensphere
11510,c4cb0303a02a8a9ad57a2b42e8f890e35d1df99d,ngageoint_opensphere
11511,c4cb5c062f20a1fa54c9cc98d9bbe412efb42e54,ngageoint_opensphere
11512,c4cfd9a14825f69dacd5be98480166a2aff30acc,ngageoint_opensphere
11513,c4d1696adaf10a595f3fde9ceb87d907e6cfb19b,ngageoint_opensphere
11514,c4d1fb1764e4273ed8e0f4659723657c4c513b59,ngageoint_opensphere
11515,c4d292eaabd737a41dcf33a17e08ef39f5f8a933,ngageoint_opensphere
11516,c4d3de44dafa172ae398d37cd0003c6f1c197ef6,ngageoint_opensphere
11517,c4d7065e8f3f82e59140dfa8daa20a19ed59fce0,ngageoint_opensphere
11518,c4d77a8ccc6efc80141f0210fb0c002d74d2fa94,ngageoint_opensphere
11519,c4da2b1ac6eb8009da1c218382684ad5efced688,ngageoint_opensphere
11520,c4daff0be506e92ed126fccc71200d7820e16cf3,ngageoint_opensphere
11521,c4ebec139683be04d119cac7406e7bd488dfa852,ngageoint_opensphere
11522,c4ec8f00d486e2591f88a74a2686b0031e948d2f,ngageoint_opensphere
11523,c4f0c987af4bd3084c6edfc1d018dfcc8f991dfd,ngageoint_opensphere
11524,c4f4932a649e8b9b13e40b00257b1d8ea5451b97,ngageoint_opensphere
11525,c5081d5f5bbd97eb243415489ab11454c4ff469e,ngageoint_opensphere
11526,c50964cf24d67dc79289b25a598641f62c2fe017,ngageoint_opensphere
11527,c509c86487ccc5a8b86cb607950d8640e8174da8,ngageoint_opensphere
11528,c50e7997f61c25e58d5784e94026a8650dc7524a,ngageoint_opensphere
11529,c51038fab6d6fffd736f26f80467bb1dd9b73a4a,ngageoint_opensphere
11530,c51bf1ae064bb9d8d456a5648858beccaad0626e,ngageoint_opensphere
11531,c5243405db327531723d9186d6fef6a131390843,ngageoint_opensphere
11532,c528d8e32d1f701a25be39530599c679e26b524e,ngageoint_opensphere
11533,c52ce4d5f5e80acadb6ae7a724b7adfceed8c3c8,ngageoint_opensphere
11534,c5419a01ecf9ca04c517c9815837643f9d66f32f,ngageoint_opensphere
11535,c544f9184accb337108c653e215f972d498e7d24,ngageoint_opensphere
11536,c54636ad158c8ee5a265d96de780c3497070a721,ngageoint_opensphere
11537,c547e7d466d1a07e6a63a27b2d2b543eb59e729a,ngageoint_opensphere
11538,c5490dfb704f141a304e47cc26d888bc6606364a,ngageoint_opensphere
11539,c549236eb6847cbdd63ad78b71025411a21c4367,ngageoint_opensphere
11540,c5596ea70deefb5300d9cec6965676843347567b,ngageoint_opensphere
11541,c55ac07340710eb2cbc4f79f8f923ed70b46ea61,ngageoint_opensphere
11542,c55c8555895653873aa7bbf1047c9c69ceae9661,ngageoint_opensphere
11543,c56162ae980be33135c25af2ee35f7124700905d,ngageoint_opensphere
11544,c5626de91dfcd847c03db10c159b3317342debd2,ngageoint_opensphere
11545,c565efb473a75c2e2cbfdd8ccc13992af27a8cb3,ngageoint_opensphere
11546,c56b42e2edf0e0855c088ac7aed80ad980316997,ngageoint_opensphere
11547,c56bb49feed94175d412adb7c2a821560cf561a9,ngageoint_opensphere
11548,c572489f656f9ff0238843d5c1ef998357e576dd,ngageoint_opensphere
11549,c58b95dfd1e32b83fbcdca0b39d43494a90511e2,ngageoint_opensphere
11550,c58d36f75489bfa89c269150b2902f2378fa8233,ngageoint_opensphere
11551,c59212541439d14fdd00250e1a09480cc8ea5824,ngageoint_opensphere
11552,c594dfce7bbcc929b9f1f5c9f8ce13984524fb3e,ngageoint_opensphere
11553,c599001e3e84b8cf7e234f9ba10c2b6a55a55d62,ngageoint_opensphere
11554,c59c1007b9ec1e821e558438871559c8c70c766c,ngageoint_opensphere
11555,c59f7b8dd1b1c7b52f64c316c4bf973f7240c4b9,ngageoint_opensphere
11556,c5a2ae9cc98fba0c432e9609c294941feaefc160,ngageoint_opensphere
11557,c5ac7acb6a6da2acf71fe5e7f246e806d2105cd7,ngageoint_opensphere
11558,c5af87e45be162a3e07ec097a765e0ab475dfeaa,ngageoint_opensphere
11559,c5b20cbafa9c52065a4c0ffb851a4e7047006fb1,ngageoint_opensphere
11560,c5b2568cc61b6974c053ca62201a49b966771668,ngageoint_opensphere
11561,c5b4bb428f1569d2358b4e42d5cdef1a33c1b3eb,ngageoint_opensphere
11562,c5b6c18d19679be14d10dec4ef720d0761184219,ngageoint_opensphere
11563,c5ba92a2f2b607f981996fe7deadfe2cd69ea31d,ngageoint_opensphere
11564,c5bcd95c75ab7ac67f9a73274028545583ade070,ngageoint_opensphere
11565,c5bd5dcce11bd998489371e58585ac0491fe03ea,ngageoint_opensphere
11566,c5c2a9d58848f3f923a4f621d13564bccc7958f3,ngageoint_opensphere
11567,c5d33167c179e798d36cecf03960491e8f3a7e1a,ngageoint_opensphere
11568,c5d7c4ed9ae70672aaeb131f901c01890681cd97,ngageoint_opensphere
11569,c5d7cca8b0f82789da28fc75bce045d849119906,ngageoint_opensphere
11570,c5d7e0abf4ed2659ec0fa4c6b97ac75556f34272,ngageoint_opensphere
11571,c5dd903e728c7aaf6cc3360ada0120b9ecb8e863,ngageoint_opensphere
11572,c5de1338be45dbe36669b71d5a43375b6798d352,ngageoint_opensphere
11573,c5e3676cc6bf66d0df03a754883ceb797c458159,ngageoint_opensphere
11574,c5ea58c1efd3c7481a1800e635ccf08169b1c571,ngageoint_opensphere
11575,c5f1b4b91978d95bfc96dcabc6e0f83c234abfb2,ngageoint_opensphere
11576,c5f306021b1ed8a01ecce83107104c500530c4fb,ngageoint_opensphere
11577,c5f82691d815b28f48386656071168344b4b3565,ngageoint_opensphere
11578,c5fcda0981c59c86fb82ac0aaec62ab0c445f641,ngageoint_opensphere
11579,c5fe084251638f40b3f60b1dad2fb1b61b2d9aed,ngageoint_opensphere
11580,c5ff0d54b905eee730b28bf6fd0b7d6883da86ad,ngageoint_opensphere
11581,c60771b6b3d074d8d33bc96671061dda1ce9fcb6,ngageoint_opensphere
11582,c60badeb8575cad2b93c717da3b4671e35dae6e6,ngageoint_opensphere
11583,c612ca2db589071f57108c62285759b7606ad6e8,ngageoint_opensphere
11584,c61bdf882d332c4259e25082ebd8510528e74352,ngageoint_opensphere
11585,c61d1c55e64349fa7a5db8c726f6b34bcf4e8ef4,ngageoint_opensphere
11586,c61ff09514b81e04a154388ab3bab27f1b922177,ngageoint_opensphere
11587,c625932d4bb7c58081e85f7df69d7733309baf41,ngageoint_opensphere
11588,c629d5c98004c14e3a91c8a9d3ac88efa4851bc7,ngageoint_opensphere
11589,c63755dd58cd43cd1a8d8ee762956bce81d4f197,ngageoint_opensphere
11590,c63d132247ae5376292a739b0b47cc1a52de9728,ngageoint_opensphere
11591,c6404025dfb7c59d860e26f066dd195f877d7e3c,ngageoint_opensphere
11592,c649459d76bf5b69d136d3cdd084a28db5f70975,ngageoint_opensphere
11593,c654da444e1345fc7221a4dddb535a6342fe4b37,ngageoint_opensphere
11594,c655d07c7a19fe2d84e6eaca1baa944ef9e839b6,ngageoint_opensphere
11595,c659443f9ac4335875c79f80810c52f3471cc78e,ngageoint_opensphere
11596,c65de8b8af54acf09ba07f58c5902f82ecab27f9,ngageoint_opensphere
11597,c65ff3fb482be4133610c08eaf6c3bde6798b6d2,ngageoint_opensphere
11598,c660a6438cadb2eaa281647a43f93b7ae18520a4,ngageoint_opensphere
11599,c6677d766ea4e17f861b91b8407cba4bf2473a8e,ngageoint_opensphere
11600,c673e7270e6c951eb447afd57c3c85582ac0c193,ngageoint_opensphere
11601,c6741ac3de564ba8370a1c3acc6e7247c139558c,ngageoint_opensphere
11602,c6795f818f58a74386c20d21d64ae7cc0b66c68f,ngageoint_opensphere
11603,c6799011acbee40509cfc67b53131f4c66cadb61,ngageoint_opensphere
11604,c6799620badbee9069a4cccf89ab7f85128d617e,ngageoint_opensphere
11605,c67b165e7c42e35d45861605da9b0cc25d72ea5d,ngageoint_opensphere
11606,c684502480a780990ac27bb64b29d4daae853cea,ngageoint_opensphere
11607,c686954472f2a46e9ce6c795a94ee35cda7651d2,ngageoint_opensphere
11608,c68e123112bcc9df4b03b1ce97d0629d6ed37077,ngageoint_opensphere
11609,c6919e0e644354ef661bb2f176e737b9a4aa2ba4,ngageoint_opensphere
11610,c6922ab2b215ea7fbe853edcb4511d7e347ab164,ngageoint_opensphere
11611,c69667b1ea049b91e4a5d653806b650149b9297d,ngageoint_opensphere
11612,c69c9d94b051915ee26c1fac8f450426646d6e3c,ngageoint_opensphere
11613,c69d915dedf0abe875b0b150cce736e807b361bf,ngageoint_opensphere
11614,c6a9b7a3ca9ce27756e81cc258fbe0f221679764,ngageoint_opensphere
11615,c6afc649ab8e056267ae686fee949d25b7ea3d67,ngageoint_opensphere
11616,c6c1a0d2700c3315281e13385a5b0e566944534d,ngageoint_opensphere
11617,c6c355a3fb29e95d4afbe74a773a92a34105bec3,ngageoint_opensphere
11618,c6c546406980997197f37d3144c65350b0cd732f,ngageoint_opensphere
11619,c6c813b66330ba16ffcb5924f7c218983cb173bc,ngageoint_opensphere
11620,c6c937b7a2490b64e754f7fdefbf0bddd1f2dc2c,ngageoint_opensphere
11621,c6ced12a5c564430053baeec88985d287404c352,ngageoint_opensphere
11622,c6dc7761637391883cfb5a24cb32562cbedd5d76,ngageoint_opensphere
11623,c6e4b1e14fb730cb4fa72667776cf96608a61c91,ngageoint_opensphere
11624,c6e5d0cbda86dfc4faafc89439075ffa72210568,ngageoint_opensphere
11625,c6e9177bc84c9cb8e858d343a008cd292f2e583d,ngageoint_opensphere
11626,c6ead06bf41297dfd3d3ef59bdad0895e6516242,ngageoint_opensphere
11627,c6ecbdbd36c9c93b946592c113e4b43f3721b99f,ngageoint_opensphere
11628,c6eefae244761491c1857e266541fbf535123d34,ngageoint_opensphere
11629,c6f48f5d38b96ae51a1c8bec3ac51fc8f825511c,ngageoint_opensphere
11630,c6f5b7c1af5d59ec37833c0e809fa69abe3b8817,ngageoint_opensphere
11631,c6f7e189b50a9dd8d0380dadaa16850ea0fc87a5,ngageoint_opensphere
11632,c6fb78c10a65e13a0931d9a1e7cf2489bd297028,ngageoint_opensphere
11633,c6fe4edf456cfb73d6cf70d698783cdcd9472062,ngageoint_opensphere
11634,c7108e7a6374585456d759b3cefa39c0c206f64f,ngageoint_opensphere
11635,c7139c718c830bd7dec18944389c44814f6d83eb,ngageoint_opensphere
11636,c7143acbc410beca2d3e2b65b8d67976e2aeac1a,ngageoint_opensphere
11637,c71619b501b70fb408e61475e60a81dc631b4246,ngageoint_opensphere
11638,c722fcaa4393c9d3bc525b54b582354fd482d971,ngageoint_opensphere
11639,c72b0bde52aaf6a2490f8f2e16c4bde2ec064a01,ngageoint_opensphere
11640,c72ee4338950bb2a3da5715b30dcfa16f0a1102f,ngageoint_opensphere
11641,c737777c95bf3c0e71475fac4144d5ecf9dfdcfe,ngageoint_opensphere
11642,c739d9b0bbbab1c3f5fb9d56010b33fdbeee1350,ngageoint_opensphere
11643,c73ca70dd801ecc7009fbfc502f4f49538c95b41,ngageoint_opensphere
11644,c73f548c355c73ca72c0d977836ab83b0de6de43,ngageoint_opensphere
11645,c7460b29b679b2a89a7c649d48fae603476c02bf,ngageoint_opensphere
11646,c74b06685814901cfb9c28275eb5111c0d77d4a4,ngageoint_opensphere
11647,c753cfff6a554754df85161be309629453d5bbc7,ngageoint_opensphere
11648,c755476d12beb89563b276cf16993f612dbbe89b,ngageoint_opensphere
11649,c7607988cb13011fe291135caa6d80382b9d4267,ngageoint_opensphere
11650,c762ecf39a3a56bd718c0dc9fd484d9ff004e862,ngageoint_opensphere
11651,c7630ac032d6c356b0f8a7b56745b8b8ffebcf0c,ngageoint_opensphere
11652,c76323e4429cf7fa71ea069194ed37cb8932dbf9,ngageoint_opensphere
11653,c7650fbd63bc31c1378c6d9e02cb263b17116f5b,ngageoint_opensphere
11654,c769d25be1ba54ee58d587210745f1f5f42ad6a4,ngageoint_opensphere
11655,c76d55e7397efed5466462200046f062c3d38ec2,ngageoint_opensphere
11656,c76e42bbaf4b0ce746dfd88830cc61cbc0e68114,ngageoint_opensphere
11657,c7703248c4810836bd36e17163419ed69fda40dc,ngageoint_opensphere
11658,c778bf0118ac96056e902015c0167993e1a53531,ngageoint_opensphere
11659,c779dc5f5f276f94f838f213f533ab0952b7dc88,ngageoint_opensphere
11660,c77bc557ab987816eee26f54e08772d32cc4dd2a,ngageoint_opensphere
11661,c78111e1de09a7490324fc57d0a33fd16312d0dc,ngageoint_opensphere
11662,c788fa02ed290403f11d27d0127deeeeb2881748,ngageoint_opensphere
11663,c78a5df610a0539fb8535b110e0b01053f918ac8,ngageoint_opensphere
11664,c78aa267eff5711de195a5796771482227a189bb,ngageoint_opensphere
11665,c78abe3bbfb190ded2870425597b8296a2bd06a5,ngageoint_opensphere
11666,c7918fd22baa45ad8ebfeb2e493f2e2b1c640490,ngageoint_opensphere
11667,c79abdff06f705790c8ab01882e4afc75184899a,ngageoint_opensphere
11668,c7a316c318da0d57284f3b666a9f5f98d1e9f937,ngageoint_opensphere
11669,c7a47c084c3c13f441f937878a1807d83184348e,ngageoint_opensphere
11670,c7b2549dcf2dbb6d92effa9059e2f20040e7a56e,ngageoint_opensphere
11671,c7b3fc4953e5f7830aafd73ffdabef43bdf951be,ngageoint_opensphere
11672,c7b690bfc3d53a1a06e45dac3abde896ca0a7531,ngageoint_opensphere
11673,c7babb185542c94b562ae9a63c33a764962ec5c7,ngageoint_opensphere
11674,c7bf5f3004dadb7636e8c5e91d6d1f6e7501cbf6,ngageoint_opensphere
11675,c7bf6729ae82739b6a38357f0d4ca2d067dd06b8,ngageoint_opensphere
11676,c7c22f135e9895e4ef721e36abc0fdce4f22923d,ngageoint_opensphere
11677,c7c4f8fb448c66848c76e1f1ad12dda24416786a,ngageoint_opensphere
11678,c7cd3b284602d497ab8b777cf1eca007a9b23d1f,ngageoint_opensphere
11679,c7cde029fbbb2f8817a285d0114ddd410f2d532f,ngageoint_opensphere
11680,c7d0788bcca24319d6477c06f902244e99244c0c,ngageoint_opensphere
11681,c7d4db782a43e030a2f3329009a16ac853ab3c05,ngageoint_opensphere
11682,c7d6b3cc908c865a6d3bd67611cf6e8d079a4648,ngageoint_opensphere
11683,c7de5aa84f3b4efa3cf9e2ee89d7448c94e9cfd2,ngageoint_opensphere
11684,c7ec14cbb43f8dc840ba51fc1fe6229fdf7806f9,ngageoint_opensphere
11685,c7fbbcd081ca39ef1121c87d8d154d183e3b54df,ngageoint_opensphere
11686,c7fc35feb7d78db025c5d993a0f6e2438f98a183,ngageoint_opensphere
11687,c7ff85fdbe672ed9fe91d2cb82856283421f4b4d,ngageoint_opensphere
11688,c8006ee4742958650f14f7a29d4e39553a46f7fe,ngageoint_opensphere
11689,c80518aabc7cf0e4f71c633f61449ab060ffa5b2,ngageoint_opensphere
11690,c80c3ed458325678b66b839cde78cdd3e4165f6f,ngageoint_opensphere
11691,c812a34d6bab1ac6fe7bf1289730d1c2065a8388,ngageoint_opensphere
11692,c8138f3519840787617a764d345a3ea0137f3ad2,ngageoint_opensphere
11693,c815267aa5fb10bdbb56b3a17636eaa2fd52434c,ngageoint_opensphere
11694,c822b7918381ae48faeee69be76974a765f5d5f8,ngageoint_opensphere
11695,c824e9bc72e37ff729598ad9cbde77e20d5c2e8e,ngageoint_opensphere
11696,c827c61cb28b270592c4f5420cdd19f4791a6c1d,ngageoint_opensphere
11697,c82ae9dc9eac9706d4af40315e0f2ceec1be2b62,ngageoint_opensphere
11698,c82c3f089271a3b24b28d3c2f7a0c231f88108ab,ngageoint_opensphere
11699,c82d5c593963d5e1bd5dc9522214bec4ac390293,ngageoint_opensphere
11700,c83479a7f1be388badc61bbf9007ef3e3b1141e7,ngageoint_opensphere
11701,c834df3259839b3c37488db28b9a418bd2c8f832,ngageoint_opensphere
11702,c837ead30156012b5031c52fee21a5f80b3bc439,ngageoint_opensphere
11703,c8385e7d1dcd3a18e5b20cc687852886cb9c183f,ngageoint_opensphere
11704,c838c28fec1b31bf7ad27204af39eefc562f081e,ngageoint_opensphere
11705,c83bf411de0cc26f8b244be3c0757ab5c0b328c3,ngageoint_opensphere
11706,c8421f90f23eb08e8d8528162881177a3aa818ee,ngageoint_opensphere
11707,c842f822b9fffc1b21187bf11c8e451cc65dcac0,ngageoint_opensphere
11708,c849d742bd1ac51f07a92c50a75ba8bc3ab03783,ngageoint_opensphere
11709,c849e3140a2dd927e1c99be5992d8f9c0b722d39,ngageoint_opensphere
11710,c8506b8cf78bf4406d276749875dd465c13c6c95,ngageoint_opensphere
11711,c85459b341c50478cb638948b1f8cf6416510fba,ngageoint_opensphere
11712,c859694b223197eda7b4e7a596d32085ecbbbb75,ngageoint_opensphere
11713,c85d4e2216421959159dd458459ebf9bd6a1821a,ngageoint_opensphere
11714,c862da6d10bb4c7ee7d1c931e409939701c7e5e3,ngageoint_opensphere
11715,c865dd410498e9bb9a01e57c4e9eb3b06ce42003,ngageoint_opensphere
11716,c86a84bd47450d7cef05d8b6ad77494d7a0baa69,ngageoint_opensphere
11717,c86fa5dcb4d4404427d708d6aa54785ea0307dd7,ngageoint_opensphere
11718,c871a8ac2857af0cd0ec7caa696bef752c555d43,ngageoint_opensphere
11719,c87218a97fb4cdbd5eb58c0997057fb2f159d501,ngageoint_opensphere
11720,c878e3b72a608c32f813ab1e833bdb5743e551b1,ngageoint_opensphere
11721,c87d8b5ed997d2042f73b3db7475e01a1c191f7b,ngageoint_opensphere
11722,c88553cbe1a251bb2e62fcb7a4a3fc1f20e3b4ee,ngageoint_opensphere
11723,c88a0f42158b436ab685ec08933c05f57e95ccce,ngageoint_opensphere
11724,c88bd522a701ffb84356b086f4a5d6ecab1a1bd5,ngageoint_opensphere
11725,c88f7d01a1478c2d2164c51f705f87ec4e75e827,ngageoint_opensphere
11726,c891176c1c489b2fdc28cd4cd1b2f03d27b48f51,ngageoint_opensphere
11727,c89175b7d35fc89448408826f60a6d7bc3a62a40,ngageoint_opensphere
11728,c897066a5893796b926a320ac08f2f4111338edb,ngageoint_opensphere
11729,c898ce8d3e050af692a8866b4597759f65dc551e,ngageoint_opensphere
11730,c89f67e2fb078d15b0a61723190f2fca6279286f,ngageoint_opensphere
11731,c89f7b9cf012983352e72f6b30435db80cfbba6c,ngageoint_opensphere
11732,c8ab23a452163e8bf2cd61c9e5c05ed3bf726464,ngageoint_opensphere
11733,c8ab813e6cfe3bf71ce42be50bb75047c65f73fe,ngageoint_opensphere
11734,c8ab9ffb8a683fbb979ff40ef90107dcb1ec6d97,ngageoint_opensphere
11735,c8b39789d791814348e4e7e1d2ed90d672e5a6d0,ngageoint_opensphere
11736,c8b3e173307de2bcbcf36be136f6179dd38ea78f,ngageoint_opensphere
11737,c8c4c86bdb30d471f1205b4a38407e662d645908,ngageoint_opensphere
11738,c8dc2b1b628c5e79c82331aff85b62eaede0f1bc,ngageoint_opensphere
11739,c8dec10c1454da3e3fb389654b604b7b483a140e,ngageoint_opensphere
11740,c8e1073dcdbb6ee72be2dba022357654a8a30fb0,ngageoint_opensphere
11741,c8e3cb530f2e3ce769329c110edb8e0d540dd138,ngageoint_opensphere
11742,c8e5fbb661312488d74625c67e77dabf38f067f8,ngageoint_opensphere
11743,c8e9d7b9be518e936cf70a0282be9ca9641a129c,ngageoint_opensphere
11744,c8eb5f4f2eec220b0a0206a7008b1c185dc0390c,ngageoint_opensphere
11745,c8ebcd4929e1635b37278cbc8e8f468de8b1420a,ngageoint_opensphere
11746,c8ecb8f7df7fbe50e7e71340c7ccfcebfb37f048,ngageoint_opensphere
11747,c8f539836b6b45faffcd5454c3003c1f36b29d80,ngageoint_opensphere
11748,c8f580f0265a78dab722ebf3a49135faaee414a2,ngageoint_opensphere
11749,c8fd9c2d98dcf6215c941ae8b841fa1caaa5e3e3,ngageoint_opensphere
11750,c9010173919a8be19cb97c307f82834169c6eb20,ngageoint_opensphere
11751,c906826404e469fe846574e628280febcd7c4a0e,ngageoint_opensphere
11752,c90b3edcda8bed3ed2e12434ad565977c8e07ccf,ngageoint_opensphere
11753,c91366b3c1661e4ec497be96fd06bc03ae511139,ngageoint_opensphere
11754,c9179321385b9385468e406e8be641fb8e7fa354,ngageoint_opensphere
11755,c91a5658776ed59203b9ce001634e8baf040a5ee,ngageoint_opensphere
11756,c91b4a2b38ca6d16b8f0e85de5a9ba4d5c26e24a,ngageoint_opensphere
11757,c91ee878f4091d372b00193992e1e48c8fff25e6,ngageoint_opensphere
11758,c9211f31998c00fe901ab29e311ab58731747a2a,ngageoint_opensphere
11759,c9222a58de2387b9d0efc9a48a720adcd721b7cf,ngageoint_opensphere
11760,c923a57253e44776af196e6ebf11860f4db65b64,ngageoint_opensphere
11761,c928079e71b340a1093a4ac893782150388aee38,ngageoint_opensphere
11762,c931e139f6734cbb26841c6f66de5f9f1cac4730,ngageoint_opensphere
11763,c933015305cf0b2d85407d8ac51e4e7264c90adc,ngageoint_opensphere
11764,c935f87fffa3540f8dd138f7f0d90ddf2333f554,ngageoint_opensphere
11765,c93aff89ce5fd99126b9d5aa482d65c918ca7a5e,ngageoint_opensphere
11766,c9424d4a382562659c234f49fe1b8c7fd7aa33ce,ngageoint_opensphere
11767,c94362497586e72ee7b8a4d3e5fd89738f7a2080,ngageoint_opensphere
11768,c948c034b0b7d2c19b4da4dad31d459181eda73c,ngageoint_opensphere
11769,c94907fe0ced129df1b1de12f739c1190a010185,ngageoint_opensphere
11770,c94d0dd110e5c7d38819df6fa8fedbfce325d8b7,ngageoint_opensphere
11771,c95013434e78e0fe0ea98e8455dd808692662b13,ngageoint_opensphere
11772,c95780dae11b762c4475b1eae86cd18d7db83800,ngageoint_opensphere
11773,c9689f27f05b5c9488d6ea0a301e2154f2501bc4,ngageoint_opensphere
11774,c96fc53edccdd50611e2881728acf7ac085bd3ca,ngageoint_opensphere
11775,c9775937df214df777e8a72f1ce8c5d24a18034a,ngageoint_opensphere
11776,c97839992f973752e65fe114a8167a243c29c640,ngageoint_opensphere
11777,c97956a4348a688ea4ef2280577ab20309ce8142,ngageoint_opensphere
11778,c97fd80b33cda9ea6ba1db0f4f94626f02c44563,ngageoint_opensphere
11779,c981faf1e8f59562c4dc0ddf83f4eca4db307a7f,ngageoint_opensphere
11780,c98696a50d0845ec69c5baac1ced2e0e41b9d043,ngageoint_opensphere
11781,c989176b9cca4bf9d910ce33ed489c64e2a3ad22,ngageoint_opensphere
11782,c98c33ca1f0afc258ac5baf20c87ba8bae0941e2,ngageoint_opensphere
11783,c99ee04744b0cfb3e43ef90165db6c238c495c91,ngageoint_opensphere
11784,c9a390389f9d5397fa53279d71a87306520913d9,ngageoint_opensphere
11785,c9a3cc12336033e8b654d66d3e7c7741d3ffdb0c,ngageoint_opensphere
11786,c9a6b0cd038419e0ed44d3953e6bde7f208543ee,ngageoint_opensphere
11787,c9a8631fd0150ec6a84682a9823d0b5b3b718d00,ngageoint_opensphere
11788,c9af86abd4eb9ccba75ba8af1efff6ce3d3aebae,ngageoint_opensphere
11789,c9b1018dcc2a62b8408d00a4c3720cab6666dbdb,ngageoint_opensphere
11790,c9b6f400b13219388d264746bcc05f565ef19d2a,ngageoint_opensphere
11791,c9c22af97a00d080ff67101bad9588178abf415a,ngageoint_opensphere
11792,c9c5d9c2010211a36be68d38e5bfbb81cf6c33c1,ngageoint_opensphere
11793,c9d0a1528f71579a17c3b9c29c96efa89c6f3274,ngageoint_opensphere
11794,c9d6017b045c17492e8072e74af8d3226ce391b9,ngageoint_opensphere
11795,c9db84c04f7e7194263cf055c7659f9e01d1211a,ngageoint_opensphere
11796,c9db87dfd1bd1489afb078725958642a1e97be20,ngageoint_opensphere
11797,c9e02a4d24233caa07d057900bfde66415f936d4,ngageoint_opensphere
11798,c9f2386b3025daee86a69634a1ee4fed59b522b2,ngageoint_opensphere
11799,c9f825416305764cf2d083b4fb76f3878b5b7979,ngageoint_opensphere
11800,ca00f29757f753af13ea9be8b99d06b04df2d1f5,ngageoint_opensphere
11801,ca018db54536a69d7316e878d556f84e1963a9d2,ngageoint_opensphere
11802,ca0389a37ad0e00273354bf57209e8b821a2269c,ngageoint_opensphere
11803,ca0a9aafa45447add73e5e3e14dd77f0687d018d,ngageoint_opensphere
11804,ca0ff716b96bc451d4caa7245529963c6f96997a,ngageoint_opensphere
11805,ca11e120a34e860749497cd2ea16dbc8b5fb792a,ngageoint_opensphere
11806,ca16dd8d66d5054e3fac86d834dbcff66ea6b726,ngageoint_opensphere
11807,ca199b06af3effe6e862d927a32fd0c2757ae281,ngageoint_opensphere
11808,ca1d02f427418e60dd59fe21ffaeaf2c743f1e00,ngageoint_opensphere
11809,ca261d607a77a423ce8ea372648b60b17e1ec641,ngageoint_opensphere
11810,ca2cf511d20157d928b7db4bcc2e49b190610eda,ngageoint_opensphere
11811,ca2f1e903004ec21a05e1f819e20549ff25685ec,ngageoint_opensphere
11812,ca34be257f572cfcc4f042e56eb4a13f59a7f8bc,ngageoint_opensphere
11813,ca3cc0c7d05d6903f1b08a612874db4bd7d7899b,ngageoint_opensphere
11814,ca4134a89285fb01206be77467ff474075667ec1,ngageoint_opensphere
11815,ca4f15f57126ce730e97f480a9ba9a8f62ce7e50,ngageoint_opensphere
11816,ca506beb37a1d2ee840dc00f702de8c8b845a812,ngageoint_opensphere
11817,ca5be78d0a175e4a203831f29b61f48b39a65561,ngageoint_opensphere
11818,ca61bd5b6a1720b354c54c0105ea7e51a0f61271,ngageoint_opensphere
11819,ca627d8fc4ca56fcf28ca5545f84d5807f745948,ngageoint_opensphere
11820,ca65dc0c6855797ab2ec06fdc511349c7c8551c1,ngageoint_opensphere
11821,ca6e6a7c699b1fefdb53fb4f19a2fe09d076264a,ngageoint_opensphere
11822,ca6fcce4090a8ab65d31a00ebab7edec54eac124,ngageoint_opensphere
11823,ca70d9bb504022c6328f364012642e9c2652ff67,ngageoint_opensphere
11824,ca75937debce9eda2626e5f4efc8ae7f4c920b04,ngageoint_opensphere
11825,ca7dd5b7551b02c404722a4e5775b244b29eab6e,ngageoint_opensphere
11826,ca811a1fb2888091044aecfc128812662a53e668,ngageoint_opensphere
11827,ca835fdf79af5ed82e918cd10344c63c913d5447,ngageoint_opensphere
11828,ca83bbfd3c828fc0837338cd6d4a3c7bd39ba4cd,ngageoint_opensphere
11829,ca87f3380ee8bbf8fb4a810c56f88a8878fdda86,ngageoint_opensphere
11830,ca8a50263efa4bfa2bb6d000157a8ae309665b60,ngageoint_opensphere
11831,ca959f9ad64a67a9d6a6b646b7fb94708efead2c,ngageoint_opensphere
11832,ca97aaf919cfdd1643806327c7a54816fd67cb6a,ngageoint_opensphere
11833,ca999f19bf9d6ddd8d214ed8a95efffd64679c39,ngageoint_opensphere
11834,ca9c22d025274bacf10fef9587f8ddaaed96cd31,ngageoint_opensphere
11835,ca9ee6d7ec42fdc34ab5d14b8aabddcd8122b103,ngageoint_opensphere
11836,caa30e0d938d5b0b6247dd966c016b2e8fec1d60,ngageoint_opensphere
11837,caa6da26529b993da565943e7feef97cc2f49cbf,ngageoint_opensphere
11838,caaca2cea2144293cd225a8f9f7208adcaf6415a,ngageoint_opensphere
11839,caad628fa7fd87fbe5f92e8156223f8f34c4e8b8,ngageoint_opensphere
11840,cabb93cd4fe187157d7bd8b23bb545f1df2fc78a,ngageoint_opensphere
11841,cabcd630aea07b8802edc46a5343e7c4c8689ca4,ngageoint_opensphere
11842,cacca2402200933c0b90b8f49cb06df1ed01866e,ngageoint_opensphere
11843,cacdbaa175b99f23293d11512ef04929195037d4,ngageoint_opensphere
11844,cad308b7c9cd05993b089cca746f842051fec571,ngageoint_opensphere
11845,cadf0adb9d031d7347fc92dced7b1ae0c45a1e9c,ngageoint_opensphere
11846,cae03d10dfeb60988d1b341f103fbed26488e80d,ngageoint_opensphere
11847,cae55e8b5b55d157a0fbeeb51db38984e998cbfc,ngageoint_opensphere
11848,cae56c35e4168eda5dfba5151c08f8ea19c4d7ac,ngageoint_opensphere
11849,caec32200256e8aa03db7aea0b2fa676cbf55c92,ngageoint_opensphere
11850,caf3eb423036efff983bb0731f53d044a8920065,ngageoint_opensphere
11851,caf5ee6b8bf0a8edfb3bd6b3992e5813e487bbe4,ngageoint_opensphere
11852,cafbc8639e25215861292acaa9582bca8b6c9806,ngageoint_opensphere
11853,cb038af82d7a1b75698537be258a01c1e1cf5bed,ngageoint_opensphere
11854,cb12b0d2707b3e18ea51217097140dc4cddcc736,ngageoint_opensphere
11855,cb14bfbc4d22f49b515bb277abd53c14a2476887,ngageoint_opensphere
11856,cb18b55b47c3e435ebd15b7859299770cea15fac,ngageoint_opensphere
11857,cb1b7ec91153cb40525b51b9223590bbecb23873,ngageoint_opensphere
11858,cb1c793d544bc6a8d9ffe22abf26b8baaa67597b,ngageoint_opensphere
11859,cb1d68099ee0394ae55021c96af54d00bc3cd2f9,ngageoint_opensphere
11860,cb1e7de399dfc8203f43e1eb9ee1ec19c34a65db,ngageoint_opensphere
11861,cb25954d051501d519e8bfcd46dc435f87d7acce,ngageoint_opensphere
11862,cb27fc6486b95a70a01f3038f00b2d551583cf35,ngageoint_opensphere
11863,cb2c5ce78a8133703d1db9f3c945972b3f5b5029,ngageoint_opensphere
11864,cb2c6c3dedbcee8d90b31febd8cbbe05d66f1c2c,ngageoint_opensphere
11865,cb2e04f6e26743f201f3e2293efe2436e094a64d,ngageoint_opensphere
11866,cb333fd77da0e4999f1422393e59aeaabc68a9d7,ngageoint_opensphere
11867,cb3403524d6c44c10c8ed9165dea88ee2e05a472,ngageoint_opensphere
11868,cb34c1155d00b357b5658e266841aadd2cb5f488,ngageoint_opensphere
11869,cb3691a04212cb9ba8686922142038dddfa6c516,ngageoint_opensphere
11870,cb3c030e7462e9ad47a87685bdc02249f50045c5,ngageoint_opensphere
11871,cb4a3b65f381e8f0457a74ac5019f00d0fd2c3bc,ngageoint_opensphere
11872,cb4b61ac8349f54509e29a886f4b4078af239db6,ngageoint_opensphere
11873,cb4e7b78cbff6330d208c84be61086a715e26df3,ngageoint_opensphere
11874,cb52fb30b4c35b26722517c89ce79443b7690f29,ngageoint_opensphere
11875,cb545cf13fe40f698b1eb973bc9e64dcf0cdb017,ngageoint_opensphere
11876,cb54f1e674ddc1b36a37ba366ffe3ae7187d5097,ngageoint_opensphere
11877,cb62ef35321e37ddcaa905d15f365bdfeb005976,ngageoint_opensphere
11878,cb64946fb336c3c2d330f5fd566ef150e474eaf7,ngageoint_opensphere
11879,cb6af756919cfa772d3e01b36841172fb9494f56,ngageoint_opensphere
11880,cb6c8bb75389d1c8b2fe14c7233367e7c4c95bfb,ngageoint_opensphere
11881,cb6cbc899f0763bbc011ed7e3301043d7531c57a,ngageoint_opensphere
11882,cb74348ae8d5c1e5a70bb485db75dfe17fd0d873,ngageoint_opensphere
11883,cb7899e3a42d8c9084fb6cfcfca3262bc6b0579d,ngageoint_opensphere
11884,cb7aa22b6f741c2b799055022f667dd3a463cd60,ngageoint_opensphere
11885,cb863d16281f1f7311fe77e8640c4f1a17760df0,ngageoint_opensphere
11886,cb94e80292a55ac37533279982525b8963d99b9a,ngageoint_opensphere
11887,cb9735673aaa1060d7bc7426700fc93d0d446cee,ngageoint_opensphere
11888,cb98c407882f147decdddf83afcf78012273d30f,ngageoint_opensphere
11889,cba0534dd74643f9d1b672f99084be282fdcf4e6,ngageoint_opensphere
11890,cbac7d14b9be874b972e21f3bbde15c8de72434e,ngageoint_opensphere
11891,cbb3262ec8c72f3d192121da52c929c7f611e427,ngageoint_opensphere
11892,cbbae720f17908459fbe8e88fc97310cc7fa991f,ngageoint_opensphere
11893,cbc63a19f4146fa8c6d444de43d9deaba07074e5,ngageoint_opensphere
11894,cbc91dd1ff7197d9482c90fcda7785ae9da10c99,ngageoint_opensphere
11895,cbcb1f7e38e6dd676e168233d5eff50d7faf3759,ngageoint_opensphere
11896,cbd34bb0e032fcac3a25b163dcbe6e8b7740a97f,ngageoint_opensphere
11897,cbdc726fed40d6294783ee7c64b9216ebd21c3a5,ngageoint_opensphere
11898,cbdd884fc1683f96728217c4e32e7e1c9eba3278,ngageoint_opensphere
11899,cbde738a0234eea1fa46c71b46b4b7b46fc75bbc,ngageoint_opensphere
11900,cbe5f49bd29bd66371f645a7c9b77d8dcd580f08,ngageoint_opensphere
11901,cbf007adbf1918d4015e656f686d46b45d9adb61,ngageoint_opensphere
11902,cc020fcdb91dec54bdf299fb6d0d5e75ce946f12,ngageoint_opensphere
11903,cc02f50498de51cb4917b0d851af882b73dd61ff,ngageoint_opensphere
11904,cc0d04e6489cf05b963bd2cb0bdcf911644b0124,ngageoint_opensphere
11905,cc109a1ade330d148cd6da2ed98e3c54dd5b2a8e,ngageoint_opensphere
11906,cc1474d6c86ee24e0434300e9d0b8f4393abaf9d,ngageoint_opensphere
11907,cc14b67c0df931c5dd3f0d6f437905aef169531e,ngageoint_opensphere
11908,cc19e1f8c2c0ed584949b6733d3fef58f165409d,ngageoint_opensphere
11909,cc1a8701634cfd792f644e51e6ea28403a32c6f5,ngageoint_opensphere
11910,cc1b78f0604bfce9de26b1fb6240e40976389e32,ngageoint_opensphere
11911,cc27e273cb0fd1ac523cfa7b627b2dae1882cdd6,ngageoint_opensphere
11912,cc2a7945ccb1c44ca21cf82ac0bb9b98d7bc02b0,ngageoint_opensphere
11913,cc33198ed83ad8986a91374447d49b3976e8beb0,ngageoint_opensphere
11914,cc36e426cc27577ffd0ff68ff78264144b2db82f,ngageoint_opensphere
11915,cc38f73307c460cc7bf456c7dcfc2cd32ddd1e86,ngageoint_opensphere
11916,cc3d49f573c5d32308f1e41be621b11f1e576536,ngageoint_opensphere
11917,cc3efef694fef83dfa4c51de7092595b939fc7cd,ngageoint_opensphere
11918,cc4c838264892c41a915c7183a899a5e58bc8fd4,ngageoint_opensphere
11919,cc4eb73bba9828340210d4388e3be524a81b04a7,ngageoint_opensphere
11920,cc540be7943a0f7f7cdea5ef6c630f89848e95e0,ngageoint_opensphere
11921,cc545408a22ca70b945e122d11f535e7541df4db,ngageoint_opensphere
11922,cc6036583ecf632c271be861db6f2bf0554c4db0,ngageoint_opensphere
11923,cc6cf89382eb1827fbeb6968c31d5913cd1d41a6,ngageoint_opensphere
11924,cc72dbc445dd7778a88746f922c40cd06c9373de,ngageoint_opensphere
11925,cc7866fd35d5d2bf82fd8962812ee539e3f19364,ngageoint_opensphere
11926,cc79a5fdbd3dcab8ccd95ba5b73025f34c08730c,ngageoint_opensphere
11927,cc7aa65944d9d10f45bc9d2ad5ca859fe53dd0bf,ngageoint_opensphere
11928,cc8c63dc4791f826dc64617e831c1f68c5c7eae9,ngageoint_opensphere
11929,cc8d81dde8576d81f361887562afccd701c47a6d,ngageoint_opensphere
11930,cc8e20dfb5e46e0c5f7af25820ef700aaf19ef63,ngageoint_opensphere
11931,cc9131b6c4b4bdec06b308828c0d193295b06e84,ngageoint_opensphere
11932,cc91597d0335d819e8d5336bc7d42c9dededc2c6,ngageoint_opensphere
11933,cc95263c50175bcb6c59f9a2dd55d898293d985c,ngageoint_opensphere
11934,cc97ef9331d919399a63ecf004f55ee2af97664a,ngageoint_opensphere
11935,cc97fc3c6997831aefdb65439bc30a26be1e9f5e,ngageoint_opensphere
11936,cc9d9a5e7054178885372bd63c23bf5fb56e68bd,ngageoint_opensphere
11937,cca19506dc3435053a147e21b19d44273fcaa7b9,ngageoint_opensphere
11938,cca3ef7498004160dc60966c610697ca3de8a3a8,ngageoint_opensphere
11939,cca7f6a8e5650f1c4c4e89c20ec533ab8505f5c1,ngageoint_opensphere
11940,ccab10c38d83c8397108d0db13b32512b3e0a82e,ngageoint_opensphere
11941,ccb2abdab56356f8dc419b7e974adc37508b7f05,ngageoint_opensphere
11942,ccbbdab1a0a322cedcba67f9125e92e98f380498,ngageoint_opensphere
11943,ccbe4885d25965f3af044b6e0c862a832caea123,ngageoint_opensphere
11944,ccbfb52183f2b111e7b0879e5bf0faf559f59599,ngageoint_opensphere
11945,ccc4605783c13116b0149a0bb3ba35c234e1e8df,ngageoint_opensphere
11946,cccb1fad8295fc977e4877968be3123d5eac423c,ngageoint_opensphere
11947,ccccc778fbfda3bae1150304bed16c73ae3afdd4,ngageoint_opensphere
11948,ccd20d96dfa474819cd38b5df6eb4bc934564098,ngageoint_opensphere
11949,ccd20ea8e2310ec8dd1004a8ab18f38a0a79b0cd,ngageoint_opensphere
11950,ccd68084239756f05edc7717fe1084f99595b880,ngageoint_opensphere
11951,cce35e2b03a95b80054851d962de5bea4c5a9bc9,ngageoint_opensphere
11952,ccec186547af99b6e83191ab1e0cb5fefc595bd7,ngageoint_opensphere
11953,ccf1047d968b520879c92bc34775969b696c4ee3,ngageoint_opensphere
11954,ccfbd20520b6a6aaf9b96a011593d365b90fa834,ngageoint_opensphere
11955,ccfd6ec345204977dbecaa05ca31aceb703a7aae,ngageoint_opensphere
11956,cd00ce073b5dd748a18889db36408a4af63eb9ac,ngageoint_opensphere
11957,cd043b55918c4ab6c7604b41596e513a8f3821fe,ngageoint_opensphere
11958,cd085e16295ca4d23a10e79893048adc6ad47ac0,ngageoint_opensphere
11959,cd0f3b1e8ed464d844edfb5af3e353afd0ec5317,ngageoint_opensphere
11960,cd1249930f929f6e53ab42b5667daf4419a0373d,ngageoint_opensphere
11961,cd12e8eed8ea09ffb54ce9b9c065d1f275b365f5,ngageoint_opensphere
11962,cd192c01ea5681cf23d429290b2744cef129566b,ngageoint_opensphere
11963,cd1b79c3ca81e6e3c6b6e60e0bac4802a56a2d94,ngageoint_opensphere
11964,cd1e482f03153166c64cabbc9f6ebe9ffe247de2,ngageoint_opensphere
11965,cd213856ed92409d7eea3acc91fb721fdc766761,ngageoint_opensphere
11966,cd2397bb89666c9f9ff6ee6fecc99a86ed1b44bc,ngageoint_opensphere
11967,cd246bfe302a7b3858cf216ce906b9e07e855d6c,ngageoint_opensphere
11968,cd28c9f5ef925b11dccf1167103e8e647ade3954,ngageoint_opensphere
11969,cd2903047f312b91d7f3a320704c9f3daaa73dc9,ngageoint_opensphere
11970,cd296b0ea7d2993e80cebeec47099cd898c2b5e9,ngageoint_opensphere
11971,cd2bb5f28f500e999b20f590483397d63af20b87,ngageoint_opensphere
11972,cd35af4d271d86a02b94d26df22402fac3556c9f,ngageoint_opensphere
11973,cd36fe927f655d6c551edc825b64dfb141be4726,ngageoint_opensphere
11974,cd3b25d4c38fe3661add4c163bf64521dedc0954,ngageoint_opensphere
11975,cd3f1a9210de9a6ac0861469d73747d25af2c4a1,ngageoint_opensphere
11976,cd4030a399d6a7a3f61ed3d936b51f9ba303a68b,ngageoint_opensphere
11977,cd41f2f27687f3566e4982fce2e25720f4c7ddf0,ngageoint_opensphere
11978,cd44abf5cccd1fc14e03934ed95d99fdaa1843ea,ngageoint_opensphere
11979,cd51d8835175ebeaf4d72ff96e3eaea1fc0de98f,ngageoint_opensphere
11980,cd582f7ef29c8ca888bff18e5a752d6abb6dd14b,ngageoint_opensphere
11981,cd5a941b33e983e3a94daf7fbcbbc8c0d42fac02,ngageoint_opensphere
11982,cd5ebb048c5e6a55c91276106a7dc204b5d29ebd,ngageoint_opensphere
11983,cd605a514a97ec8a4841074a82033298caff426a,ngageoint_opensphere
11984,cd609ff62150b799f6153ab448fcecb3c3872a64,ngageoint_opensphere
11985,cd60e2f94a3369bf946e6aa2da2fdbafb48a240a,ngageoint_opensphere
11986,cd619c6b21788095812fa221fd01577a514ba1a9,ngageoint_opensphere
11987,cd6e0e28cdd8f2cc10ab8b5a7521dc79d13fe476,ngageoint_opensphere
11988,cd7481820a926c6d95211c2b259c80a45c8253be,ngageoint_opensphere
11989,cd7d7244039e06df165b2708f92e9f69f9aa1691,ngageoint_opensphere
11990,cd7e691419c5fbe5a35e7a2fc1d668be681aaccb,ngageoint_opensphere
11991,cd7e7765b392e9be096f39bb81207043d1f12a10,ngageoint_opensphere
11992,cd8329d888df21fe2e087b9308bde06af6d0122d,ngageoint_opensphere
11993,cd88e3fff102c5c1d37a3b3c99639c720e301fa9,ngageoint_opensphere
11994,cd89ea18088e1aa13f137d7e7b98a3d31b22bfa0,ngageoint_opensphere
11995,cd8c535c6e5f78f069976b52d7399e8259acf00f,ngageoint_opensphere
11996,cd8ec95e8d8d8db94c45f025b64061312757dd23,ngageoint_opensphere
11997,cd92e3f74b01944d14921ccaa46d67977b3f83e8,ngageoint_opensphere
11998,cd969adc4edb744f60f6c8f2d7b418e4d9c5ca5f,ngageoint_opensphere
11999,cda00b8a6e031ca8a46c20738129928497355fb3,ngageoint_opensphere
12000,cda1c8d7d92df668b692117755c5f12f05ab5e18,ngageoint_opensphere
12001,cdaac3197791ab9ad09129b3cca068d936f0ef57,ngageoint_opensphere
12002,cdaf6423b08d7717bf01550a6b4acf1e82d6d9c2,ngageoint_opensphere
12003,cdafa8af4bd8481130db3b59f0a5a36d70013408,ngageoint_opensphere
12004,cdb544c5b7ce4b3c89dc88f31ca92f46a6d22f89,ngageoint_opensphere
12005,cdbeb83298e58c9ce66fd7ad9c18dc7f7bf9ee91,ngageoint_opensphere
12006,cdc5aafdcbfacc6bd0d72751af23aab9ebf5e594,ngageoint_opensphere
12007,cdc7fb3c8459e8de0263cfcdc5b0458a6433d7e8,ngageoint_opensphere
12008,cdc9a264177e73f311e2bd21abf5f1d7aa92a8e2,ngageoint_opensphere
12009,cdcaf3fbd9a0cf1f5f4d633b303384caa021be95,ngageoint_opensphere
12010,cdd0b4e805ab49383e9b002c5b0080c875e476a8,ngageoint_opensphere
12011,cdd6ceb2ed556aa36cacfecf40aa02b2f6bb362f,ngageoint_opensphere
12012,cde92bec3e54ebcd0d27c761358fa90362f34bea,ngageoint_opensphere
12013,cded8511612ceb1ad7aca6e5cddace3813104341,ngageoint_opensphere
12014,cdf238346eb7f48622467c57d1ed67694a7ba947,ngageoint_opensphere
12015,cdf7bf9bd0c1aa5c56255188408468a1959ccba7,ngageoint_opensphere
12016,ce0407fa112eff151390d645ccdea05180be7054,ngageoint_opensphere
12017,ce07cd9db9c17fa6088704926cd7eb2943e75f89,ngageoint_opensphere
12018,ce164c5fd80ce18faadb0dc9cb185b7f7fff9e2e,ngageoint_opensphere
12019,ce1c265c3ff7e39201c7817f707d680e2095da80,ngageoint_opensphere
12020,ce1c33d30ea5e232a0bad411d75cd92e2e3f0e94,ngageoint_opensphere
12021,ce1cf7ba15f7b2a8cdef3624ea8ae06f93123845,ngageoint_opensphere
12022,ce1d6d39b283db1a067f8dc36ac7c19270a0a7f2,ngageoint_opensphere
12023,ce222358cd81180c77f3612c83c11ce47a706001,ngageoint_opensphere
12024,ce233975ee7f83278530ed40ccb28b9dec029569,ngageoint_opensphere
12025,ce2ec2d4565650f42a9e4406574048719ffee70e,ngageoint_opensphere
12026,ce328393d734dbfa47056fde84b2a8c21fd3b0e1,ngageoint_opensphere
12027,ce359ac564c04b463a7cbc21b0131cee497d75ba,ngageoint_opensphere
12028,ce36066157c686cc684e5b8c1d90dc596d5f6aa6,ngageoint_opensphere
12029,ce382416dea1d780188f24d1ed875a95c784e7f7,ngageoint_opensphere
12030,ce3b36113189f810e28b42e84a5fb59d419d9612,ngageoint_opensphere
12031,ce413d8b7ec4f4c32f31d45d05e2536bfdd8d6ab,ngageoint_opensphere
12032,ce4c6a50b8a36746ab4df6b50f24e40c24e3819c,ngageoint_opensphere
12033,ce4ed8d8cb1f9664ce8ecc2681b3871df1904677,ngageoint_opensphere
12034,ce4ffab466ff08681054262f15567525c8ba169a,ngageoint_opensphere
12035,ce50e169c2da279ca70303e533f4cf98b02b464a,ngageoint_opensphere
12036,ce5a7ea1a5ad82fabed1645e1d53fc9e3572eb3d,ngageoint_opensphere
12037,ce677eb55a316418b78b6d9dd3021e70bcb4aab0,ngageoint_opensphere
12038,ce6fe915b9896ad8ea692e7f93b4b7d74af02ea2,ngageoint_opensphere
12039,ce70b0fd8a582c300b64d70566d51bf7f9000974,ngageoint_opensphere
12040,ce745bd73c11eb51a0f61a1196c9d6038746fd64,ngageoint_opensphere
12041,ce75259c37ddf56ca00962fb1cb979e57b3b6d82,ngageoint_opensphere
12042,ce7562901a1e4e4cc0b53f4aa7ab9849a9965c65,ngageoint_opensphere
12043,ce778df96a33d6952623180f04262d46d9002182,ngageoint_opensphere
12044,ce7818478bac85814c5d3f92c91cb243245b02ce,ngageoint_opensphere
12045,ce7b058389493c69a8cad46406c7c03573480932,ngageoint_opensphere
12046,ce7cc7334a282d789b832f5de67d4d32423a6a6d,ngageoint_opensphere
12047,ce7f79d80233a2942389fefd75de3635ef68045e,ngageoint_opensphere
12048,ce85ef3323e530cfd9c26ae2e594845b086ef185,ngageoint_opensphere
12049,ce8bcefa6a0fd341d329d63d414d47bb66aea989,ngageoint_opensphere
12050,ce93c1b9ec52dbece0c63d7068b4a1e090dd6b2d,ngageoint_opensphere
12051,ce9a01680187aa27ac0fa76fd6788c2477cef5f0,ngageoint_opensphere
12052,ce9b340100ddd1e35423bf9973def47752cfacc4,ngageoint_opensphere
12053,cea89d5b1d68a44449761a158606383fe261e768,ngageoint_opensphere
12054,cea99409033a6d182c7c435805edc47825dc92ce,ngageoint_opensphere
12055,ceaa74f187b3b88ea799e3dc4ea77b7ac8463744,ngageoint_opensphere
12056,ceab3393718a6db2b137cfc31715401aa19039e9,ngageoint_opensphere
12057,ceace9637f43754bdda11c6188d60de255a4db78,ngageoint_opensphere
12058,ceaeafbe0416ada7da4f2f3802c51307446b5271,ngageoint_opensphere
12059,ceaef61b2405904da0c6b15ab72f4e1cda9c5387,ngageoint_opensphere
12060,ceb28cede8d63726f4ec6ab39f5faa9033988d99,ngageoint_opensphere
12061,ceb34100a4144b214cc0f055a51404cf8d366500,ngageoint_opensphere
12062,ceb4a97ecf2fbf6dce3462c6283d24fdeb6d1c64,ngageoint_opensphere
12063,ceb59c1781c87991a3b8e86455eda7e497a37f45,ngageoint_opensphere
12064,ceb6032ecdf5cbc24ad71dacd443185ce158622e,ngageoint_opensphere
12065,ceb9b5fbaa3306825014e8e3be48f85369e20a13,ngageoint_opensphere
12066,cebc5f82c10e55a9ebb938a854ab9d66a3bf1e52,ngageoint_opensphere
12067,cebcb5fb7e661655a09c76ac1f41f86fd9f141c7,ngageoint_opensphere
12068,cec14514512201a32f623688c8a5a751450bbed7,ngageoint_opensphere
12069,cec1fa0dd7394890ceed0b6c1420f540dfc3aa58,ngageoint_opensphere
12070,cecac948b9a568693040e08e62c977f3b06f2d7b,ngageoint_opensphere
12071,cecbbd90b7b83b9886d37272c318ca0974e1b2a3,ngageoint_opensphere
12072,cecfd83c2161d42da838a2f61329e49ee8e2a5af,ngageoint_opensphere
12073,ced925879221ecfbb2f9a2d80e6c4296ec180433,ngageoint_opensphere
12074,ced964c1f7ff72ae43cb1c93cabdc0f938315441,ngageoint_opensphere
12075,cee27e831ab5f1b530d3b2263b06b0326712ee28,ngageoint_opensphere
12076,ceea87758399c928790a488927154e20d0feb361,ngageoint_opensphere
12077,ceea9b7b90f8dac6b3f7375c6f2045f6899993c9,ngageoint_opensphere
12078,ceed0e0dce86a186b5b297be3ed4757689238f59,ngageoint_opensphere
12079,cef3ec58e56ef86fb48e127021b87e3cc6e30969,ngageoint_opensphere
12080,cef445641a13b1cc9a06288bcd85bf056c2c3056,ngageoint_opensphere
12081,cefe708d9ebc0028acf609bedcb6b33bc841bab5,ngageoint_opensphere
12082,cf031e46fd7569682d9d717e28f7e16bc81de1e5,ngageoint_opensphere
12083,cf09d34b0f939d5c172e1e97d2619d0aa8cd1bfa,ngageoint_opensphere
12084,cf0d9f9aa3fa42186f781250061c9378f3327d65,ngageoint_opensphere
12085,cf1193bf0842fdbc8eb314e09923beb2ec90a9c5,ngageoint_opensphere
12086,cf14e0f49267f46c3990c61b8607a08db55356df,ngageoint_opensphere
12087,cf1575b7b0b86a298f4f4a6285b3468528262930,ngageoint_opensphere
12088,cf164157dec249ef6ff1fd70a9b4f52585ad4006,ngageoint_opensphere
12089,cf171bb0198d8d589df6ea8b8fececdbefe70af4,ngageoint_opensphere
12090,cf186ee34d48544c462c200de858dbb508b82bbd,ngageoint_opensphere
12091,cf19b850e9136391fa73159e4cddd210dfd14de8,ngageoint_opensphere
12092,cf1a3afcd9ec81b326dc399f78774f366742c6cb,ngageoint_opensphere
12093,cf1f28fc288dca036cef73ce4ef478e8a39bf265,ngageoint_opensphere
12094,cf21b07a1f63b257ebf5f5b6f697922520ad9855,ngageoint_opensphere
12095,cf316d5cd28b0b78314dd0e98f28b6dc3dc1dbdf,ngageoint_opensphere
12096,cf37eb5ac31c643c5a746453903e8eb9014f37bc,ngageoint_opensphere
12097,cf398c8528664cef0b3cdfb9b24916d4c3d08810,ngageoint_opensphere
12098,cf3b26e583b64d791153ac8cd1df37cf8fba87a4,ngageoint_opensphere
12099,cf3e12143d375584edf06d9255ae5796e566d3cc,ngageoint_opensphere
12100,cf48d6709671e2382cbaf7d782af492b3d9c6895,ngageoint_opensphere
12101,cf4e3ae5568dfd435f33b32005f13789007cb428,ngageoint_opensphere
12102,cf5104c52ef29109d51352e7c7602150e099e694,ngageoint_opensphere
12103,cf5287c64f4e9efff4739e56f93bf03f562f3823,ngageoint_opensphere
12104,cf53835b6387bab456af8e53485dd8fc42011e8e,ngageoint_opensphere
12105,cf54020b2f80a521b250b6a9fe7baec4482c3eeb,ngageoint_opensphere
12106,cf54f9c02e6ed4d507a09ad6218009d3de481a93,ngageoint_opensphere
12107,cf5740f3b4cc2c3433fd5327e53abc56c59ce28b,ngageoint_opensphere
12108,cf5895641ae509bed8041762f7a4c9e1b79253bd,ngageoint_opensphere
12109,cf58fcad1045b71b89141d208f0bf8e095fff0fd,ngageoint_opensphere
12110,cf5cecec1aa5f24aa376e7aeca9dea17c740d51e,ngageoint_opensphere
12111,cf5d35889a3171a322b21a1353993284ca0ecd00,ngageoint_opensphere
12112,cf6dd8715aad8f5f4a6a941c7089868c166efe04,ngageoint_opensphere
12113,cf7867c39ce4a150a1b457ffce3e6e5d1c65c5ad,ngageoint_opensphere
12114,cf792343dc22965015965cfd4349036c618ce55e,ngageoint_opensphere
12115,cf7c770634b28664409c63b7b465af34f1b8ba7b,ngageoint_opensphere
12116,cf82a975723abb11ffccf5da663e96dd5824e5d9,ngageoint_opensphere
12117,cf886dddda66f4d81d4e870b12389ea19fc24d66,ngageoint_opensphere
12118,cf8e6af2b448b5feb883dc5bef3c3d72db5ece89,ngageoint_opensphere
12119,cf90288ed8bc90182426c05ef9beef9cfe2d4ef2,ngageoint_opensphere
12120,cf9ba4c4020678ecd6f80912c52191a3cf29b960,ngageoint_opensphere
12121,cf9f66c9ce38b7924c764a1e5bed3b496f59837d,ngageoint_opensphere
12122,cfa004906a95abc59ebd60ae7ad159bbefd1820c,ngageoint_opensphere
12123,cfa1f61b5ea77d3e2fb67cc5c6bde788e8b687be,ngageoint_opensphere
12124,cfabc7ce1fb7519d15cd4b283871c0db60590a9d,ngageoint_opensphere
12125,cfac17eb63cd843c12c8f787174035bec85e510c,ngageoint_opensphere
12126,cfaef24effcac483f102d7e03afa02456de562ed,ngageoint_opensphere
12127,cfb948e8b7209bbaa15d148dc00c8537659608a9,ngageoint_opensphere
12128,cfbe8cc8cea6385dde8b83046f86fc8f9cd31bb5,ngageoint_opensphere
12129,cfc3671e40156242c8e3ed47c1cb6ea5e5a08b87,ngageoint_opensphere
12130,cfc6d5e7c69673b5a6c4334f7d64f9c9ff85abaa,ngageoint_opensphere
12131,cfc72f7141c9363d644241c7a6db876697e33351,ngageoint_opensphere
12132,cfc86730d97264d793cd071251a9f465534a578a,ngageoint_opensphere
12133,cfc88e08c79830afd8f4d7376c626e8350e24c81,ngageoint_opensphere
12134,cfcce47ec7674b7a8c5f629309866e46c8dd4792,ngageoint_opensphere
12135,cfd4447c56a0241863087a47378462292c452942,ngageoint_opensphere
12136,cfd821097af3015b65995cb34b8a2b27c219ca2d,ngageoint_opensphere
12137,cfe87cee9aa1c39b3fd4ccb3b1dfe8ef04139517,ngageoint_opensphere
12138,cfec024f96b150d4830900c1fbf00142a777fe0e,ngageoint_opensphere
12139,cfefcb760bedb75038a452d48a189a33f395bc34,ngageoint_opensphere
12140,cff14c814979541911b503992aa0c8275b35b3a7,ngageoint_opensphere
12141,cff588c115d5d08ee144e83e9aba322d435273e4,ngageoint_opensphere
12142,cff78e18b77558fa545c21326a2f0b4b454c9d09,ngageoint_opensphere
12143,cffa1055657840befb14e0efa3369be41d282171,ngageoint_opensphere
12144,cffda71e82ade3e96c6b9697a8f376eda8889966,ngageoint_opensphere
12145,cffdc933f8a656e9afb73b1262fb933c8dbf526c,ngageoint_opensphere
12146,d003930b170ef92c4ca58d89ee856dbb63a7d16f,ngageoint_opensphere
12147,d003f8194c4af1891cca03244346245601557eb8,ngageoint_opensphere
12148,d0063469b5a6590d5b81425491c736fcf433393f,ngageoint_opensphere
12149,d008aa6d99ff27adbc34bfc34640677c7f92d7ee,ngageoint_opensphere
12150,d00fe7805603f753df5c873e6ea810c47c60260b,ngageoint_opensphere
12151,d0111998ca370bfc932cadbfb7d0f0f1ef967b56,ngageoint_opensphere
12152,d012e44a59034de7c7db4df790efa147986501f0,ngageoint_opensphere
12153,d0166d124dcf8909c023696c1f54edebe538ff38,ngageoint_opensphere
12154,d0172f9508fd50c7dc0e96ead15f8527b307503c,ngageoint_opensphere
12155,d018cf868ad61edf5be84a4c1c61203b94621d13,ngageoint_opensphere
12156,d02373bcfc9c6ad90793bd490786abb993c17c22,ngageoint_opensphere
12157,d02455c8dbe9ebb852dfb0055141e22f470ff6c8,ngageoint_opensphere
12158,d02c03a06f8d2e47aebb64c8666fa2aca19fdd16,ngageoint_opensphere
12159,d02ebdc377b6122af7349d2ef061333b31f8f486,ngageoint_opensphere
12160,d02ffa39aaaf3ef701c016ddcd4bbb3522bf2d35,ngageoint_opensphere
12161,d030ea722938a56db3fd181cf2d7f9ac86c00153,ngageoint_opensphere
12162,d03a025253c42afea656471767f8b6ce464b80ea,ngageoint_opensphere
12163,d03ad9c3fa4f0facf4a4c3da99b3532d950f12d7,ngageoint_opensphere
12164,d04d83573159d8a00442bd9441bc6222777ffe48,ngageoint_opensphere
12165,d04f35dfa183dd8117ac0c6c59b07f9c00c32ba8,ngageoint_opensphere
12166,d05bb38cedf13973df024edbf1ffb0215823567e,ngageoint_opensphere
12167,d05c308796c225aefd1bcb9b0a70e37197c8aec3,ngageoint_opensphere
12168,d05d0fd03150408b0ae084bef62c24789f66fa88,ngageoint_opensphere
12169,d0618d0bb0bacfc4f262e5f4a78849087b046b29,ngageoint_opensphere
12170,d066be0a732b430d1c3103726086930b36e58ab4,ngageoint_opensphere
12171,d069b82ebb61773de19736d754a7902d10b925d0,ngageoint_opensphere
12172,d075161c4898028a0e83c3956257a4fb813d7f33,ngageoint_opensphere
12173,d076ac9a4d7c2f7fd966e6939960da63c843f0fb,ngageoint_opensphere
12174,d07b9baf143c51cab85b50bffcd72d69aeca9a72,ngageoint_opensphere
12175,d0806ffb6d5eab99f88be66562b56b5c37313e1f,ngageoint_opensphere
12176,d088fa4d0490e4455a6877764ffec639f2594f30,ngageoint_opensphere
12177,d08929a459af55a6a8a93377b849752ecf56dc1c,ngageoint_opensphere
12178,d08aa22959f26e799800e67b9461258c6359f9dd,ngageoint_opensphere
12179,d08c976832e9eff951f44b4e6086f2b00d9af425,ngageoint_opensphere
12180,d08cb8d5f427e04865e74b767e1a78f7a83df0db,ngageoint_opensphere
12181,d08fbed7658b6634612a24cd64e11e0217a1c09d,ngageoint_opensphere
12182,d09c8f52f7cb9dafd2b950e7d9d3ba7222b9d80d,ngageoint_opensphere
12183,d09d861108b04925d5e453c0a7ff828750b8a12b,ngageoint_opensphere
12184,d0a3399981cce6a8b7877b3f929a453fe032d546,ngageoint_opensphere
12185,d0b71b53011cf0e4d47c5e0738925c67808d0865,ngageoint_opensphere
12186,d0badc942273c5efb37bb0ac85c78f0c72eed471,ngageoint_opensphere
12187,d0c14ac0c5ed86c48f1f556492bf16ad54a78e50,ngageoint_opensphere
12188,d0c46ec166ccbdf2de39336f62e335345b4d3b0f,ngageoint_opensphere
12189,d0c8eafc650f940b014df0350f5645090a3dd95f,ngageoint_opensphere
12190,d0cd00ee693c3281dad8dff72495d65455baf088,ngageoint_opensphere
12191,d0d5c09a46937a08d756b52f85f6dda69c5a737a,ngageoint_opensphere
12192,d0e184fbd54e93c14b023a44425ae2bd457f39d4,ngageoint_opensphere
12193,d0e6201565e6b9551881918745174d7976ea29b2,ngageoint_opensphere
12194,d0e9016c3ec3fb9dca06be13a16b8f97e29b9898,ngageoint_opensphere
12195,d0e9bec5dfff410a55a35163472d94242356db7b,ngageoint_opensphere
12196,d0eb67ba55ef15ecbb8fe655c979d851b66b86ea,ngageoint_opensphere
12197,d102627caa379c3857b4e5291510e82b33f523fa,ngageoint_opensphere
12198,d106e9074d1601c36a2f1665648ffb68b98cf114,ngageoint_opensphere
12199,d1097ce5af8d41530d9348505e5c21fbd6b4bb6b,ngageoint_opensphere
12200,d10c2cfefaccaba415ec9f6350d8945ed2cf717b,ngageoint_opensphere
12201,d1131ae59ff2339736f8058b0696ce82e2f52648,ngageoint_opensphere
12202,d11bdb5eabbf04a14665c2b55527bca65ecb3256,ngageoint_opensphere
12203,d11f089c218f4af08749f56f7891fad015bfdcb6,ngageoint_opensphere
12204,d124d0da882a283aa7d2ce15d6803e0fc5591180,ngageoint_opensphere
12205,d12b506a270b3964b7b1ca83fef8d7a535504e40,ngageoint_opensphere
12206,d1309c2a6a8358cd7113f634b39caf0e7de9f338,ngageoint_opensphere
12207,d133aef9ea5ab43a90f308251069fd1ef6d3abf6,ngageoint_opensphere
12208,d1382de190f2ccd4f3efa6adc1e2d0703cf7e8c1,ngageoint_opensphere
12209,d13c3b17d0fbf0327b0ee61e55f822c904646028,ngageoint_opensphere
12210,d1413651cd6dfc6e92bc475b30f696a4b5f34a96,ngageoint_opensphere
12211,d14b2eae8f70421cbb9a06b8169c3654a8ea10d1,ngageoint_opensphere
12212,d14f1cd7642729e6b1764a36ca252ceb66783f2b,ngageoint_opensphere
12213,d150403044e53ff55edc9662eb6b78b5c76d9a38,ngageoint_opensphere
12214,d1554423e631ac7aa921c11da40df7e89bb33638,ngageoint_opensphere
12215,d1597f25bc014d3db6fba285b7ce608151afa919,ngageoint_opensphere
12216,d15d212c7814a93def07a95bb4e4600eae22de64,ngageoint_opensphere
12217,d15e45d5e965bdab053834f4ce29bc51690edcea,ngageoint_opensphere
12218,d15fd953fed6b530d1283f7de3b8c07abe3ede86,ngageoint_opensphere
12219,d160c27ffb0889ee1df50b7fd13d1e9a0e04bc7e,ngageoint_opensphere
12220,d164b9607c9c612f0b2b6f06422036fc7ed6b530,ngageoint_opensphere
12221,d16f67ffd2fb954358a548091921abcf7a1e5c55,ngageoint_opensphere
12222,d175b5898374510fff7a1aa2dbe5859f8424890d,ngageoint_opensphere
12223,d1776f3a2407583e1e2cc7c7ff2f8960adb9091e,ngageoint_opensphere
12224,d1784773cd43bc10390b684d607136184cb3cede,ngageoint_opensphere
12225,d17a0833158f4b6e709b7ebbf9c54529ab170149,ngageoint_opensphere
12226,d17dee94d31e876f5b7c05f75f60bd33636df396,ngageoint_opensphere
12227,d182c914efeaf7f6901ecf20263b6bd75a3fc8a4,ngageoint_opensphere
12228,d1865a9392091b7fd76a6b4a37f5c1f0b13f7cfc,ngageoint_opensphere
12229,d18a03ab92402a4ced430b0a1bd433ffcd715b93,ngageoint_opensphere
12230,d18fcaa27f1655923cc87d743719d74e4739ecab,ngageoint_opensphere
12231,d191da7bc9a848a5ef7ef8de816c23db60fe7f56,ngageoint_opensphere
12232,d1972bde4db247e91807e26c9b36d5b0b36bb98c,ngageoint_opensphere
12233,d19f7b392b5c54316149e74e2a7831dc99fb01f9,ngageoint_opensphere
12234,d1a1be6c156dd9c555e16064f54b38179ddd5272,ngageoint_opensphere
12235,d1a220c6a683bcef4bb18cda8cf0b7e3d90004d1,ngageoint_opensphere
12236,d1a37b7014845c3885501b3f9a90c83379f10419,ngageoint_opensphere
12237,d1a6627161c6c304ddd94d8dbcadf90a116c22c8,ngageoint_opensphere
12238,d1ab138822a5c180f2d01b908bb31ce1f53d05a6,ngageoint_opensphere
12239,d1af2cd08762c5daf4499a7842fe0c90b0728b3d,ngageoint_opensphere
12240,d1b35349d73340bab0d2ce10ecd59fa7ed95c8d0,ngageoint_opensphere
12241,d1b3a990dbfe2dbf58164a19ad635f74d848b900,ngageoint_opensphere
12242,d1b5642a835b21f092488f4505f0cbd42c0ff9f3,ngageoint_opensphere
12243,d1c74cb0c27b43523c52fcd557d64accdcb8387d,ngageoint_opensphere
12244,d1d7ae40a576e7a26128f6882d01a5e4b22418b3,ngageoint_opensphere
12245,d1dcbc8583a4f947cf2d2819b3f927eba9c59e73,ngageoint_opensphere
12246,d1e408c0dc6f3f6f78ab6ce48a653ac8502cf49d,ngageoint_opensphere
12247,d1e937b291f500f7f9d75930824a9869e7d68cfe,ngageoint_opensphere
12248,d1ee50b8465e40e9d7896bc6a2b47695c6ade201,ngageoint_opensphere
12249,d1f3876e3e87fb5b2919b906652b734244eaa4b8,ngageoint_opensphere
12250,d1f4bf5c37258df55f6f13d4dc027c1b5fc74c31,ngageoint_opensphere
12251,d1fad23e724f215ce184065fffd73d759182a7a1,ngageoint_opensphere
12252,d203de04ba02e6b4be52438a8a91dc3ab4564c4a,ngageoint_opensphere
12253,d2072684d3bd7bd16c645aad3af5bfdf4fc303cf,ngageoint_opensphere
12254,d20da10a7d0689ca64321cf38807a98acf122272,ngageoint_opensphere
12255,d219bf00103f92ba23639bd1b2e5ba5ad5443261,ngageoint_opensphere
12256,d21a62ef533912fe9a1ebb31cc26b39094c821c6,ngageoint_opensphere
12257,d21c4d63c2f2b63d854307dc950b42d5c7717e8d,ngageoint_opensphere
12258,d223bbe6ace33773918b248704f39399fd1f524c,ngageoint_opensphere
12259,d22ba6500dd7ad55ff397b6e4babc1909d7582f4,ngageoint_opensphere
12260,d22dbe7e5ffdb45d7f5fd63c7b1577a74a00ed16,ngageoint_opensphere
12261,d22f286df1be40e76354763fcb6ee9f62893d35d,ngageoint_opensphere
12262,d231bcdeeb9d037bef5b0c334c94b1ba6ae1d9ee,ngageoint_opensphere
12263,d2333591d58066a61eb4cdecc33391b460352c3d,ngageoint_opensphere
12264,d23782ae554bcc436f2a265a6b6a62a1a00e8590,ngageoint_opensphere
12265,d239b97a66f484eb115483dc15959601d96fb2b8,ngageoint_opensphere
12266,d23b0074f8ed38929bc54874aa8064e1d2f0a38c,ngageoint_opensphere
12267,d23d7e3aef048790438feb52a576616b387bb473,ngageoint_opensphere
12268,d24a85face8f8f98a0c312e8023a66640c8fa1f6,ngageoint_opensphere
12269,d24bef8bcc199b12e7e66d4cdc806ecc2ff9bcb5,ngageoint_opensphere
12270,d25002fe85e874f7c7f8707143465f1f2838a86c,ngageoint_opensphere
12271,d25955f709b32b9fc2424f3ee608976f7a27a1b5,ngageoint_opensphere
12272,d25973eecf0ca630ad037c17900b148d99c7fdb5,ngageoint_opensphere
12273,d2678cec8be10043bf14f6afc49fdc2a2059151c,ngageoint_opensphere
12274,d26947137a8fa61d6fec90339fad535650ed6d78,ngageoint_opensphere
12275,d26a3c9403b5136e34df8f8e3e9913c0e07a8319,ngageoint_opensphere
12276,d26a9372376ef7bfe631549f48184ae45898bfc7,ngageoint_opensphere
12277,d26ec3feb5b301c7aa058583a51aff7d020a8d5f,ngageoint_opensphere
12278,d276e28451bd8d868e2a84682367eaa70600666b,ngageoint_opensphere
12279,d277113cf180222eef7e57abcd8c084ee64b1da1,ngageoint_opensphere
12280,d27c8d0f7043d5f52d106c05d0af5698fe5c902d,ngageoint_opensphere
12281,d27d8f6486a8a7cc30e5f79822cc61bfb12c7f66,ngageoint_opensphere
12282,d28014fe7a7d46afee71d585f59679e57dfc4303,ngageoint_opensphere
12283,d280ca33f9262c25c7291a5e1cb8d7f4c76c2d87,ngageoint_opensphere
12284,d284216d449cca8258c8e677d441366ea015a9aa,ngageoint_opensphere
12285,d28bd9d4f5dbae73b0e8aef06c17848b00644018,ngageoint_opensphere
12286,d28cbe95f10544f004a3f639fb9c33369d78d764,ngageoint_opensphere
12287,d2903014dc12692db5995642444e8dc19f179b8e,ngageoint_opensphere
12288,d298ed30d06f5d782abbfcbc27b1adcdb7ef3aad,ngageoint_opensphere
12289,d29c34a5588584833dee0b906af3f838de28fa40,ngageoint_opensphere
12290,d2b03100f5da9b91f54c57dfc3e6a805db4e9cb2,ngageoint_opensphere
12291,d2b5b87dfe15f4adc2ebaaa4e8032910008358cc,ngageoint_opensphere
12292,d2b78f507b33fc98da335c1a7da1a9739b886ffe,ngageoint_opensphere
12293,d2b83c81b1aefc6089d342a8a92c0525ec7284dd,ngageoint_opensphere
12294,d2b9ea61aa0d88de249680c51ed7ea58039b1732,ngageoint_opensphere
12295,d2bce3fb7f46c403f9845c32ad50b9bcabb0ce0b,ngageoint_opensphere
12296,d2bf1a6cc3b1a1950f385d88a32be5cf5a140215,ngageoint_opensphere
12297,d2bf62886669ad41a0add616c16c1b96cb262ab3,ngageoint_opensphere
12298,d2c6b7aa87a1a5acb7710d4a29742a70a7a4ea12,ngageoint_opensphere
12299,d2cb60d20e56b260f5671c758001ff6f03d1cd63,ngageoint_opensphere
12300,d2cc5588887ee429a6aea311dfb11c7743b13358,ngageoint_opensphere
12301,d2d6913d78b0f61421a11183b0445c5f7fc25c82,ngageoint_opensphere
12302,d2dac618cdc0217d80a31ae63727f3ab98924b5a,ngageoint_opensphere
12303,d2dd5e2ddda3687b5d27d66cddea883edbbbc8f4,ngageoint_opensphere
12304,d2ed746b031fbc4ffae167bfe59cd7f1ff024b31,ngageoint_opensphere
12305,d2f1ff62792c76aeb6a513678406fc4847faedd8,ngageoint_opensphere
12306,d2f363f424aee1932050e00b7838a3da47cf4789,ngageoint_opensphere
12307,d2f51025d2d4c3708eb45da6f0253d4fd29fb324,ngageoint_opensphere
12308,d2f7de69566716e6b1bc9a13572e862f43d4a355,ngageoint_opensphere
12309,d2fa1f0275fb4a540b2876c70f74e9a6a34864b0,ngageoint_opensphere
12310,d2fe0fc23a9d4fc50cae34d8eec82c6a5fc1ac9a,ngageoint_opensphere
12311,d301ebef802cd12451fdb950235e4095c7ec1e31,ngageoint_opensphere
12312,d303f538dd2e1550b270d7f86e1b5f002af354d2,ngageoint_opensphere
12313,d304aba86b4a2de9821bd0cf38c5620cbe7aff0f,ngageoint_opensphere
12314,d3080c4f3f34a177adb5ec97dddba56360774885,ngageoint_opensphere
12315,d3091658986b8d15885697c07d1dfa7afcf965df,ngageoint_opensphere
12316,d30f326dc44af3ce7d89b3fa87794072caa8af2b,ngageoint_opensphere
12317,d3113572f9c963e39eeb6aae56d0ac3198a6c0ef,ngageoint_opensphere
12318,d312ddf8cb38e237ce0586607a50f48956d6c42d,ngageoint_opensphere
12319,d31317e16a860c37fa02be48608f4f0e7c088b98,ngageoint_opensphere
12320,d31355a46bf57e6ee34ddabbc2e761680e4a77ec,ngageoint_opensphere
12321,d31599f6b9440172a7e7ed59043c917aff9eb154,ngageoint_opensphere
12322,d31c152273a103fd60e55582a19ed7861b32e3f9,ngageoint_opensphere
12323,d3232a192c2eaae46fd7358734eee4e36bea2664,ngageoint_opensphere
12324,d326b8d67abf28b6b7221ed4c19bea8c5bca333d,ngageoint_opensphere
12325,d32996c791aee832c9567b90d661a78b9aa97fc8,ngageoint_opensphere
12326,d32ee99c1b4d32ef482a4b13239db90c0d83e9f9,ngageoint_opensphere
12327,d331cb931a6f125182aeadf552b14ed919e115e9,ngageoint_opensphere
12328,d332e6cb4bab2756b7103f3550a39a74a6210928,ngageoint_opensphere
12329,d33334be157ec254a2d7fcab66c9d5da331f98d1,ngageoint_opensphere
12330,d3334b85073681909218785f75b366e4ad3e9e11,ngageoint_opensphere
12331,d334d09f1a3b7d0b4d9d48f26d990cc15ddba4ce,ngageoint_opensphere
12332,d33a57ccd9e567ae482d0b088e2031d602418034,ngageoint_opensphere
12333,d3420d0aa8e0fa2d17ccd0519d787bf1c731d8b1,ngageoint_opensphere
12334,d343b54a67cbb334af7328db57c1cd6ba58ae31c,ngageoint_opensphere
12335,d34fa61239d2d58a44d2b06721022a86b28cc12e,ngageoint_opensphere
12336,d353842a5cc0664ace4a3a9b0bbfba000e156408,ngageoint_opensphere
12337,d355cbbc0bea49f8fed24da585f32f47ac43f983,ngageoint_opensphere
12338,d356eb6fe508c5016aca4ac09ab0d8df33bfd1d2,ngageoint_opensphere
12339,d3631440e42f3767cf315565c1d9f1e1eef7ccbf,ngageoint_opensphere
12340,d36b482176bf784db29719249d8be778820433d4,ngageoint_opensphere
12341,d3750a2dbf56d43290f667ce5af3ab75033aec3c,ngageoint_opensphere
12342,d37bb57fd6fd835088504266b23eace1814aa0f2,ngageoint_opensphere
12343,d37c4791d8604230e8dfe90af7d11ff946e0bb4f,ngageoint_opensphere
12344,d37ef6561410ab2ddd7c235fc3d13227f98e1f4a,ngageoint_opensphere
12345,d37f7fdabbbd0ecea39564b8cd0269f278f5782d,ngageoint_opensphere
12346,d3846a00a84f19ff73d30367425228b6bec7b131,ngageoint_opensphere
12347,d39017d26a09ede80bf81149b07b687f78d52a5b,ngageoint_opensphere
12348,d392ec304c7570b8e59d05e843f0179b81d45a1f,ngageoint_opensphere
12349,d395687fd71d22afa1cd04eb3c6210a199caf1f0,ngageoint_opensphere
12350,d3964c3ba15ac413a23a6ce7af7528e87465c73e,ngageoint_opensphere
12351,d39a602627df93b30c242d61a4859a51580aed90,ngageoint_opensphere
12352,d39bfb5ee7791765155bcd67631ec0a5f929d520,ngageoint_opensphere
12353,d39dfa907342a225ad6ae9332c6319469ec33fd3,ngageoint_opensphere
12354,d39e2ff3d1b9e37aeb46a6ad58ee2d72ce5f6b88,ngageoint_opensphere
12355,d39f69c10c80ecb758e3fd8adab033ec5eb8f48b,ngageoint_opensphere
12356,d3a563b135f2a9a92124560f82f4ff4d9489b205,ngageoint_opensphere
12357,d3af67f2b0d875416487b7815f136a7ee679e4a2,ngageoint_opensphere
12358,d3b53f8eb4420fc3d337ac7b129d4fbad9df77a6,ngageoint_opensphere
12359,d3bb61a418852e5bdb7beb0d113138ef6292b0fa,ngageoint_opensphere
12360,d3bfdf104f23f1a42cec09fd7291be0e2ec4b7ea,ngageoint_opensphere
12361,d3c668a83d64f536bed65b48de2ed5e88921252d,ngageoint_opensphere
12362,d3c69abd96d1e10e9399500285a0e240b173d415,ngageoint_opensphere
12363,d3c75ae09d3b438252b255fd3b12e71cbd04de3c,ngageoint_opensphere
12364,d3ca3925d5aac5963b61bdcf553308c94616fa1a,ngageoint_opensphere
12365,d3cbeb31206893e781ac81c7a533d25c9d21b176,ngageoint_opensphere
12366,d3d6dd53d72944a82cce1ea37b1639c8101df283,ngageoint_opensphere
12367,d3d76f7be6f269f62684183c423fa3ba52e661bc,ngageoint_opensphere
12368,d3deffa1c04830033398f5273b1bd41ba64ec435,ngageoint_opensphere
12369,d3e3dddbc12f857430a9a7f1a5d1c240506daaa3,ngageoint_opensphere
12370,d3e59c20a7655983ad643b178977c1c8ec4b9bbb,ngageoint_opensphere
12371,d3e81a1671b31613444b08ad064c8589859bb89b,ngageoint_opensphere
12372,d3e82f61f48b2fc02905e1c2f22e96ebd2c21f9a,ngageoint_opensphere
12373,d3ec3886b73f204f88375acbd5e809b993f054cd,ngageoint_opensphere
12374,d3f21731a478e338e63e9d944280213a2bed1497,ngageoint_opensphere
12375,d3f4a4746c527784a8556f04e6ea25e53b87d01b,ngageoint_opensphere
12376,d3f91876aa472ff408788869d548156696c8270f,ngageoint_opensphere
12377,d3fa2917b635def6456e76c5eac1cfdb5a467c8e,ngageoint_opensphere
12378,d40bfd240723be6f83a5f2f983d75763da3a439b,ngageoint_opensphere
12379,d414a4df889bfa4b37a85d21809e64617ba450b5,ngageoint_opensphere
12380,d414cab0bd513b208c220fbe4b2104e567fb00d3,ngageoint_opensphere
12381,d4192d2c6e1edb4b2ed815f8e65828a1315d1d50,ngageoint_opensphere
12382,d41c36cd0d42bf37a046e8e6c31340484b5e8a26,ngageoint_opensphere
12383,d41cdff0013b10bf2b8b4634e2de4aaeae8ff13a,ngageoint_opensphere
12384,d4236bde4e2e221d61243f20757516f85d727980,ngageoint_opensphere
12385,d4248d4b5a5247cebbe06dc7fa7a479b4f813892,ngageoint_opensphere
12386,d433f55a39d7f26e0f04c07afd2c21b4efc10145,ngageoint_opensphere
12387,d4377dce722b128a8a8bcebdfce41c9eefb02938,ngageoint_opensphere
12388,d437f7c75fa6206d48311912e4141db604e73989,ngageoint_opensphere
12389,d43a9139c98b138c0a90e8098d13d136fe4d5606,ngageoint_opensphere
12390,d446880ff56c81a4fd5b0023ea9c4526b0c1cb7e,ngageoint_opensphere
12391,d447e0b58861a8d76e554f445cacf2552606dbbb,ngageoint_opensphere
12392,d45707aff1ab0ee6134b7007521bc4bb9d641479,ngageoint_opensphere
12393,d46688bb2804bb47e2cbc17eeca4aa716e0a1c33,ngageoint_opensphere
12394,d46b7c4b892e05eda23f76178cdc11dbd0348d01,ngageoint_opensphere
12395,d46d26a577841717029d8e41a9b16b26055a550d,ngageoint_opensphere
12396,d46d3b723648c4ff297461a2fbc345f37920c41d,ngageoint_opensphere
12397,d46deb79bf8a5c2b36e57bb389f08a791d1936d5,ngageoint_opensphere
12398,d46fc6b732c845dcfaa691f40be0c72ae4f1bb8d,ngageoint_opensphere
12399,d471e022540ab73de5fddda960816722c06fffe3,ngageoint_opensphere
12400,d4725becfa71170049f9d7eefc44bedcc8b29160,ngageoint_opensphere
12401,d474eeb17e69d82f635dee9ef2eb4cf629c14bc2,ngageoint_opensphere
12402,d4781282d28a97f9c7c1c98cffcb6e47c032b5c5,ngageoint_opensphere
12403,d47b50a0913e39dfa4d2d047859a2ab51a37538b,ngageoint_opensphere
12404,d486ee151c0b94f8976313db1cfe69e9bb717c09,ngageoint_opensphere
12405,d493c035dab21e1a522fdd1cbc8533388cbc7ef1,ngageoint_opensphere
12406,d49d2a09199969ebc1f008657d0319dd7927d75e,ngageoint_opensphere
12407,d4a36dd5a9719030d6b2e60fc0492697a41bca18,ngageoint_opensphere
12408,d4a67e1256118ddec09192406d4fe9ea00a80d54,ngageoint_opensphere
12409,d4aa2b0cbec7f00c0d9b97132b8d9d0bba7611d4,ngageoint_opensphere
12410,d4acdde009a8438f58dbc7a89dc2520d65f61e3b,ngageoint_opensphere
12411,d4af09881ea9e30315eb2714c557a6db088f6056,ngageoint_opensphere
12412,d4b071e95a0fd44176d48083387a92fc36f08520,ngageoint_opensphere
12413,d4b0f8b1fc3bdd28eabc89687ab889b50bfed6d5,ngageoint_opensphere
12414,d4bd3ef231bc28989c01572686a9a0e99c5905a6,ngageoint_opensphere
12415,d4c51d321762fbd5d6464b8db09d4fb668ba0f25,ngageoint_opensphere
12416,d4cce92a1ce1e2797ef2ec9b0df3ff463fb540a9,ngageoint_opensphere
12417,d4cdc93f12f3552eabbcd953494dfcbad42fad69,ngageoint_opensphere
12418,d4d11bee96e9cafbf575cf196d4a6f0e35dbd256,ngageoint_opensphere
12419,d4d560a3f0dd4e8df33c48565b7a619fb863babf,ngageoint_opensphere
12420,d4d70d88a286c4dce346cbb9a4a10760bc67cd03,ngageoint_opensphere
12421,d4d785b2f55ccdcca960d046b0ba08a2e688a0b3,ngageoint_opensphere
12422,d4d8650044ddf4816b28644f27b4ec5d45921400,ngageoint_opensphere
12423,d4d936b21810bd07e5dbd092f15e5094dd3ae69a,ngageoint_opensphere
12424,d4d9aa35103e266ce2ab14c31444452ea61da530,ngageoint_opensphere
12425,d4daf4c62f1f650e7b0096f962f47efcdfe7eb53,ngageoint_opensphere
12426,d4dcef0cc0f5cb10a46f441370082687df4b5da2,ngageoint_opensphere
12427,d4dfdf3ac1206c342f57f7203039e8181786ac7e,ngageoint_opensphere
12428,d4e0c6e998fec09ec483ef59a5d795602a8ff142,ngageoint_opensphere
12429,d4e963f7d9775c19243b5adb7d7cfcba95843d5c,ngageoint_opensphere
12430,d4ec6d99166d614c2886903c260f4c81c4c2b73d,ngageoint_opensphere
12431,d4f5decc052bf9a6d76a6a17393d46237f79afdb,ngageoint_opensphere
12432,d4f6962cfe87c952a22134f3f8871097b8ffcc75,ngageoint_opensphere
12433,d4f936a380970be1b775790893646c250a10172c,ngageoint_opensphere
12434,d5053ed19bbfe0dc5b05a1171d2ae7f1c7bd9a24,ngageoint_opensphere
12435,d505ac4de9a3a5ff2707223c0c1c7bac5cc85a97,ngageoint_opensphere
12436,d507494d5087a29b696c02c87aaf4df6823d4018,ngageoint_opensphere
12437,d5085cbe1dbfc868869e3cd45d73cb7de7732aa6,ngageoint_opensphere
12438,d50a382c8fcbe4d6f82baa26472b4e0484ac408e,ngageoint_opensphere
12439,d50da8e56a3265efbe4af6e4310216f4adb286b0,ngageoint_opensphere
12440,d50de7adf619e560e846d127d62ad3117e408caa,ngageoint_opensphere
12441,d50e149e71d1d8c3fdbf6cd126595558111ec38c,ngageoint_opensphere
12442,d513524539110d094cb943a038609cc48acec1a7,ngageoint_opensphere
12443,d51b30d2e7c27d8ee33f12c078286895c331e305,ngageoint_opensphere
12444,d51ba091c992926b4e9d7c7256a0d24e32a0e034,ngageoint_opensphere
12445,d520291c417252f08a859afaabb5b508131862d6,ngageoint_opensphere
12446,d5206c25fbbf27d056e482c3729cf06c6dae4c2f,ngageoint_opensphere
12447,d5227331e18ffa73ed32b09c24e0c75ff683b417,ngageoint_opensphere
12448,d52bd73e7c60dcaeeeb1ca5e8a1247b660fc14ed,ngageoint_opensphere
12449,d52fd2b3db0b2ef5203689f78e79f95965dd90e2,ngageoint_opensphere
12450,d530f227c4369b93aec6a9cd96c1cefbe5d7265a,ngageoint_opensphere
12451,d5322dd24c94ba4d9eff16b59b2eb5438bd4c159,ngageoint_opensphere
12452,d543f0c678cd71f39870657d63ea21c69ee0dda5,ngageoint_opensphere
12453,d54686ec90f5d63b4ac01c1c183ce4e2dd4013fe,ngageoint_opensphere
12454,d548cfbc079f5cfd55c84f2b2bc39ec028b70112,ngageoint_opensphere
12455,d54d115debedeeee12c2de4d902aec506aeda67d,ngageoint_opensphere
12456,d54dc821d1af435a1adac3d2253ef74002e5f45a,ngageoint_opensphere
12457,d5565887ed8417a76592639f1fcfa9c774dde8f1,ngageoint_opensphere
12458,d5568b48fb410c68f4620e892d1c798fa4e7a4c0,ngageoint_opensphere
12459,d55874052ea559b3ad3bdaa161df76e2f1a942de,ngageoint_opensphere
12460,d5618c9a8dbec315fb54da358f20b653b2c238b3,ngageoint_opensphere
12461,d56a5aabe40e322c8dae0bb1250bd23e1a665043,ngageoint_opensphere
12462,d56ef3f821e3fe40909792a7d8f427a931b3e299,ngageoint_opensphere
12463,d56f8d087411c8a6980743773ee64c8fe451246a,ngageoint_opensphere
12464,d5729a5510727caa014864a28f48e1e9e296931a,ngageoint_opensphere
12465,d5735349de89128bc72f776cde0d7ce5018f80d8,ngageoint_opensphere
12466,d5735bf5fcb842be4afb7245cf2756283471fd3e,ngageoint_opensphere
12467,d576fffd9d78b783924d1c3eee000bd80912da39,ngageoint_opensphere
12468,d57ab0ad56137a94cb23bc746e36aee552da6cb5,ngageoint_opensphere
12469,d582dfe3d5da557e3698b55e19f36c685fc4cb28,ngageoint_opensphere
12470,d58c2cb3ec20edaadd69498d2a05c08576007438,ngageoint_opensphere
12471,d598ab23861e9cc6114608223ed97485e4934719,ngageoint_opensphere
12472,d598ccecc0069adcaa6025bdb209b2d5f14ad24b,ngageoint_opensphere
12473,d59926b14a8f3eaaf61c08ea8d249d2872e919ca,ngageoint_opensphere
12474,d59bb02bc382cb44e325422707350cbed9cd8ef6,ngageoint_opensphere
12475,d59be0d999229d9abc8037150dfe37195850082a,ngageoint_opensphere
12476,d5a1e58f8d73015b176377546e8130a9378a5a25,ngageoint_opensphere
12477,d5ac9fde7b6bcf384e8076274dae1aa5e448ebfe,ngageoint_opensphere
12478,d5b144f16d98f8fb1db3f4ca64ab02cbd72bd9ad,ngageoint_opensphere
12479,d5b3144824a7f157da5e9875cf0aafa3b8b7d4ef,ngageoint_opensphere
12480,d5b3214aabf7fd429ed0aa843d749b7ce33a734b,ngageoint_opensphere
12481,d5b724ed3f912cc2eca1d01e92db85099521ce39,ngageoint_opensphere
12482,d5bb1b461a936551731b51b6c1ce36f93dafc266,ngageoint_opensphere
12483,d5bef3c2a98b7ff2eaaa741558ae632c7d7785c3,ngageoint_opensphere
12484,d5c331fb51d0754350e4c74b5aa1e1227429d605,ngageoint_opensphere
12485,d5c5133a2e46767989503edf1b487c577246e78c,ngageoint_opensphere
12486,d5c861e11172911473cd6875b3c4c61a18bea6fc,ngageoint_opensphere
12487,d5c8cf16a168609225a005a315c198eb79406a6e,ngageoint_opensphere
12488,d5cdaff0f5951aec42ee4c70cde4a9a355823618,ngageoint_opensphere
12489,d5d15adfc5c796af2415661220bbc2a35191e901,ngageoint_opensphere
12490,d5d17fd50121ec6d7737827901a05e83afbe2cc3,ngageoint_opensphere
12491,d5d2ed52948ade8e269700300698f9d06f7755ab,ngageoint_opensphere
12492,d5d9b7a99feaabdd9064c78ce53268151839dc63,ngageoint_opensphere
12493,d5e1181986c71bebe30b7c186646e90f315a4899,ngageoint_opensphere
12494,d5e1d1173c75bff5e0dbd2de4187b8f0fb539011,ngageoint_opensphere
12495,d5e789fc2ec33182d67f96e143041680575eaac7,ngageoint_opensphere
12496,d5ebdcccb6356f798b8eb5e06dc539ec71540182,ngageoint_opensphere
12497,d5f0b399eb68ab7673e74af21f1ec6a902e94a08,ngageoint_opensphere
12498,d5f1e6f90a7c2220f7955e9966d5bc21d233c8d5,ngageoint_opensphere
12499,d5f39d9cf2371057b2868f91c79881d8662dd2ec,ngageoint_opensphere
12500,d5f603c5ede47fed56bd1583e4c1f97f4d71f41d,ngageoint_opensphere
12501,d60289150045f07906a3c93bcc976e7d6d7599e1,ngageoint_opensphere
12502,d606ba4aade1675aa5a925343812d6f5a6fca449,ngageoint_opensphere
12503,d60f385b9133301fa0ecb22dfe839024cd14957a,ngageoint_opensphere
12504,d61587d3717b8200363ac23e24d4675f1efca788,ngageoint_opensphere
12505,d6195d3c4f30ddb8c9d1f2c425ff5239b6bbdbcd,ngageoint_opensphere
12506,d61aff3991e8ccb0c5ec36d62cf5a753441e926a,ngageoint_opensphere
12507,d61bcaf6268a4209126f5531168e94c2784e2014,ngageoint_opensphere
12508,d625103fb7580e12fcab1b907f065b4f68f82991,ngageoint_opensphere
12509,d63a0ebb16c2ba6ff46bf0002de2a9549a30361a,ngageoint_opensphere
12510,d63c29634ee33d06a4d33df2a87d94912ee201d1,ngageoint_opensphere
12511,d6450ab1d919698e887daf4dd29cad4964c05318,ngageoint_opensphere
12512,d64bb82a58bdd774b25e22481424c2a8e8ba6b52,ngageoint_opensphere
12513,d650db43766edb33b734a89fadd4fa8d4e0ac537,ngageoint_opensphere
12514,d65709f6f5ce54ee9eed05dde9ae4b0d5ff44e30,ngageoint_opensphere
12515,d65ecad2cdfb4042afacde45fc19dea82b9b0703,ngageoint_opensphere
12516,d66625f561d86d3fc95565bc18d61ddeeebeefc9,ngageoint_opensphere
12517,d6674de05d37359aeeb0e598e04c1f6e2462999b,ngageoint_opensphere
12518,d668f930fbce7c7c2d413059044fc1a70960b00a,ngageoint_opensphere
12519,d66d81baee5fdcf18103e614011fea2e8ebcf623,ngageoint_opensphere
12520,d67333b494adfa0cfcfd7a6187993fdf1b92344c,ngageoint_opensphere
12521,d6751aa2e50765825166314b2e0e871115dd7b31,ngageoint_opensphere
12522,d67cca9abf43cf5bef3c1249d42a629350f99805,ngageoint_opensphere
12523,d68119cc0a7f3b5d1da736ac9da9189bbb389c79,ngageoint_opensphere
12524,d683169d9a316dc4bf5d8288c502405b5946f98a,ngageoint_opensphere
12525,d68761af6f528268aec4399e4295f7f9d403033a,ngageoint_opensphere
12526,d688d7700d69ec2b2b7740e67851befbd3e5212f,ngageoint_opensphere
12527,d689df37af45ee6e49997567a199b3ea606acb28,ngageoint_opensphere
12528,d68ced62ccf37607cf2820210f68e506a2ca87bb,ngageoint_opensphere
12529,d69245880e44c620655bd877a9f02f08f976f8b7,ngageoint_opensphere
12530,d69795967b7f61e78103ad6445a7c255aa6f7a8d,ngageoint_opensphere
12531,d6a102a53a71139cf7e16bf6e78420c6619a3eca,ngageoint_opensphere
12532,d6b1790a93bbd8fa37325dd9893baef43841e408,ngageoint_opensphere
12533,d6b2de5b0d0927597a2f995a6b51a25ec600ba1b,ngageoint_opensphere
12534,d6bb0a34efe29a06b3825e7d98eca43acf97ec76,ngageoint_opensphere
12535,d6bb3385b77e5ca13b2645c0f9f6da909cda2202,ngageoint_opensphere
12536,d6c44ad177b29f3722f87fdce2984b63aeaf8712,ngageoint_opensphere
12537,d6c53de819b0573e4caada11f7aa603e673c92c2,ngageoint_opensphere
12538,d6c6e0190acbad060d1c16f25a425fa25bbd2f96,ngageoint_opensphere
12539,d6c7d43315b383a8f26940e06b453549d337aeee,ngageoint_opensphere
12540,d6c7f0f259b159b1af9102d67e08df64b78608fb,ngageoint_opensphere
12541,d6c7f3a86005c9a2e94c6cfcd25105a4882981df,ngageoint_opensphere
12542,d6c8ae6365ba983fcd0ee0b64f2df9e047f0eb29,ngageoint_opensphere
12543,d6d6f281bb8075baea33f025b6afaeed58cf395a,ngageoint_opensphere
12544,d6da236fbff2be31ed9b04367ef6cc19c507532b,ngageoint_opensphere
12545,d6dee2a9b84a8df9f79c50d2720323fbe8d95a69,ngageoint_opensphere
12546,d6dfd852e2b69e5a2239abb7adb178f6150bab3d,ngageoint_opensphere
12547,d6e1533d81f7f9bb7f920cbe18551b1f40e0dd2a,ngageoint_opensphere
12548,d6e21d38288488c9ce4057e7e43b818dc2992439,ngageoint_opensphere
12549,d6e4a6f63450cf7ac006be05b20f9dbd53e64f2a,ngageoint_opensphere
12550,d6eeca11176de9ce231fd2c7bcdabeaa345c1b0a,ngageoint_opensphere
12551,d6f130bfec92b97ed676bfcabd8a7aced118bbb7,ngageoint_opensphere
12552,d6fbc74577eab06f145e38d1ef973fbd767b1c94,ngageoint_opensphere
12553,d701e2c4c19846c0469edc10ac3423acfb206920,ngageoint_opensphere
12554,d7032aad6c27342aa39915c3f86f2998d6e891f2,ngageoint_opensphere
12555,d7111a8acf9b52cb930d91ea60fd5ef5b53b8812,ngageoint_opensphere
12556,d713e97e302be342abb9cb78d20f5695ed19fc8e,ngageoint_opensphere
12557,d71bf468c04875f06aaaa008788cd9a03c470242,ngageoint_opensphere
12558,d725f377b797542064da2691fda967fa9c2548be,ngageoint_opensphere
12559,d7276ca307d408e04c7cf8961b04a8ed3580b022,ngageoint_opensphere
12560,d739af6098f32985578261ca31ba7ca551d3f985,ngageoint_opensphere
12561,d73b4deeb1f2c9fe44e8a2237784debe5e7a7a49,ngageoint_opensphere
12562,d73cb42cf44fa790fb21bf6faa9dbfd8bca764c6,ngageoint_opensphere
12563,d74178692d617c8b33e1779b73780178a0a6c008,ngageoint_opensphere
12564,d745b8f1ede56022310606f427d24f5f8e586d17,ngageoint_opensphere
12565,d74881115f2d7de9952b5d2e6565b701e1c590d6,ngageoint_opensphere
12566,d74993d77d287c41898fc4c8a3e53ac595488542,ngageoint_opensphere
12567,d74baa2d27db7fd8762601ed47d4e1564da453a3,ngageoint_opensphere
12568,d74bd51c27c0588465e06c4bb71b21beecbd4d66,ngageoint_opensphere
12569,d751d769aff0941c3f08d483360686e97ab042cf,ngageoint_opensphere
12570,d7555a39f6799e9cc519f28aacb329047e38bd37,ngageoint_opensphere
12571,d75dde2bf248876908b7aa99ea0525e3b0781a2d,ngageoint_opensphere
12572,d764f2add5d1a1c6c5e2311c6c6664ee4921e4f1,ngageoint_opensphere
12573,d76c2a54ac9a43e3c9a10f9d911eb79d098469a6,ngageoint_opensphere
12574,d76da1ff04847e8a275f74cf864740620159d65e,ngageoint_opensphere
12575,d77430159485aa79c029790e162ea337a5ca07ba,ngageoint_opensphere
12576,d7750129ac8fdc1cab9b3d82ab608e1a23ea808d,ngageoint_opensphere
12577,d77a6d248ccdc8b7d905d48e014e906dda4b1f21,ngageoint_opensphere
12578,d77d4f5baa20bd026144b48c3fc6c513d5efda40,ngageoint_opensphere
12579,d782786e208b4094a6f13a6bc0ee436552c0403a,ngageoint_opensphere
12580,d7872fe5df3239ef4df42ab21b6286851caec8f7,ngageoint_opensphere
12581,d78aeac87b29f32b352d6ce6a7a9e74f170aca6f,ngageoint_opensphere
12582,d78bc267bb7acdf1e33c524ed51ad240af6343dc,ngageoint_opensphere
12583,d78d4f607d19c9325dc111787e7ddefb971f8017,ngageoint_opensphere
12584,d78d699118d8dd047a2fdeccc5f0568a49084c83,ngageoint_opensphere
12585,d78e3b73189589a599470e6ddd29a09858706211,ngageoint_opensphere
12586,d78fb5e5513dfd979517175d69e88117b38334b0,ngageoint_opensphere
12587,d7959f2a0428ad5ce07a989d0bfe84400a46a7ff,ngageoint_opensphere
12588,d7a008d592eb4d86ac0eeb74044c0cf8f0be71ea,ngageoint_opensphere
12589,d7aff541c48660cc2c3de10b0853150135278f48,ngageoint_opensphere
12590,d7be32006a31d5b971c37cf8c907cbbd938fd4f4,ngageoint_opensphere
12591,d7cb8a54d6cf6c90bdd2c460d0bcd0af0cc63b53,ngageoint_opensphere
12592,d7ce7a028fa75f48b7fe9f371b96bb033d700cbc,ngageoint_opensphere
12593,d7cfdb6bc07edfb8a715efa751fefb1b46c86dce,ngageoint_opensphere
12594,d7d0782c2d54efaaa07842292caf43c10ae6a0e1,ngageoint_opensphere
12595,d7d469e69eba87e90c23f2354958d9c8d0b8c848,ngageoint_opensphere
12596,d7d478609c145c3c2422e0bffdc6fc0696a36ea1,ngageoint_opensphere
12597,d7e00896312157ac55e971dee32f0f16ae188180,ngageoint_opensphere
12598,d7e16515bf9128a89163f0b9a7913fe0408d4b8b,ngageoint_opensphere
12599,d7e4302f9e4be9e009b4417bed51fa22779835ea,ngageoint_opensphere
12600,d7eb5f1d6036d8da733800342280e7fccf42c73d,ngageoint_opensphere
12601,d7f25e6ecfc7c28cb2ef8eb484b395e2f313bc45,ngageoint_opensphere
12602,d7f4c56e7c4415391ee9d75fa2aa4bfa4ac5d85d,ngageoint_opensphere
12603,d7f7d5b79f345b8bae30660975351f535c697ef9,ngageoint_opensphere
12604,d7f866ed7bc0b552da94056b2364701e96aa583c,ngageoint_opensphere
12605,d7fac625baed012f0944b0f990ed1c9f3bcae407,ngageoint_opensphere
12606,d7fc7de9fd48143a697091993b09876f591c6b4a,ngageoint_opensphere
12607,d7fead859a7e4b1452824a5bd3f64dd2db02d7be,ngageoint_opensphere
12608,d80121a6e9abcaabeb567f85ae929023a55e7341,ngageoint_opensphere
12609,d80372e3aab1668abaa5ab7daf23861ce791711e,ngageoint_opensphere
12610,d808dd1504fe387c6be1d0d04692dccd263c6588,ngageoint_opensphere
12611,d818fb5be70218c6b3567c7abe63d87e758d46d8,ngageoint_opensphere
12612,d81c88b94362288d7f7b4973e536a1ab7ee63826,ngageoint_opensphere
12613,d824bd095ece9078911df6e43a928237ff5d0395,ngageoint_opensphere
12614,d827ebcd1f6d614b4ed1b9b713cf8eb3e574ccd8,ngageoint_opensphere
12615,d82c227959957c97d2600ab3d463e30874818dab,ngageoint_opensphere
12616,d82d035942f80bb0b4978e504185e37f8b4738c6,ngageoint_opensphere
12617,d82e872e115472036f10453400d440532ce0ff6d,ngageoint_opensphere
12618,d82ea90dc8766b3a6af191d43111a6365543fb88,ngageoint_opensphere
12619,d83e4e455ee779390f8972933a3d6b40b69654ad,ngageoint_opensphere
12620,d8426227160241345c70f27afe19e4ac9cd40bd8,ngageoint_opensphere
12621,d84753d4212e48727d991287afba9eb7a9180e6f,ngageoint_opensphere
12622,d84b4695bef441bc418d014e517d2780ad022d32,ngageoint_opensphere
12623,d84bfe7c50877d8f186ad5bae775dd5d34fc2566,ngageoint_opensphere
12624,d85089768a44421909b162315298de6f38353af7,ngageoint_opensphere
12625,d8531030425144857aef416b72061d3bba06712c,ngageoint_opensphere
12626,d857208f90e2a2d11553846a3b87c6650069aa72,ngageoint_opensphere
12627,d857e195562f39ef93ab23337dd8fa7c65568010,ngageoint_opensphere
12628,d85c413fa0c676c660c25ee434e8c5c62cc62eda,ngageoint_opensphere
12629,d8646de4aa49437107a875815855cb2fed505f32,ngageoint_opensphere
12630,d86e1c183966302651db6fc4e9f140bf5636db33,ngageoint_opensphere
12631,d87706922195a0517a049699726c2a8365566ae6,ngageoint_opensphere
12632,d877d684fd2a67919387098a6873d97b81fbe930,ngageoint_opensphere
12633,d87844aa6cdd1f9cc91e69a7cceadd72b1bcc6b2,ngageoint_opensphere
12634,d888269ad1580a78668c078f3f1ebc99cb308368,ngageoint_opensphere
12635,d88cb03592e18761b89026ce7d1787cb6eb0ebe0,ngageoint_opensphere
12636,d89b6c46068dc78263d91eb7ada48bf9e77fc749,ngageoint_opensphere
12637,d89d35c60398b300ece6465b9e42ef2a4d659ba0,ngageoint_opensphere
12638,d89eeb0084fe16545fbb5467fb22515df713e268,ngageoint_opensphere
12639,d8a222a9fb45a52a353da4a741a2eb95ac81487c,ngageoint_opensphere
12640,d8a5dae8e1001aa4279b1046f6a291015fa38037,ngageoint_opensphere
12641,d8a776826cb0bdab3d63ed5d55bc2ccf4bb97965,ngageoint_opensphere
12642,d8a847f72aef71098d8705546f867836d55d6d4f,ngageoint_opensphere
12643,d8ade8bebd6a390672d4d990f6f70d809f8501f1,ngageoint_opensphere
12644,d8b3fbfd172f141deb7801b02a7e05cad3cc48ce,ngageoint_opensphere
12645,d8b4aefb088e0d79e445fc6c9e1d927946a5022f,ngageoint_opensphere
12646,d8bc39b35dc02f833d5221c4d5816ea85ff089ed,ngageoint_opensphere
12647,d8cfd930c03f23ea8d8fda287ddd19d4ddba6d0c,ngageoint_opensphere
12648,d8d081321b49e4a147dc43bb16a15ce7b9668fe6,ngageoint_opensphere
12649,d8d61f7102e313abef121a4f4bdedaea578189ec,ngageoint_opensphere
12650,d8d82117cc707581dcdf22599acd65ba103906de,ngageoint_opensphere
12651,d8db5328054b9b8484c4f565daba1242b8877a20,ngageoint_opensphere
12652,d8dc53c8d505d7746c2ff16ad364e44fd9b3f972,ngageoint_opensphere
12653,d8e2bb035e264c05cee176e7ca335173bb669b17,ngageoint_opensphere
12654,d8e45d07e2efd69b5c1e449f0307f97bb167bd7f,ngageoint_opensphere
12655,d8e4dd240f9e4503ad27f72912852a9623c3dee8,ngageoint_opensphere
12656,d8f1d07732d0130bf89ef8510df4f733970d2e35,ngageoint_opensphere
12657,d8fc5435cc0926adeddbd7fa4d661307b6aaedcd,ngageoint_opensphere
12658,d8fe6458f85a5506f35f9f593908303cbf89e89b,ngageoint_opensphere
12659,d9037ca0bff6719fd4ea37b7958c8a3dc3f9df24,ngageoint_opensphere
12660,d904b357e5477c2e10ff40cf14312f320ab710d8,ngageoint_opensphere
12661,d904c9ed48d8c7871c6bbe3f0540a5d1f20c8acd,ngageoint_opensphere
12662,d904e20ebbd650dc655ada57f1ef1e1ec57f8956,ngageoint_opensphere
12663,d909841260042b07d18cc33a13549542919864a2,ngageoint_opensphere
12664,d90ba52ec61f15ecb76a7502fd431b36daec398a,ngageoint_opensphere
12665,d9128dd97cdb78a938c75510dcc5f0e3a37c8db8,ngageoint_opensphere
12666,d917f33eb2036f161ce5937d291dcaeafe77b8c4,ngageoint_opensphere
12667,d91d85038ca924f2e2b79cf411646bab45930f39,ngageoint_opensphere
12668,d91fa2c8660f4b1d8c1598c50f85126f63837c13,ngageoint_opensphere
12669,d91fc0f8589e6a5d77572df1b534cf37eb899970,ngageoint_opensphere
12670,d928b7c71ae9c5610f80fd15aa8b3e3c603b0fbe,ngageoint_opensphere
12671,d928fc6cec2f5635ca905d8d30c3655d1a02acdd,ngageoint_opensphere
12672,d93a2ecaa35c295da052631f80d7fae689abe2ab,ngageoint_opensphere
12673,d94128e58ffb26c60f7115c661459f6e2141c65e,ngageoint_opensphere
12674,d9417823a1d1886ebc7bc464b29e9b33245cc005,ngageoint_opensphere
12675,d9422eb7f54afb3306b9bad8947b3a8cd1d319f2,ngageoint_opensphere
12676,d943a1d176b6d9d8866090050c6c6041800f9be6,ngageoint_opensphere
12677,d94a7761543c1ebfd57c0fc9b6ae640758cde16a,ngageoint_opensphere
12678,d94b96c3d48c114bb9b369e0181c528e04769cdb,ngageoint_opensphere
12679,d951bee38774e09dfb31c017c837a13588f7773d,ngageoint_opensphere
12680,d9520b639acaf17b1512735a1f372fe17f0eb031,ngageoint_opensphere
12681,d96790ef5f419be3cf4f93b8e5c508225f2e324f,ngageoint_opensphere
12682,d9695505a0295100a35056245eafba3481a0869a,ngageoint_opensphere
12683,d96a6931258624bd00e35174a5190d35c8aadea7,ngageoint_opensphere
12684,d97010f6283dcc796a2eb9ba0fca41a8cb5804f2,ngageoint_opensphere
12685,d973042d18968b552d3dc6a6b343594526f419fb,ngageoint_opensphere
12686,d97f027f8147098efc681f6f6eda7aae5832fd2b,ngageoint_opensphere
12687,d98395836e4ccf67726605085a41692707a04e4c,ngageoint_opensphere
12688,d99455ee736dbfc265f1fa38427ffd8ff684ae1b,ngageoint_opensphere
12689,d99683fd197778ce9171f8501bfab6c0e52f932a,ngageoint_opensphere
12690,d997ff68655d9773e656758495a2f3e02587efe2,ngageoint_opensphere
12691,d998f5b386a515ba093d54ffacc49d712a1b82d5,ngageoint_opensphere
12692,d999b77ce967c85306ecffeb2a426b77540d00b6,ngageoint_opensphere
12693,d9a5287239522e2ceebc169c38d54e8d935795a6,ngageoint_opensphere
12694,d9a56c99c536d53d3182f63041010d9d9c605fc3,ngageoint_opensphere
12695,d9b2689e80632cdbc5c8108bc49347a56f9dc25f,ngageoint_opensphere
12696,d9b58a8f7925b5dbaac08d85d69cef923a4f4c05,ngageoint_opensphere
12697,d9bbfbbc94eab67cf047e8375971c8547a27eb77,ngageoint_opensphere
12698,d9c0152177634f4ec0071fd67a7053f609a7bf4c,ngageoint_opensphere
12699,d9c76f481167a636dc5ed3ed1c9b77ad54dcc5d1,ngageoint_opensphere
12700,d9c86587be535d1c15a73054a6f704ebafc41c9d,ngageoint_opensphere
12701,d9c8fa7552a662fd347cbdf5f269569de0751ac0,ngageoint_opensphere
12702,d9cf19e1b5cb475e629c12419ef1bac14a4e9c49,ngageoint_opensphere
12703,d9d895dfa4f0be0f2b7f6d6b0ab360958c1e27aa,ngageoint_opensphere
12704,d9d922adcda0780cd94e00535cf09f96073b6d94,ngageoint_opensphere
12705,d9e795b69c1dced807795688ec1055e57e7d85db,ngageoint_opensphere
12706,d9f192e2879af314010986aae8e82375bec8994b,ngageoint_opensphere
12707,d9f2764fac0e9716d2160ceca1baaa238365e01c,ngageoint_opensphere
12708,d9fd1500611f5ca6580ffd12de72da444301fade,ngageoint_opensphere
12709,d9ff90aeccd535fd1afca71617c59e25538032dc,ngageoint_opensphere
12710,da00f8258a0c8a5ac7df2635f4602d31ee8420cb,ngageoint_opensphere
12711,da04a55c8689764f5372cd00b34725c293b6e10e,ngageoint_opensphere
12712,da0775fa30a3a6630ec5ae5acff77873f5019ea0,ngageoint_opensphere
12713,da0937e5b74b97063d354e5bf146eb89ce0b6ccc,ngageoint_opensphere
12714,da09ba66ea542ec3a492ec79bb190719eb01cac4,ngageoint_opensphere
12715,da0e4c6dd4e42fe5098713ed647849f9f6628799,ngageoint_opensphere
12716,da1b4fb743e5f2b4440995e0c055665bcf1097c0,ngageoint_opensphere
12717,da1ca2a0164bf0d4887a113d87373960dddd2b49,ngageoint_opensphere
12718,da1d9197c9c31fc51da6928c940eec87c072f87b,ngageoint_opensphere
12719,da23e1bf884c4f8d6a0970b78b1d19f43a8b5bcb,ngageoint_opensphere
12720,da2f306b7d19c3aaddf84d3ab920161bf55f2b27,ngageoint_opensphere
12721,da2f77cd71fb0f286c03616d21a6acaae0947d69,ngageoint_opensphere
12722,da30f3567784488d016305e7dbb6e10db843d7aa,ngageoint_opensphere
12723,da33e486d0de53143187388576b54b9e4451c30e,ngageoint_opensphere
12724,da361450d74bbd685dfae4466d9a474a9a7c45f7,ngageoint_opensphere
12725,da3dc6070c326e07e09d2bcaa465fc80db7b98f8,ngageoint_opensphere
12726,da3f4e702c00703d8ec51e6329c333dd629a9fa1,ngageoint_opensphere
12727,da4718799a6a3a71e483b51b6ad9838de97ef885,ngageoint_opensphere
12728,da5236ced7151097f9e89495e5b25ecdb43f9da4,ngageoint_opensphere
12729,da573ecfaa668c7bd868d92af7aba24f8add72f5,ngageoint_opensphere
12730,da5934f78c0fb8deff49380f03ce3cd541a6e3c5,ngageoint_opensphere
12731,da5d5e3fa35b713b6ed243cf61d2b700ff068f42,ngageoint_opensphere
12732,da5e1b66f3d68d11c45f22c8011c69f1ba67e649,ngageoint_opensphere
12733,da6129d280f2a07056e3d4674361613a871a2a7e,ngageoint_opensphere
12734,da620730af754c4441858cb136bbd7ac23c9f4ce,ngageoint_opensphere
12735,da62879b75cf0d07884320e7c8e06723d75ee975,ngageoint_opensphere
12736,da6623225b35dd038f1ea11883629e3037eb7ed3,ngageoint_opensphere
12737,da66ca24236ebb1ff7973f8cdf1ba368d9f04648,ngageoint_opensphere
12738,da6aa6ab899b195bd4785c88f8b8a7fe30d961bb,ngageoint_opensphere
12739,da6ac29c52e16dd52d32a6275444afea992839f2,ngageoint_opensphere
12740,da6b694aa53df8f2fce470776ca94cc4dc4dc6cb,ngageoint_opensphere
12741,da70d22812a6c6f38bf05c1777b0805b957b4d0a,ngageoint_opensphere
12742,da7150c3a11042f9d5d095b2c7f3c26463867308,ngageoint_opensphere
12743,da727f4fe246739b4573e43a44510f69e0657c6c,ngageoint_opensphere
12744,da7358ae1754949251428b026c2fb4bcd12ede22,ngageoint_opensphere
12745,da78925e88a69e4750e639681a44762ae74a1b9a,ngageoint_opensphere
12746,da7b39c58f1c09dc44c72a3b278d33007891891f,ngageoint_opensphere
12747,da85ca455817e26fcacd355962a777d1e962ca19,ngageoint_opensphere
12748,da86a6c2bbbb82f5af9451e15029a0a148d81055,ngageoint_opensphere
12749,da9a19a2dd1d91bc589783fa1f270e51e9f669f2,ngageoint_opensphere
12750,daab5d770659c262528917d685ec0238d786d47a,ngageoint_opensphere
12751,daad8a4f2e3118a24546d40090cf078006a20a04,ngageoint_opensphere
12752,dab2b53b0bae8ca179649fc7f288e047b2bd654c,ngageoint_opensphere
12753,dab2c15b6e0f5f7aa0a71b143b6a3a78724ca72e,ngageoint_opensphere
12754,dab3c97428bf6db8d7e415e82fdc2e596a8dd121,ngageoint_opensphere
12755,dab4484ce4b599428d8249b50483357ba419d6a3,ngageoint_opensphere
12756,daba541cee1dc57092c8525543a3238bda5fd8eb,ngageoint_opensphere
12757,dac0c015bd48c2b8e8cecddb73711e709a9faa8c,ngageoint_opensphere
12758,dac9604618aa0ed6a068dad3e5f4fee71ee8bb23,ngageoint_opensphere
12759,dacaa346e89205b2f7c0475430031661194ad136,ngageoint_opensphere
12760,dad1466636f08de6dfe5f15979d252dd07a7a899,ngageoint_opensphere
12761,dad416921122ac4c36516a6b3d55ab374413fbad,ngageoint_opensphere
12762,dad4ab9bc0413b9a6642deda4ed648490e3fbb44,ngageoint_opensphere
12763,dadc42862c01a72775abae9f405f2ba31904eadb,ngageoint_opensphere
12764,dadfe1d9dd9783f40c5693aa3ea7b075c0b27415,ngageoint_opensphere
12765,dae0e206443fdb6c62e21b1f753666fe60ebc2b7,ngageoint_opensphere
12766,dae46ab7f08db12e93db0d9d8c47f85bcabb97ff,ngageoint_opensphere
12767,dae56e31f801ab609bf4b4c65fe7d9323ed66e8f,ngageoint_opensphere
12768,dae92385df70a770c6fa8fd803fe6dc7dc0a5d47,ngageoint_opensphere
12769,daed0d14777e410f1a5a1e63835ccbae8af8255c,ngageoint_opensphere
12770,daee87f1ff88cc23d876fd3e0f42a206b62d4b00,ngageoint_opensphere
12771,daef40e1148146dc5c703b3048e4070651603d33,ngageoint_opensphere
12772,daf200778b7c05f682381015622ef93ca33a1c41,ngageoint_opensphere
12773,daf43f5ded5c013c8d78f155412f5d0416abd352,ngageoint_opensphere
12774,daf65b43ae5d8ded15271586b8752472b45b8859,ngageoint_opensphere
12775,daf81116849b3e107ec2a403915effa325fadde6,ngageoint_opensphere
12776,daf87a9fd9ff51d40722656ff644d91176731d8d,ngageoint_opensphere
12777,dafb4c297276fb5ab6f59b3b75c9549396c2b9aa,ngageoint_opensphere
12778,dafbd71e69f75a01a9672cfc960430a61943e26f,ngageoint_opensphere
12779,db069050cbafcc2c060561e79b14cdd85b764460,ngageoint_opensphere
12780,db074032d9ff7cb119f0bca9f63ac998a284a190,ngageoint_opensphere
12781,db07d89d022207dfd5159215a170b684fbbfce90,ngageoint_opensphere
12782,db17a52f931560e732461256cd141d5531b4db10,ngageoint_opensphere
12783,db1fa1585a5f752bf59beb76f3f96e4f4151aae2,ngageoint_opensphere
12784,db232fe5ed13da59bdefa47d09161a703ba8ab08,ngageoint_opensphere
12785,db251cd34c1271442fc536dd70a6f86d3440951c,ngageoint_opensphere
12786,db2d1046f3a9573ac154b86f10b9604f3c6a6eed,ngageoint_opensphere
12787,db2f2ad4fb152d8530619aee10052f1e6313523e,ngageoint_opensphere
12788,db349e98cd4a20dc6ea34493f078792ef26d58f1,ngageoint_opensphere
12789,db38e4b76f75d81d6db410e0ed2721878ca56cf1,ngageoint_opensphere
12790,db3c78ffeae631483f8d9cc5ca7daf45b30bd0cf,ngageoint_opensphere
12791,db3d1d29b28e28fbbd5cf1593a419d3046021d5a,ngageoint_opensphere
12792,db3fb315d05e46088974cdd4d90d28efc86bf9cb,ngageoint_opensphere
12793,db42f74ff3fd7a04e3b6e22dbc3aae40930aad95,ngageoint_opensphere
12794,db46ab30d133660897985977e5da260b5154b4fd,ngageoint_opensphere
12795,db4737dc4b54677aa872fce46a394b8f8513c26d,ngageoint_opensphere
12796,db4d8c9923f21a6fae4f291bb25b91a1427b2af4,ngageoint_opensphere
12797,db4ff2620970b781c8666e691dad482fa726c7e1,ngageoint_opensphere
12798,db58135061fd631a8a18ca6f3d242bd363288553,ngageoint_opensphere
12799,db749d3e2350caae2efd485d71d22f3c969af7c1,ngageoint_opensphere
12800,db753b25a0cbcce4c0dd20a73bae21c0457e7c84,ngageoint_opensphere
12801,db785f19e22818c0ff3f543da5878a6a1225e880,ngageoint_opensphere
12802,db7fb77c778c4bd49ed31122df3170158d45f5b1,ngageoint_opensphere
12803,db7fe922b035b2b6178dc0b20d68399aae64fe19,ngageoint_opensphere
12804,db84411050af670b0ed10bef76a1bd6dfc3b2f18,ngageoint_opensphere
12805,db8867270636963aba322063da96663e89fc5910,ngageoint_opensphere
12806,db8a40ee16cbf88747a3f704b413801858e6f67f,ngageoint_opensphere
12807,db8e535a2ac7fc4864ee5e2aef2f77f759accc02,ngageoint_opensphere
12808,db9463ecba326867b903be224cc799d512f71851,ngageoint_opensphere
12809,db96ad70d250b66942fea7c2c2a2b2c1c308b253,ngageoint_opensphere
12810,db9da934160b436894e4923611e57b0b9b646722,ngageoint_opensphere
12811,dba32d9aa46994fb9bf7fb59ead926639d304bb4,ngageoint_opensphere
12812,dbaba8a95a957abb30d880ba476ce3def17237cf,ngageoint_opensphere
12813,dbac6ec0d44663837d81f60ff4601fbff47877dd,ngageoint_opensphere
12814,dbb0786d64eef93222392ad762dcb26ca9260fb9,ngageoint_opensphere
12815,dbb5fec240e2827917fd2e214b8fdade913759c7,ngageoint_opensphere
12816,dbbb9c6ed089b3e171f8503ac72b78b137ebbfb7,ngageoint_opensphere
12817,dbbee61ab7f234dda7e25661669ddce02ef26667,ngageoint_opensphere
12818,dbbf783fc0ec01574c0165af21d33d178bc13879,ngageoint_opensphere
12819,dbcc9feb00393e464bc6762a175e95119c4c9a3b,ngageoint_opensphere
12820,dbd6b41a045da6c34741d4a3e2fb32b29134fdd6,ngageoint_opensphere
12821,dbd8f278c1e6fdb83d23aa590cca50329b3233f7,ngageoint_opensphere
12822,dbd960719168bde6e8e753f0211a1c97184f0a9b,ngageoint_opensphere
12823,dbe620887a7f993af36f48c346613082ad42ae76,ngageoint_opensphere
12824,dbe9ce99b52c11fe12d0dc9e3d53a7a5b1f26db3,ngageoint_opensphere
12825,dbeaad5fc264d092de61cbcf840d2e616d4437c2,ngageoint_opensphere
12826,dbf3d0bb00d2a77e233efd696af7b4c5812d45b7,ngageoint_opensphere
12827,dbf4877babd683a9094d97613257dc2a495788bd,ngageoint_opensphere
12828,dbf8815e45c560ef7dc4626961b6f6c9e4d47e77,ngageoint_opensphere
12829,dbfc91ef0b2bb620f2948bc99954e200be7c6425,ngageoint_opensphere
12830,dc04d632a324c57fec9a79c537d727f781518f6e,ngageoint_opensphere
12831,dc0ac80b0c36b00304337774f3a2a57f4c0208b8,ngageoint_opensphere
12832,dc101c50a8fcda54cdcd84799e3228b6cb93015b,ngageoint_opensphere
12833,dc10a2e10b87aaabe80ca1048747658572fc6cd0,ngageoint_opensphere
12834,dc12b249a0493ec3b37e98d1821e857b91a4e2d1,ngageoint_opensphere
12835,dc15c18441a1fa7c36dc9b2c241eab4716c84a08,ngageoint_opensphere
12836,dc1be96ceeaf016fbc33ceacced10efaf09ded5a,ngageoint_opensphere
12837,dc243361278fa2a7532461c7dd0a557ea40d2e7c,ngageoint_opensphere
12838,dc263cfa5e957e9e80d234a0b1f397e72603c3a8,ngageoint_opensphere
12839,dc2c64cacb9755f54205636682e4ec9c68247bfb,ngageoint_opensphere
12840,dc2ebb545e78cb81338d58595fe2c84c6933ac83,ngageoint_opensphere
12841,dc32b59d1047a249948ebcd00c7a33dda38a9aad,ngageoint_opensphere
12842,dc35835953b1bb06e5d003d68930b8927c4547d6,ngageoint_opensphere
12843,dc41bec988b0decdd4d183ff2cf5b74f8dae1ef6,ngageoint_opensphere
12844,dc45fd94e481da54e0a7d5c3e03d3320dd607dec,ngageoint_opensphere
12845,dc4b6a599db287b9e5f30d228fcba6134cc5b2c4,ngageoint_opensphere
12846,dc50c3bc5b4ae56ad613da8abeed88c78da55e78,ngageoint_opensphere
12847,dc51b1faf6a76f6d26d993dad71c024f2bbedd43,ngageoint_opensphere
12848,dc590583ff64e5f7a79ce46be6d9ad889432ea12,ngageoint_opensphere
12849,dc5f0d303acac0248544c01dd6ebcdb4b3f6ff7d,ngageoint_opensphere
12850,dc6175036f78aa2b481ed4395309372c04045153,ngageoint_opensphere
12851,dc61a8379003e0791693adeacd7c0cddf0ffa8f4,ngageoint_opensphere
12852,dc61f364eadd0fd1b9b385a960027de4d3bc9f28,ngageoint_opensphere
12853,dc653f440c02e54b5dcb133b202a44b4bc0fc5a7,ngageoint_opensphere
12854,dc6df71907e65fb45122d4eb7d5d5bc8b5157f07,ngageoint_opensphere
12855,dc6f339b6e1c373cf2456a1bdf928b2bcf6acc5e,ngageoint_opensphere
12856,dc7089c665b69459571bce8f6b2f6c7310bf8b60,ngageoint_opensphere
12857,dc7aad506c082a575cf4dc2860682aa722e5817e,ngageoint_opensphere
12858,dc7af5848320bdf47b3390f9b70a05c05db4ce31,ngageoint_opensphere
12859,dc7e73dae8ee2879d94fa5954fafafeb634e7403,ngageoint_opensphere
12860,dc88e271b2fa4d677ad29e9f3bd107e5b385a6cd,ngageoint_opensphere
12861,dc8af1d9470f7a06184c5b4c1bfdc3be49e16a9d,ngageoint_opensphere
12862,dc8fb72215ac5408cafb3c227fe5ac6d7f4348e1,ngageoint_opensphere
12863,dc9783540ffa3872abc924b68bed942ccf456890,ngageoint_opensphere
12864,dca6763b579e237d26e796dbbf7da5218438e128,ngageoint_opensphere
12865,dcac078530d123e5ae9c595fa777ecc12bc54955,ngageoint_opensphere
12866,dcac59e0d54b82913256c4d603ca46d320a9c769,ngageoint_opensphere
12867,dcb13c129bbde440f9e7b002b30fd7ab5c7761da,ngageoint_opensphere
12868,dcb6ff683154187d47033d8fa511ca46160c42f2,ngageoint_opensphere
12869,dcbff83b7807ec658e67dfcc072081768b0d782b,ngageoint_opensphere
12870,dcc60583dcacb36c0033fe6376fedb1c9712216f,ngageoint_opensphere
12871,dccee653e67870bb59484f99333f6a153613256e,ngageoint_opensphere
12872,dcd12f919a780fab6c098a4c6276f4184324fd05,ngageoint_opensphere
12873,dcd459b368f290033ffda14fb33fc21a887c5e82,ngageoint_opensphere
12874,dce4a033acf45630dd067d41ebc3809ae584220b,ngageoint_opensphere
12875,dce7589ad81aaf3b294a4c32900ce41babae974b,ngageoint_opensphere
12876,dce877568331993c12c11373e7dd313c46f12945,ngageoint_opensphere
12877,dced637ff44cfb4d46a490f4d802398aa3f1d0a0,ngageoint_opensphere
12878,dd07bf3dd4318dbf1fe7d946cb93e45a0c448eec,ngageoint_opensphere
12879,dd09e23486f281109dd8784c3ce0250278a8f11c,ngageoint_opensphere
12880,dd0cb3b000f6841842d73319ad0c069c8f11d2d7,ngageoint_opensphere
12881,dd1700ea9974e2d385d4eaa357606dcdff4899b6,ngageoint_opensphere
12882,dd1825afd6c39436b6a6113e4ae4df67540c213b,ngageoint_opensphere
12883,dd1ee021695c2376e95dd0cd63c02c29a8404e5c,ngageoint_opensphere
12884,dd1efb46599a73f43d871085e19dd0fce300be4b,ngageoint_opensphere
12885,dd1f4c5577c1792104dde560e542613cc03e1700,ngageoint_opensphere
12886,dd23ce424e53b46fa4bb859c7664e3af76b03f97,ngageoint_opensphere
12887,dd2c4e3b58bef3b80088074af3f5cf929b05397d,ngageoint_opensphere
12888,dd3e409ef452a81739267c0146c815ace0763e10,ngageoint_opensphere
12889,dd3f4626130f615d8540c1e5a3c28e9dafa68d56,ngageoint_opensphere
12890,dd4ef1e406217c7717e426c91642b2b448aabd57,ngageoint_opensphere
12891,dd50ba48d162af7bfb9fe16984ee8b763c9bc6da,ngageoint_opensphere
12892,dd525ad4dcfc9139e00ec9684c67df957393dc39,ngageoint_opensphere
12893,dd53064186ce55017645ec510330ef7d827a17aa,ngageoint_opensphere
12894,dd53d238ce9d2d0bf2102d5b6d1d16d69692e068,ngageoint_opensphere
12895,dd541b8d8906fd29a6077977b3f77405a8defdbd,ngageoint_opensphere
12896,dd56ba3611b23247e672e44a461f30890881cadb,ngageoint_opensphere
12897,dd5f62e5d72041594813c6b50c87f195ddb74273,ngageoint_opensphere
12898,dd68f12c775a2703f90e334a034825cbfa330ff5,ngageoint_opensphere
12899,dd70c9953561f1d156e86a1a4b0bb06fe8e74ac8,ngageoint_opensphere
12900,dd7a2c1eac38aa6f4203264cb83751d1a14212ed,ngageoint_opensphere
12901,dd7d247c4d5a4b45a0a94fbfb2653fdd9b2c4d11,ngageoint_opensphere
12902,dd8497e27a01ada4282b377b0de40a90463fe827,ngageoint_opensphere
12903,dd8fa699d9aa614e23e2f34e3c0523eb6aa9b8d8,ngageoint_opensphere
12904,dd91ef0150c20c9b52d56939a7d697571f5b51f6,ngageoint_opensphere
12905,dd94beb5f9773a46fbdb59a4fe37064d948795d1,ngageoint_opensphere
12906,dd9905703aa711c3e7391c408fad740980c9707c,ngageoint_opensphere
12907,dda0e7a9f32d9844558c56bcf0c3b404e2b92b3d,ngageoint_opensphere
12908,dda1ca43b0da25c67bae98b0e0ad897ec44c8708,ngageoint_opensphere
12909,dda2c9f43acc07977ff9054e3fa4cf8e317e1048,ngageoint_opensphere
12910,dda3b14bb823be9991ace11db55e2bb4891c456e,ngageoint_opensphere
12911,dda3b6b66d6eb6e717a1c4a45bd452e27f7eff4b,ngageoint_opensphere
12912,dda900b5749d1d0af69b4f9a8cfa5ca1018c55c2,ngageoint_opensphere
12913,ddb13270e8d3aa4540403db5f918cf04cefae713,ngageoint_opensphere
12914,ddb21902708e6f4fa79a5ed18c61060589b4eab4,ngageoint_opensphere
12915,ddbb6bbc59a2cdd7e0c7687f97f220dabfba583b,ngageoint_opensphere
12916,ddbd0acb876729ae5850483964cd06bd90534450,ngageoint_opensphere
12917,ddc2d2e73a4f326aab488e51a4f551cd62884267,ngageoint_opensphere
12918,ddc38f518b695204d75fd12147657227e1ad10f3,ngageoint_opensphere
12919,ddc4236751db085156cca864e7c9a055ad0946a6,ngageoint_opensphere
12920,ddc5567e2554acbb0aeef64676dd27474d79e1dc,ngageoint_opensphere
12921,ddc657a41dd69309447b0dba9d4cf170572383e7,ngageoint_opensphere
12922,ddcac6fd49db938a7371719b9577129bb4461c3a,ngageoint_opensphere
12923,ddcb0f88356ab56415ffc58c2d9f64e934994460,ngageoint_opensphere
12924,ddcfd0a7b6fbe5a779f52401a6fb4a329b51f05e,ngageoint_opensphere
12925,ddd0d8e14a3fd33fbef2661fd348638d09470f23,ngageoint_opensphere
12926,dde11c7919bf776d27f9b93e25ecea66e7dacb38,ngageoint_opensphere
12927,dde431c3483bb38c74680a6018a447596f4a7e2b,ngageoint_opensphere
12928,ddef9b137b9a3561b165762e3360199ac241245b,ngageoint_opensphere
12929,ddf6d6a2f08a791765df9b15ebd2c13166245a93,ngageoint_opensphere
12930,ddf7fc32298585ab79fdec78c6ccbea46fbde9d1,ngageoint_opensphere
12931,ddf827bb37b49f6b9f1363409334cb7b98aecaa3,ngageoint_opensphere
12932,ddfb73f7c019c6d7a54a8c3905f519c62fb49dda,ngageoint_opensphere
12933,ddfd0b01e40461e0c3065fac2b331b472bb39586,ngageoint_opensphere
12934,de0227fc204da2d1d6ee72a7344e4083b2760da6,ngageoint_opensphere
12935,de0bf34605bbe29af1e46e609e9a86f59e3dafbb,ngageoint_opensphere
12936,de15060b2c3fb962b6e1aabfc88a9734a58807cf,ngageoint_opensphere
12937,de1ce5d1f4fa0eecef1519991c6540481e4c574e,ngageoint_opensphere
12938,de1eb447d146b587172d8d027255698f8fc43177,ngageoint_opensphere
12939,de1ee2cedbd9158f56b02194a701f7e5d9479137,ngageoint_opensphere
12940,de23fb71137c89450415c73947e9ecbeb83fc30d,ngageoint_opensphere
12941,de2588a7b78f67c1d9aa2329cbc5e719b8fb565d,ngageoint_opensphere
12942,de32ee9150cebbd77dbe47e6e035425a1157d6e6,ngageoint_opensphere
12943,de3c06e23ea74995852b7733b46c2fc248905aee,ngageoint_opensphere
12944,de3e48f32e0368899ace2e3fe49425bc3124c77f,ngageoint_opensphere
12945,de405c8328721ae84991e50c3c495b6ff56afb30,ngageoint_opensphere
12946,de43b92d35a092a6ab8ffe5cda1aa344d8db7036,ngageoint_opensphere
12947,de44b91ad612cfdc02598975ae04214053ca745f,ngageoint_opensphere
12948,de4698933a3786b60dab6ba0e4bc926aa9031657,ngageoint_opensphere
12949,de512707d0d71571e74fdc255cb6d95888f33275,ngageoint_opensphere
12950,de51e21f7509cbe5308d2976f772d89674771206,ngageoint_opensphere
12951,de537b7acad268591779e7ea40b47022806c2e51,ngageoint_opensphere
12952,de5492837979c2070a460cc63278b0090d498c55,ngageoint_opensphere
12953,de5663205021aaae68e80da06e132ab2092b824f,ngageoint_opensphere
12954,de596db5a5993915efc72cdbfd6f5a2f0f312e85,ngageoint_opensphere
12955,de5a12c1e5d1044e7e409829aa023569b96c8268,ngageoint_opensphere
12956,de5cf22043c9fed191bde544970e6efcbda6e6eb,ngageoint_opensphere
12957,de5f0ede1404fe338a3d14202d9fef17cfd27e5d,ngageoint_opensphere
12958,de5fbbdb33fb3bf184a7068bfb7c896592fe0280,ngageoint_opensphere
12959,de68fb68e06d9403ba7ebece4ffb7b872e9b2a69,ngageoint_opensphere
12960,de6a8b64a42d1b78efdd43d9c750f03c7b8348e8,ngageoint_opensphere
12961,de6e81cbf16c4c155e957fe574925a3bfb2bfbc5,ngageoint_opensphere
12962,de73ad57abc84a0d27af37bd00939a302e68a436,ngageoint_opensphere
12963,de74327a0f5560093176e5257e0e3357ec057988,ngageoint_opensphere
12964,de7c0a0c573dcee8f94ee3c0f3cda5cb310382de,ngageoint_opensphere
12965,de7f468b7394db3f451a5490eb0f19683b6c5ec5,ngageoint_opensphere
12966,de7fa2a9b7cb1bbede4f346f5714fd99698444cc,ngageoint_opensphere
12967,de8573f5ce5bcca028033e7ed7090ce46e13ecac,ngageoint_opensphere
12968,de868a73e236bb213aa22a89b218101122d35f87,ngageoint_opensphere
12969,de9691ee91cd9c1e4f899aa4af3d31cf6bf140ad,ngageoint_opensphere
12970,de9ab79073e36fdf9ee8883e4ab69627a57c2df5,ngageoint_opensphere
12971,de9b1a92aad9d7f47128d9c24db856bdd8d41f5a,ngageoint_opensphere
12972,de9c36175ddc9fd4261376c58b89e413f7734bb6,ngageoint_opensphere
12973,de9f2783777feeab0508eb91bab996c5081e0166,ngageoint_opensphere
12974,deab4084d82b2d15c5740caa8fb79138face179f,ngageoint_opensphere
12975,deabd391cc24e159f7ba43658b6abcc392cb7e82,ngageoint_opensphere
12976,dead5b8f07b256fec56c3033a3d3231ad33f4606,ngageoint_opensphere
12977,deaf9755893436c29e4a04c6106434d759142ac3,ngageoint_opensphere
12978,deb19b6ce59d3ae99ed54f16c5d60bae864e3d66,ngageoint_opensphere
12979,deb657b7eacbc980cb38993c7507282fced61e34,ngageoint_opensphere
12980,deb78f6a19451c2e9edc1d9fd632d6abec1daf72,ngageoint_opensphere
12981,debabede2672d80754df30ced3d1992d13a4091b,ngageoint_opensphere
12982,debeab38ead58013060bfde3e85b1c678eb466f6,ngageoint_opensphere
12983,dec2bf626e25f29cc95a2b350943f0f02bc80d57,ngageoint_opensphere
12984,dec2c932aad7c4d71b6ed3b57f211d86198cfff5,ngageoint_opensphere
12985,dec5fd80ddcaa4d2f7f3d62a8acc65199113ffea,ngageoint_opensphere
12986,decb6ce5351d3ff32d92de37325f468acde56579,ngageoint_opensphere
12987,decb8db0a71e9c6c448d021584d089e983896afb,ngageoint_opensphere
12988,deceab9697628668d5e8712dfef235e4a41e49ae,ngageoint_opensphere
12989,ded1ce8d484283cbb6a27cf59113e9102cf041da,ngageoint_opensphere
12990,ded1d009f77f2db9c9d09f10488a35a31303899f,ngageoint_opensphere
12991,ded629ad67724d1dabd9a6aac2272c0b60816f7c,ngageoint_opensphere
12992,dee6add8c90464e897d70bb0e9a8d7ab92263127,ngageoint_opensphere
12993,dee95e9a60efcf7f21374c1430ce159cf0ae714c,ngageoint_opensphere
12994,deeebbbd9ca5c1db6edce7d706fc7762229826d3,ngageoint_opensphere
12995,def6125cfc703b1a519097cdcce61c74176f0fff,ngageoint_opensphere
12996,def70c89d08320286615f5e4e7c663165bc3b752,ngageoint_opensphere
12997,def79abf516a95940974a7f4b980add1cfae8559,ngageoint_opensphere
12998,df015aab732458f055ed2861753f7f29a5610cde,ngageoint_opensphere
12999,df0b9a33c8037339301df41acf0bbd28d17db389,ngageoint_opensphere
13000,df157c3858060ccc6fca6a54327bec2eeb9a81d7,ngageoint_opensphere
13001,df164635e0c311ecaf08bc75c0f114a9e4049b68,ngageoint_opensphere
13002,df202491aa2906581765cc75045f5ed02ff8ad03,ngageoint_opensphere
13003,df227db9a90023253d18752d65ddf170c86a284d,ngageoint_opensphere
13004,df3b0342da565baa46d5155ad0e135ccce6e4563,ngageoint_opensphere
13005,df433ffd785f1c82cc681927052a824d98f0435a,ngageoint_opensphere
13006,df44f693c58e2813a54ec326cdb73a345e1d909b,ngageoint_opensphere
13007,df49d31963fee758310f491e4041eeb03843bebf,ngageoint_opensphere
13008,df4c5584cf8cacee0d9271044b5753a705755b48,ngageoint_opensphere
13009,df4f55a1bd0802b2ce0617841666ea2850a8e1fa,ngageoint_opensphere
13010,df50741843a518777067d6a84562e860848440fa,ngageoint_opensphere
13011,df54659e2e7b732f4c70391f6da2012788306ae1,ngageoint_opensphere
13012,df59efdbddd847732259c57145d8ad53ba392506,ngageoint_opensphere
13013,df5f99b4ee3b539938a5fd84c0e218a5c56412b8,ngageoint_opensphere
13014,df6176f3a41677726998ceb58f289dd1c9794a20,ngageoint_opensphere
13015,df67bb8a3bd2cf965c974c64fe6eed0933c31b83,ngageoint_opensphere
13016,df69d60f309db2aa251062b967e9f122284cbd25,ngageoint_opensphere
13017,df6c96960c6d6dc2a0b43acb5309ceaf0bdf91f5,ngageoint_opensphere
13018,df6d48beb79bb806cb8bd5ebb32e04937d668463,ngageoint_opensphere
13019,df6fead7400d879d9579d98149e7710f8c88b7a4,ngageoint_opensphere
13020,df7f7ffc98a089bbdd044c2b4dd9e71d2cbece5b,ngageoint_opensphere
13021,df82ca91e0ec1393df3267ab83adebd35a52ec23,ngageoint_opensphere
13022,df83c0a242b5d69f00d106ab3d4adfe3d6129a1d,ngageoint_opensphere
13023,df8f4971d0f1ca1edb578f395d56d269cc9b118c,ngageoint_opensphere
13024,df9ded173026c305a432bd8740c1dd21df6bfadf,ngageoint_opensphere
13025,df9e490632a52c92e192f6cfaaa5ba98c90d7bbd,ngageoint_opensphere
13026,dfa69672e37eb3142d8b31fe76ed288b961d6206,ngageoint_opensphere
13027,dfa8b68a5246077be4099b1685afa68acbb6f390,ngageoint_opensphere
13028,dfacaf21670116036fa087e3e8e834736a2b5594,ngageoint_opensphere
13029,dfad337794311ce583949f5e398931cf26ba7dae,ngageoint_opensphere
13030,dfb282e62cd80ea4ae4cec56e1bf44925c270ba9,ngageoint_opensphere
13031,dfb72995067d517d6c11a13b6eb1137ef26d2a97,ngageoint_opensphere
13032,dfbd5a070700f3aaaf0627795a9dc3d1196c734d,ngageoint_opensphere
13033,dfbd6c9da0afb7b663266c2111961ecb1b4dd0b4,ngageoint_opensphere
13034,dfc6f2ce2155b9a5fa8e45f8073a9ce382d82a76,ngageoint_opensphere
13035,dfd12a69b6e0c4a435648c791491409e2b08f2f3,ngageoint_opensphere
13036,dfd44e01e54c3864ab00ca612e81b3f5543326aa,ngageoint_opensphere
13037,dfdc2e5a1fbb58aadf2f16eec7549bd015685c3e,ngageoint_opensphere
13038,dfdc2fa46a16be723265aae6bf987b4a03fa4731,ngageoint_opensphere
13039,dfdd54ebc9155f57dac28140505cf264a9bdcd09,ngageoint_opensphere
13040,dfde563769fc2fcee1a6172f86385496f2115128,ngageoint_opensphere
13041,dfe3a3175f80d2bc12bf02f62e584e4c7463d9ae,ngageoint_opensphere
13042,dfe53f16525fb969eba288ba9b4a25b503ccccd3,ngageoint_opensphere
13043,dfe830d2c608e01cb55fee55513fea5988722ef9,ngageoint_opensphere
13044,dfe84cba7865d90beed89ffb2b24217854708939,ngageoint_opensphere
13045,dfea86a1128113a7de0cb00d66db18f226956af6,ngageoint_opensphere
13046,dff4d81f6c5e54586e024eb6ef1e444c8f8be39c,ngageoint_opensphere
13047,dff57fd9a3a34f22576434686aad466ce8fd7c1c,ngageoint_opensphere
13048,dff80d9908e5ab589c9bff7a0b2efeac908af992,ngageoint_opensphere
13049,dff9eead34e95d8daffd0b44ad43066666c50645,ngageoint_opensphere
13050,dffa9dea4358cde4f83a15673f7f5078ee4d3812,ngageoint_opensphere
13051,dfffe880c3e66db985729d34f3420e9ef7dba511,ngageoint_opensphere
13052,e002c7446e119bf8328a54626a99f5077aee16f6,ngageoint_opensphere
13053,e00b2ee31d8929c63ef92a7e9afddbbac2648daa,ngageoint_opensphere
13054,e013bf6e7c6dcf1b1e05c831c414aecc87b5b5ed,ngageoint_opensphere
13055,e01462241119f69b0516f152ff677126762a14fc,ngageoint_opensphere
13056,e01acb544f39389c3572d96cdee3733f0bfc9d94,ngageoint_opensphere
13057,e01efbeae7734e6c94695f27fb606091b842821f,ngageoint_opensphere
13058,e02610acf7d66d339188bfde70caaeb4891a9910,ngageoint_opensphere
13059,e0284087881333f55368641c8575d8ee7f72d6dc,ngageoint_opensphere
13060,e02cabc293b94455d07d18e89628eb8be7f65ab8,ngageoint_opensphere
13061,e02ea9832f0f3919173eb5dc1b01b2b745c1ec82,ngageoint_opensphere
13062,e02f6f7e9b84b077a02b4e237adf145927ce9615,ngageoint_opensphere
13063,e02fb4c12b2c02212348e413f81a4602381b9df4,ngageoint_opensphere
13064,e0363d3fc6f5939391f1c5f60ce7e0347a874c71,ngageoint_opensphere
13065,e03e775ea1b969804a223fcce069b49207571f47,ngageoint_opensphere
13066,e03f3c77ff27ddc9e9a1faff63d203d09811dd28,ngageoint_opensphere
13067,e046bb1ba48bfd5d956174ad8c100daab97f9413,ngageoint_opensphere
13068,e04b13cd203fcff984b01a84ebd786b12d756fb3,ngageoint_opensphere
13069,e0503a76f66614fe7ae0240bf3e5a3c6f14b153c,ngageoint_opensphere
13070,e05147fd1b8d31dc172fddc333c0d94c26ee8952,ngageoint_opensphere
13071,e056c992e46fca118d723bad9a1f2e32b7e3452c,ngageoint_opensphere
13072,e0682f3e56eaa20d570143dba74f9916a4dbb80a,ngageoint_opensphere
13073,e07186f8677a39da8671ce9d8314f054622fdfbc,ngageoint_opensphere
13074,e0726ecaf638ded5c3507f6df62e8049389a130f,ngageoint_opensphere
13075,e0731187ad0435ce7b2efe8e97da41296134060f,ngageoint_opensphere
13076,e077b4199af57faea3926a878d422c148dc1adbf,ngageoint_opensphere
13077,e07aa3c69503f628bae2c62481949c0853c3a89d,ngageoint_opensphere
13078,e08a61e6185f9c5984872f9fb986b07a9025fa74,ngageoint_opensphere
13079,e08abae5c846043feba3d8477104f48ef6405758,ngageoint_opensphere
13080,e08af04973d21021a8fbe7af37b5aa82e44634bc,ngageoint_opensphere
13081,e0931adcf51c3b160e4d969adff9bf9cfb40be81,ngageoint_opensphere
13082,e0a37655e8cf943b6030a4c8a3b39420ca1aa9f1,ngageoint_opensphere
13083,e0b5fa53b3b003f57940a4fab909615a1dc690c1,ngageoint_opensphere
13084,e0b7ef7df2032e685a1faba1b22a3b241f437b11,ngageoint_opensphere
13085,e0b9ab28b4a98f409dfe5d4079ae5819b37b42c3,ngageoint_opensphere
13086,e0c7af99ea88fdb6507b8ee298f62ab83254544e,ngageoint_opensphere
13087,e0cc07e7d9b4df2378097b387a2765adc30686eb,ngageoint_opensphere
13088,e0ce469694ff5af75259f5d5c9e363e8a5d80146,ngageoint_opensphere
13089,e0ce5e974bfea97e7faccf13385d62a1abe386b0,ngageoint_opensphere
13090,e0d56a3860fc686b169e95badfa01b1389cabc51,ngageoint_opensphere
13091,e0d8fc06d9b51d3208c73ae82b2f5401194439c9,ngageoint_opensphere
13092,e0dacb54f0d115c5019055d761e53be07421596c,ngageoint_opensphere
13093,e0dc5d193145d46950c8096a9fff013514736bc1,ngageoint_opensphere
13094,e0e949a5188a3fb12afbeced7ce9719a81ddda72,ngageoint_opensphere
13095,e0ebd0c1af1b35aebe2f2179a34266cedf3cc70f,ngageoint_opensphere
13096,e0efea5bcbe97dbbf073dd8f8505e31e08632500,ngageoint_opensphere
13097,e0f2046ab86823cad91ae5c137e9ed5abc918928,ngageoint_opensphere
13098,e0f7d06557c61c604448f76b4e0c810402e2fcbc,ngageoint_opensphere
13099,e0f87651ff95a0920f61886335183747f664f0e8,ngageoint_opensphere
13100,e108f8ffe250ea7e5a36ebfcc89849d4fce96ad2,ngageoint_opensphere
13101,e118eff7ceb3b89ec6aaf561ab73690dafc7d9bb,ngageoint_opensphere
13102,e11bbfcf1a6b04e8c4d201a159c48c16233ade71,ngageoint_opensphere
13103,e11db6847d4bca1dd49f100a6be00ca25ae05f67,ngageoint_opensphere
13104,e127a2116d18feee58ec76225296013a67a12053,ngageoint_opensphere
13105,e132bab5a79a3dbcfd561cd5ee1cb4de31dc2b24,ngageoint_opensphere
13106,e133cb47158a5d624d8fb2bbd7a3e6c91a3522c0,ngageoint_opensphere
13107,e134116a4e5c3957f3c0741466f1623f285d81e4,ngageoint_opensphere
13108,e13c4d38ea3da9e2ac0c1bf7af8699897009ab53,ngageoint_opensphere
13109,e14231f2cf794f87973edcd2b32735f3b5545862,ngageoint_opensphere
13110,e142756dc42343040a924803317e5498bc183eec,ngageoint_opensphere
13111,e14743bca12e353499407723a93579dc311f6211,ngageoint_opensphere
13112,e14aaf10158aec061c5f87fc0910d5f7f3341905,ngageoint_opensphere
13113,e15640d069bebab49bc8bd965a9a58db1a694987,ngageoint_opensphere
13114,e15654d77258ab151fd9897775bc758521794be9,ngageoint_opensphere
13115,e158a7e8c52f66dec1aaafc23cb260a582d073a0,ngageoint_opensphere
13116,e15e16db89e03ded407eb49e8a5786b0621ddd8b,ngageoint_opensphere
13117,e16161bb9e62692708f35e5999bb58028d57c9ed,ngageoint_opensphere
13118,e1694dfa682373dc47c32b3776abfef03534a619,ngageoint_opensphere
13119,e16c180b47709759ee1d4cfc4e6b86c635e6e899,ngageoint_opensphere
13120,e16ecd840d728e58846eeb521306b397db640936,ngageoint_opensphere
13121,e16ef338cc8ccb656466784053fb16715a8dae79,ngageoint_opensphere
13122,e171337f0c7d8a3e6477f41e0a06f2534e47a76a,ngageoint_opensphere
13123,e17b7fa447c5ac52e92bb48bed0b8f2345804e5c,ngageoint_opensphere
13124,e17cdfe015a329ca62ea9bfa48fdbcd872a284c0,ngageoint_opensphere
13125,e1895513c5875a9f782a3316f80cc4e3a35b00cb,ngageoint_opensphere
13126,e1912a0633375f68970c63b601a4e0591f5e9a7e,ngageoint_opensphere
13127,e1962c9be9bbb41c6d96c4bec4e669b3d109f13d,ngageoint_opensphere
13128,e196e2c2511b3dc783c65732ac9016bb4789c191,ngageoint_opensphere
13129,e19e40f5a242a04a01b244f616f0c0df859845ec,ngageoint_opensphere
13130,e1aeb328fa0ba0f9a15b0e5f814cc7e14c75605a,ngageoint_opensphere
13131,e1ba8e2ee9dc5c78788b1ec54fa2d3d83bca5882,ngageoint_opensphere
13132,e1bfea87d442975a1597908c2517c88239a1ec30,ngageoint_opensphere
13133,e1c1350a5384687ff978dd579752cbbc046811d7,ngageoint_opensphere
13134,e1c21db61e1c50a46c934d84ed1f90f1cdd51ad4,ngageoint_opensphere
13135,e1c6306782816de724b66cbccfec7845ef390f3c,ngageoint_opensphere
13136,e1c7abb353f063f3078ab56f92166c1cc2cd3d04,ngageoint_opensphere
13137,e1cfeea2a663deef2ea32f5f57916949de6ed2ce,ngageoint_opensphere
13138,e1d92f7f99b77de6458b896542bfd90b14c3083c,ngageoint_opensphere
13139,e1d97201ec6aa2595fe12dfd8aeba3d7f9146e0a,ngageoint_opensphere
13140,e1de20ca69187482f007f3541097a7d5d8a30793,ngageoint_opensphere
13141,e1e0ffe4bdb25004ef6b6fcd12fcf24244ec0a04,ngageoint_opensphere
13142,e1e25f34baeb521fba1b1d2c74ff6708f0fc25f5,ngageoint_opensphere
13143,e1ec3cbc66cf69c0678ff5fbdc54a1995af2d861,ngageoint_opensphere
13144,e1f2e73dc0655688cc6e0b9e476acf017893e4bb,ngageoint_opensphere
13145,e1f38f9fad270d3705dd05afeb6cc00992c67c36,ngageoint_opensphere
13146,e1f4c23d5568158d34277d4d538d8289ca49b13f,ngageoint_opensphere
13147,e1fd382352336627adf762db6a1cc2797088aef9,ngageoint_opensphere
13148,e20148f5a25da860020a68af9d7d454a417ddaa8,ngageoint_opensphere
13149,e20754805872dd348afaa75b3e235f152ea4bb4b,ngageoint_opensphere
13150,e207a218c6842dbcc53a7c9c5c689fc08d46228d,ngageoint_opensphere
13151,e20dd007d4fc997f99f8ac45f8885a0095f84992,ngageoint_opensphere
13152,e20fa43169ffd9b60ad41fe8e398dfa8c7bc09d9,ngageoint_opensphere
13153,e212c3295c418098f87f5562ca2d94ae7cc394c5,ngageoint_opensphere
13154,e213f1a837efee57c708d7e9c6673ad1860bb0f1,ngageoint_opensphere
13155,e21b963d26f203d2528e964fcd2c9675d50a3e89,ngageoint_opensphere
13156,e21c6b092c7ffe0d4b14ec68057b82a60ddf81e0,ngageoint_opensphere
13157,e22119b79b5a9abd3c554ccfdbb92f95ca622fe0,ngageoint_opensphere
13158,e226a3b859ac9b73f22d6b46d1a9bdef4f72271c,ngageoint_opensphere
13159,e22758bfadab14e813fd0e2c0d69c4845b024fac,ngageoint_opensphere
13160,e2386f11556a2abbe289115516e1a89366b05144,ngageoint_opensphere
13161,e24192d3da606d7729c41fd70c34acbc1a63e36b,ngageoint_opensphere
13162,e25961f8308f60a8aeb4bf5060c62de801edce4a,ngageoint_opensphere
13163,e25b80076a473426bc1a276eda26545d1c3c9475,ngageoint_opensphere
13164,e25be48310f243e6ca34c01a4c61d788bb03ca48,ngageoint_opensphere
13165,e263c687bd32243569d7739f4aa6c4ac7a1bc398,ngageoint_opensphere
13166,e2673e39b0428c655cb43d4d7eee5301343ee959,ngageoint_opensphere
13167,e26a9d91673c75aeccc2ec90f3efad7a1e5a6890,ngageoint_opensphere
13168,e26afd7eec674eccf24b223427375be7cbb8d94e,ngageoint_opensphere
13169,e27467fd5ec0cf654162b42d6b0296dd364ccafa,ngageoint_opensphere
13170,e2783e6388fbe40540561d4cdfa01ea5bc2c1cb4,ngageoint_opensphere
13171,e27a07812c8274c48a72cc2666b68295969e57b7,ngageoint_opensphere
13172,e281e2d74a75a8efdfec391eee309ecb9678fb62,ngageoint_opensphere
13173,e283bf16ca30acd9d7b319d8b922435782e0b96f,ngageoint_opensphere
13174,e2847fae69cfa260d43ac6af4e6646ff732ed0bc,ngageoint_opensphere
13175,e28e194185d93e2855c913a3d101765f205a9a2f,ngageoint_opensphere
13176,e294b51f016a2975309c30df13786f8d75abbecd,ngageoint_opensphere
13177,e294c340aeb86725068103fd28743175dbae83db,ngageoint_opensphere
13178,e29642eb746ea81b7cf148c3fd3671a3f6963657,ngageoint_opensphere
13179,e29baada82606c0ff6eceb6696fd4e3bdafcece7,ngageoint_opensphere
13180,e29c533337ebc6c120d269c87dcc95e2818efd73,ngageoint_opensphere
13181,e29f7263081e1f74e3de3ece098e00c2312099af,ngageoint_opensphere
13182,e2a39682adf6350843e05cb1d340121e6452346b,ngageoint_opensphere
13183,e2a676326220cd1b414a3c4d4865e44db20c4919,ngageoint_opensphere
13184,e2a89c975df6a392d11e848233e0ad5d9c5e84d0,ngageoint_opensphere
13185,e2abbe12a8c701a7dc9058632ad2a1717ff2cc8b,ngageoint_opensphere
13186,e2ac80777e99777131ed5b1dbe3ae50694aed11a,ngageoint_opensphere
13187,e2b39409b6a4b25417d11d189a4586141f7653b9,ngageoint_opensphere
13188,e2b681a6c345e5d07ad2087695cc45cc20bd7fda,ngageoint_opensphere
13189,e2b6fc573c7bde1c44c680c0ab38f2c4b45d2dbc,ngageoint_opensphere
13190,e2bb8d6dcf0be69c14634453cbe1ae27240e4389,ngageoint_opensphere
13191,e2c40c3959dfcfe8feecdaa82f09409e9ec758b4,ngageoint_opensphere
13192,e2ca444fde5b31537d43bd8a2e13ade6d67ac331,ngageoint_opensphere
13193,e2cbd2b63676bf34b3e8289d4e3288c576caed4f,ngageoint_opensphere
13194,e2cc589bf67d567f17c3622c99a85ad98130bd18,ngageoint_opensphere
13195,e2d1dfae604f7c228191635a3eaeff2b741ad657,ngageoint_opensphere
13196,e2db886bea011133200d44a19ea61663cf2d8346,ngageoint_opensphere
13197,e2e1b113804582f13dad73e36224ab62a4fb8f7e,ngageoint_opensphere
13198,e2e1e6ecba61322c142b9d18ac50970c69ef685b,ngageoint_opensphere
13199,e2e411a8699636d504880c0957aee93ce7fb9e91,ngageoint_opensphere
13200,e2e926509ffec6f2755948b897cb88ef814d2daf,ngageoint_opensphere
13201,e2ee76f75580f5f8554275ef599b310601dec9c6,ngageoint_opensphere
13202,e2f04b030b303d7cb308d0dd2c2f7b90cc80d42c,ngageoint_opensphere
13203,e2f4d4a4e78e65d761947665f818b3bc2d9b7cd6,ngageoint_opensphere
13204,e2f51b76fa86fdba41fb0d2f90af7f0428da5faa,ngageoint_opensphere
13205,e2f756cc67c5be085e606ad61bbcb9b3566eac20,ngageoint_opensphere
13206,e2f89b0c4c9d503aa7ee9ba45835d4fb39b08133,ngageoint_opensphere
13207,e2fb84aae7bf72deebdd80a73e4fc1b9570a3fa5,ngageoint_opensphere
13208,e2fbaba1b7100aa5144f90557a95c7f4db53e6c3,ngageoint_opensphere
13209,e2fcafa6366fe9bb06728dc05d6fe46f7a4add48,ngageoint_opensphere
13210,e2ff955272164e26dcf6e0c45b4094a3232579f4,ngageoint_opensphere
13211,e301e75d1c3b735e079995f97a850d9bb6625518,ngageoint_opensphere
13212,e3022ae08584556bac538dc3e2c70209813ca3da,ngageoint_opensphere
13213,e30bf91a6ae6a34dbe513969e2bfad9097d5917b,ngageoint_opensphere
13214,e30d0678a790960876cf288ab07093b19b1ba28a,ngageoint_opensphere
13215,e3108599fab642e356a5d1ee9dd55391c3db1937,ngageoint_opensphere
13216,e31317b6f259762a3793ab22d3bacb6890dbc273,ngageoint_opensphere
13217,e31746df9ff253ae2f1797cf4bf80e11d0b6ca27,ngageoint_opensphere
13218,e31a9717db354508bfd0376d6621e96ec62b6153,ngageoint_opensphere
13219,e322b43c20193e77c8a9b360c39cc42cfea9e6e3,ngageoint_opensphere
13220,e324264632c77313b5677a5093013138b1dfe113,ngageoint_opensphere
13221,e32aceaa00d670fcf5b1b21f6f1a6adff7d4e665,ngageoint_opensphere
13222,e331e8d9f18e34a9b6a7bae7890947e16ee661c4,ngageoint_opensphere
13223,e33b8c7484a22128c3e7bd4ce92a25ecfc512ca7,ngageoint_opensphere
13224,e33b949e0f46884c5242136b23f9117f8ab74332,ngageoint_opensphere
13225,e3473223f12eeefcb5b1d8d025eebd30cccdc64d,ngageoint_opensphere
13226,e347b9ec5897ab25158e15faa1522470082314e0,ngageoint_opensphere
13227,e34a058192d401a27427193ff4f53361730b7a88,ngageoint_opensphere
13228,e354bfef6d50cea1061b45adb3fdc3e0c7b5b509,ngageoint_opensphere
13229,e354ceceb3860f51e4eca59c1da04ce7b52b06a3,ngageoint_opensphere
13230,e358a3da2e41d39fdd062388d82d2f995a6fea42,ngageoint_opensphere
13231,e35b73759ee1f7ef464074bd86a5a30ed3592070,ngageoint_opensphere
13232,e35e943cc1e0dbf225903c9730fbbcee8b7488f0,ngageoint_opensphere
13233,e36408c3da9fcbb98a40c70221e0f2335270129c,ngageoint_opensphere
13234,e3671e3bb81ad66c09fac083a2a63b470c86af4b,ngageoint_opensphere
13235,e368d07b4f676be42a78315cadd0c6cd9d0dfa82,ngageoint_opensphere
13236,e36b8346f980b76498e3df98576ca7d77d2682dd,ngageoint_opensphere
13237,e36d56be4c8f84007a6a79fe67c65209afaa1f2e,ngageoint_opensphere
13238,e37574783893561781171c2f8d468919209048ca,ngageoint_opensphere
13239,e379e9328b94e77dea94f4fc3dee1eec7ee55baa,ngageoint_opensphere
13240,e37a3a631e44e7daced518bcd887100d5920ecf3,ngageoint_opensphere
13241,e3806bdd52c14693cc14dde95cdef9aeb940b94f,ngageoint_opensphere
13242,e3862699ddcfab337b497a14ab1332cb097b40f9,ngageoint_opensphere
13243,e389160a9873486f2549a536346fab5f86e9b623,ngageoint_opensphere
13244,e38cb5786e7c7bf69859848fc8499640a6fc8c96,ngageoint_opensphere
13245,e38e0caaa4e13597f0207f95f4cdaf7db9e91bfe,ngageoint_opensphere
13246,e39010b9e2f0303e63577a1af5996e5cccded538,ngageoint_opensphere
13247,e390e17b9c6986b4ae177d5f8e8c7656453b02fd,ngageoint_opensphere
13248,e3960362dc3451cfa83040ae283c56cd8594175c,ngageoint_opensphere
13249,e39839acfa3a13d9d3cb63e88b60249e73d1c978,ngageoint_opensphere
13250,e39d8d19d25726147a390ff48c822322e82bbe6d,ngageoint_opensphere
13251,e3a2ff8938e13ae84d0fd3c947ec9b46fc78121b,ngageoint_opensphere
13252,e3a966a08a637c78aff7246fd196d317bb8c5868,ngageoint_opensphere
13253,e3a9777c4862c983a11d0db3d25ef28a50f0bdb3,ngageoint_opensphere
13254,e3ae8fbadcde05737058164f16084d353563a8bc,ngageoint_opensphere
13255,e3af36069ca6d85b7b56e5582c0ecd4bdac1d3a5,ngageoint_opensphere
13256,e3b2bad1af8f1443243e3f422744dfd78fb0f10d,ngageoint_opensphere
13257,e3b56577207de37468cf0baa2e5fafbe25f317bf,ngageoint_opensphere
13258,e3b606316376aa0aadc7b9b8661311c30eac1299,ngageoint_opensphere
13259,e3bda9482a7cb5434a4ca1a900e0262727e124a0,ngageoint_opensphere
13260,e3c3d8f40e8c2a5547c44107107b5a11b19fd0ae,ngageoint_opensphere
13261,e3c6b6d84b2d816c21c9140d1b996fc3abe18836,ngageoint_opensphere
13262,e3d412cc8ae00e30f9dc7b4446ac9b13b46ef6c6,ngageoint_opensphere
13263,e3d6ceba0c523fadb1dfedde714102be40d2f131,ngageoint_opensphere
13264,e3e11ad15a3ae3a883236850831ebf65d70802d8,ngageoint_opensphere
13265,e3e35f3b9759042e23f748b5345b3e447c635102,ngageoint_opensphere
13266,e3e3a1f327081994eb064cc084923fe1f467b03b,ngageoint_opensphere
13267,e3e5aac6991774adfbfbfcb67889d49cba6dc3ba,ngageoint_opensphere
13268,e3e66edcbadf4d84a061df4ce4b638132bf4030e,ngageoint_opensphere
13269,e3e78558f9e2e9d76b239becfdb4b4495e6182ef,ngageoint_opensphere
13270,e3ef02a2ec2fad34a19ae13605e49d4f717af9c1,ngageoint_opensphere
13271,e3ef0ff5524d166fb4cd6763e6ce7b7eca9a2360,ngageoint_opensphere
13272,e400c9ab3a4d541303f5a274038c635013304db5,ngageoint_opensphere
13273,e40d7828d5fc4cf83b67c9e537a156c92089c6d0,ngageoint_opensphere
13274,e40d9fbca1417aba3702b4cd47f95c89ab0bebf1,ngageoint_opensphere
13275,e4109b5a60a25db39e82f0340d7b457e433f6b0b,ngageoint_opensphere
13276,e41ab79f18ae3461db09cb678487245be2fa0d65,ngageoint_opensphere
13277,e41ce5616653214cfc5572fde15106b8a198639b,ngageoint_opensphere
13278,e427162439d0dae715bcf051a872e4b765d7fcb1,ngageoint_opensphere
13279,e42f73d8ed52dd78bf50d41666f128193b6efd09,ngageoint_opensphere
13280,e4314e39b72e663aa4503eeee081d06353661ecc,ngageoint_opensphere
13281,e438295fd7f9626215e2a40e999451b1f0ebd269,ngageoint_opensphere
13282,e4413ee9e3eb033c0924cbf2023719d03306a287,ngageoint_opensphere
13283,e44280a92b799b2a45c53379054edf798c332af4,ngageoint_opensphere
13284,e447c6ed0b82ebebb37c5d1ab27e420a82bc6c91,ngageoint_opensphere
13285,e44a4df625e89fd6ac2f7cc7979c66b1ae0297f6,ngageoint_opensphere
13286,e44ac68373f3db6e09f77c60fd7a85853e80ed6a,ngageoint_opensphere
13287,e44b34fedaebc45b8cae24b1fee9c8703f4fb6dc,ngageoint_opensphere
13288,e44d00926aedc7d65c31f632b7a9699b112e24ae,ngageoint_opensphere
13289,e4550cb5e3483bc8d4dfd1b6206f049576874532,ngageoint_opensphere
13290,e456ec579cecff4bb0aabe242e265b224aae5446,ngageoint_opensphere
13291,e459f4c0443e4786089afe513e58ef91e9d71249,ngageoint_opensphere
13292,e45a668b5baf5c3b79f8436d554d53e764204d0a,ngageoint_opensphere
13293,e45c7636c556bac9ceffd29919a7476d67fb5884,ngageoint_opensphere
13294,e45c8f577c5c774ba2897be0aca019ad0343e11b,ngageoint_opensphere
13295,e45f4b7f3f345b9ba541df765f2515cd7f4140c6,ngageoint_opensphere
13296,e461714e5216465ab54240a6208ed1d53dfa3dbd,ngageoint_opensphere
13297,e469c7f52e9c9bae5deb7fd8ad95d3d079f4f892,ngageoint_opensphere
13298,e46e73a481c80af51c566cd1e50c4e08bc6556d1,ngageoint_opensphere
13299,e4719c6d7993712d226b5d29744818560c67fdf5,ngageoint_opensphere
13300,e47b097f42766e842df10eb2513ba4d5f05a1ec7,ngageoint_opensphere
13301,e48a9fc59c67125388ce97b991b41fa409c65aaf,ngageoint_opensphere
13302,e48ad65a201e6a49d016c3c6786ba8c478bd5dc1,ngageoint_opensphere
13303,e48b24822b25431de7dd86150af3cbfc2fc6d32a,ngageoint_opensphere
13304,e48d9dc28f2a1dd28949988a738bf1297be9e61f,ngageoint_opensphere
13305,e4962b32b972adf2dc6c797ad4e03499abd92e54,ngageoint_opensphere
13306,e4997abcf3bb644efc8a97408dcf350dff266333,ngageoint_opensphere
13307,e49b21fa3086cc307991a04bb4d0f97de706182b,ngageoint_opensphere
13308,e49b7d0754444b08250826fc99f5019d47ec6996,ngageoint_opensphere
13309,e4a1efb1419641cc775f726789d8a270253549aa,ngageoint_opensphere
13310,e4ae7a332d691fc669051d73ef5e737a0e3acc97,ngageoint_opensphere
13311,e4b121b656710e26d16468f7b834be6ed5c3585e,ngageoint_opensphere
13312,e4b4e1065da9c7d9428509a76e9d91778e246844,ngageoint_opensphere
13313,e4b89f29f6877da3c17a7f4e85dd32fc27efc034,ngageoint_opensphere
13314,e4b92d2a094642c7d90a7c9c7e82fecc2469f1e9,ngageoint_opensphere
13315,e4c24beb47a2f3bb68d60e4404f2ce35a4de2668,ngageoint_opensphere
13316,e4c289f84bbabd85c362120e3c6da0c3591f7c43,ngageoint_opensphere
13317,e4c335f549d1e24965273ecf2561393b881d4d23,ngageoint_opensphere
13318,e4cc91dcd10907a7dc687daedb4fa57965b13c2b,ngageoint_opensphere
13319,e4d23e33c0f26591b20ea8c56d80c97149fd787a,ngageoint_opensphere
13320,e4d494b1e20cef2c87b7870bcf2d768a1253fcf4,ngageoint_opensphere
13321,e4d749d14982acb79356c174d96c58875626e997,ngageoint_opensphere
13322,e4d79126644b3b24ff81459ed315e186b81b381d,ngageoint_opensphere
13323,e4e0979c820c3b822edb30f26dc4566f2e9ed28f,ngageoint_opensphere
13324,e4e22da41c938cdbb6dfb28663f6e06d305c5a54,ngageoint_opensphere
13325,e4e5b7eee8f21d43168393f701d131d97cc326a3,ngageoint_opensphere
13326,e4e8a8f60bd680b4ba39990bca222340412e2d73,ngageoint_opensphere
13327,e4f06e9029ae8880aa4d16bf44eeee6ba5af3e33,ngageoint_opensphere
13328,e4f2fb57e00df25d819686d8acba566569ab52c5,ngageoint_opensphere
13329,e4f5012dfff19269221362b96586aa3bb493fe60,ngageoint_opensphere
13330,e4f8fdc4028678b6c13b2ed8ac93e521eac285ee,ngageoint_opensphere
13331,e4fa6b0d1239f8ddf2c3b3fbc1beef2fa61f9c0e,ngageoint_opensphere
13332,e4fb14e9ce3d15c6f7b77e65b95b1ed92ff04306,ngageoint_opensphere
13333,e4fcc17ccf56a2f91ef6728af513f88e0199c8c9,ngageoint_opensphere
13334,e50b04fed638318ac36f13ee414d78ac894163cc,ngageoint_opensphere
13335,e50e71f91d9aaf8ea9c1b10bc4af727eb755dc4d,ngageoint_opensphere
13336,e510bb25ce9b84694a1cdc3c097afe3c4f01f164,ngageoint_opensphere
13337,e51468c45d63cd98fae0d3c036fc8f19872d965f,ngageoint_opensphere
13338,e51539ec6a3b0da3367252aa7e5c2f5659bf3fd8,ngageoint_opensphere
13339,e5159160cdbb25c14beffcdeeebcfc5cab86e356,ngageoint_opensphere
13340,e519436349b9d2e284e07c6b986f77ea3e0b975b,ngageoint_opensphere
13341,e51aff859a16b0192c974e336276473411937bc3,ngageoint_opensphere
13342,e526fdca2713098e1c8eba1a9281fe7f6a433dc5,ngageoint_opensphere
13343,e5294293a2226ee4f94b3c44174ed57f90ad1e72,ngageoint_opensphere
13344,e5297bc15778c2f142eed8a24e358a6f3cf60130,ngageoint_opensphere
13345,e53233c0a9f60be621eef3ca5b60aa1525cffabe,ngageoint_opensphere
13346,e5361211f1471cfd633b32f57c54a6c057ff546e,ngageoint_opensphere
13347,e5383248e9061f53593b57500f9ecaa70ff59028,ngageoint_opensphere
13348,e53cc42194623aa8afd2d3e053b52f14c33e2a6c,ngageoint_opensphere
13349,e548520a46a3d4989369ed9141242a206eac6d7c,ngageoint_opensphere
13350,e549a487568bbe2acc711b6300177a2f5ad0513d,ngageoint_opensphere
13351,e54e2a7263925df50a5aa99a71ef29fb85a56ee4,ngageoint_opensphere
13352,e54fb39ba3081d55c7f2417780ff14e9260a5017,ngageoint_opensphere
13353,e556793c68477ba939ccb8d090cca42dbd1ae8b1,ngageoint_opensphere
13354,e559a8d7c579df32236333ea7137834f922d259e,ngageoint_opensphere
13355,e55b88fd3ccd5f7b651bf93c70abae5cc123b937,ngageoint_opensphere
13356,e55eea8dfd2eb0f73b90f82f86dc34b2b52bf150,ngageoint_opensphere
13357,e55fb1defb6f0f4e1c67a7a12443318be3344029,ngageoint_opensphere
13358,e562c5425f6c108ad6481990c1aa684d4b4846f6,ngageoint_opensphere
13359,e569facccc53b26c95d099fa62eeb674a3b042fc,ngageoint_opensphere
13360,e56a3f9dfe798fa6095b41878c3f4c3dad281ba8,ngageoint_opensphere
13361,e574972340f144b38fd124aaa03f726efdda49c5,ngageoint_opensphere
13362,e57a02096bc2c0d395697d5edc126f18daeed138,ngageoint_opensphere
13363,e57e3471ca9394ee5e1c8f03ee1576aee0f3eab9,ngageoint_opensphere
13364,e57e4508fb6c57585735a815f562c5eda0705baa,ngageoint_opensphere
13365,e58221c6fb242cf043a2700893ee7bd61208b23a,ngageoint_opensphere
13366,e58387a6d9c1d2f180ec6c4f91f6b964a9b90456,ngageoint_opensphere
13367,e585a267f15616b27ff531d9384d399476fc8644,ngageoint_opensphere
13368,e586c1c6d988269edd31b86ab45ab5576489fa56,ngageoint_opensphere
13369,e589133756d11fedeade3a8ed652a2ccf056c3ec,ngageoint_opensphere
13370,e589584b2dc14372a0678dad8c36e9fa54db88b7,ngageoint_opensphere
13371,e58c988824c126e52c7886d6d556609a25763aa7,ngageoint_opensphere
13372,e58d473efa38bfbd702216398e9e394dde015261,ngageoint_opensphere
13373,e5973e65ecb7f39818d3470329dec55cf148ce8c,ngageoint_opensphere
13374,e59c4c10c14aeea14c903228242c15e7740e1fee,ngageoint_opensphere
13375,e5aa528e2b66a38dd08af7a928945d1f0c073131,ngageoint_opensphere
13376,e5ac5378122005a19c03ebf2ae54b0274fcb38de,ngageoint_opensphere
13377,e5ad43c18186341d2dc25a5350e4824e759d322f,ngageoint_opensphere
13378,e5b17ef693eb9fccd22a2b8c41d43a04472aaffd,ngageoint_opensphere
13379,e5b752fb75f415fb2b194f90264eb02a5be604be,ngageoint_opensphere
13380,e5b83d645351f0170e617926078b47548ef379b2,ngageoint_opensphere
13381,e5b8ae0ec8635e711c908d0b35b7f0c6fbfa1f5a,ngageoint_opensphere
13382,e5baa76defd8f977b05b4291dec009f90fa7045a,ngageoint_opensphere
13383,e5c522e428bafc26f4a79b801f267dc4e1a73826,ngageoint_opensphere
13384,e5c73e6345caaba90b32efa7f994d28d7bc9e749,ngageoint_opensphere
13385,e5cc729573d4fc684aaef156350c3a1e88d14910,ngageoint_opensphere
13386,e5d1100ef788df54dd04a6a5f9b63a12ea2b36b4,ngageoint_opensphere
13387,e5d19cb5fc03d07f8fbf37a5e10f518748c70724,ngageoint_opensphere
13388,e5dbbd3c826b1e62db8b784dd8b37b5e0f70debf,ngageoint_opensphere
13389,e5dc87bf1e1434ff7d6dcc69ca31cff17923a9e9,ngageoint_opensphere
13390,e5dd3a84edb15037fc7072af4ede7300f4d1fb5e,ngageoint_opensphere
13391,e5df373013ba9d4e0c357c95284a7238109a607a,ngageoint_opensphere
13392,e5e0173366ce58f621dd27facebcd562033a3a25,ngageoint_opensphere
13393,e5e116f66f7cfb8a6b3483c7dcd4cc6a95d0bd41,ngageoint_opensphere
13394,e5ea3b97044ba3c244d0dc09f8583cfa608cff38,ngageoint_opensphere
13395,e5ed08f654fc501c577702c46612d97f35f972ba,ngageoint_opensphere
13396,e5eda06fbfb79c5340a9b685c6d208d11672db35,ngageoint_opensphere
13397,e5eddc230392543c382b9c668dbd1633bf232b95,ngageoint_opensphere
13398,e5f3e2cb08e81b16238cc811cc113f23d7dd47b5,ngageoint_opensphere
13399,e5f4e7b2b0594691b8a6a0beb0569d058eb8cc47,ngageoint_opensphere
13400,e5fb6173c91a96bce37a8222527c3bcb9fa1376b,ngageoint_opensphere
13401,e6018a4daeee9feac9ae8772b858899a885e2931,ngageoint_opensphere
13402,e607cc1cd71d4093aba474a364f9cb7b7df4a425,ngageoint_opensphere
13403,e60bb3b1d253d6dd842ca89869e77c3d3f2a2ef8,ngageoint_opensphere
13404,e61939e51bee79a40536e7b8551b6d575b08441c,ngageoint_opensphere
13405,e61efdf73a82156c24893516d2966444ba382cc1,ngageoint_opensphere
13406,e61fb39e8bfda500dab2dd9ff7d049fc72c46848,ngageoint_opensphere
13407,e623a8690c8af5b6623513d4eeb11eedb83c3f2e,ngageoint_opensphere
13408,e624589488d8acd47b07e10e7eb475f858991506,ngageoint_opensphere
13409,e632a43c1bcbcff0aebc667fe944503011b0bf51,ngageoint_opensphere
13410,e634bdfb0b5d6f255f7046a825ce20989cdd0c74,ngageoint_opensphere
13411,e6353b2e25d305a10f40b73845f44c4af157fd76,ngageoint_opensphere
13412,e63d4b8cc7beb86ed6f603dd9dcbc5fa1612c274,ngageoint_opensphere
13413,e6413ecf7e0dc812b907175f67dd1e249b7770d5,ngageoint_opensphere
13414,e64e114dede3c5d84026707a3cb7ce2a23cd2e9e,ngageoint_opensphere
13415,e650bcf22b6d48f6c87d5aaff959465efc8bfd4a,ngageoint_opensphere
13416,e65bc44b95e906790f9415aba34f42c750dd22f1,ngageoint_opensphere
13417,e671ceaf66efb2c915a5f17f81061ec5f5a5bb90,ngageoint_opensphere
13418,e67bc48a27594fa8f81909d6a5dd37e7ecddd7ca,ngageoint_opensphere
13419,e681a7d295685c4876c50714e2551e4fc96c5348,ngageoint_opensphere
13420,e68701f4a1d5aeb0340cadbb7e833dbceac61d7c,ngageoint_opensphere
13421,e68c332f5b89c1c98567a9cbefcf0c73b2776e19,ngageoint_opensphere
13422,e68e3ac96433c4da3d41b4eb57ef520e083ef247,ngageoint_opensphere
13423,e691af6eac107eb864b353c31613ff5faf47e3a4,ngageoint_opensphere
13424,e69318ae96344ab561f7261894311bb4c0ef52c9,ngageoint_opensphere
13425,e69a742b87988a09f68941a850bc4db91ee66b18,ngageoint_opensphere
13426,e69fa5ee466f3e7641167dfa6fdea6cebd7e5dd2,ngageoint_opensphere
13427,e69fc9dc7e41a7106001260b6ad49603fd503ab5,ngageoint_opensphere
13428,e6a3dc4e69605be611f0859cd4d9fe26813b8e83,ngageoint_opensphere
13429,e6a4010c2a65bc593357dea42b4dbdab85450426,ngageoint_opensphere
13430,e6acac346e7792840b77ec06948033e677f6d768,ngageoint_opensphere
13431,e6afe02d9bdc39d9d9e48441e6b0a36928fd7a18,ngageoint_opensphere
13432,e6b01810a97ff970206de6e66773281cd056b9fb,ngageoint_opensphere
13433,e6b76b30a3b663ad4bcbd49b2b39a8cf3b63d7cb,ngageoint_opensphere
13434,e6bb680690be9ef2d1c95950a097c418fd60c126,ngageoint_opensphere
13435,e6c1ccf2644ca4782baeeab8e7e97716a2483abb,ngageoint_opensphere
13436,e6c46dd6183b7069bfc5db480b87ed39ad7621bf,ngageoint_opensphere
13437,e6c8f7c1781497b855e01ceef1882750ab84fcd7,ngageoint_opensphere
13438,e6cf2dcb6049a055dbd45b32aadedf5220e451be,ngageoint_opensphere
13439,e6d0fc433154425a9aae1e5cf142eaf765b094a9,ngageoint_opensphere
13440,e6d39b4aed1fd164aa144b893f9e6c4cd7e36ca3,ngageoint_opensphere
13441,e6d4f721f23b0d5d83e8c3185e4fd4234a8ddfc9,ngageoint_opensphere
13442,e6d72824bd0a848634fd5793ac6b2ddd9f26e090,ngageoint_opensphere
13443,e6e00035f9e7e806dde2592cc4be9d73acde6bad,ngageoint_opensphere
13444,e6e7fbef118b3389d38c01f39c10a79c988af687,ngageoint_opensphere
13445,e6e904b694e52bb62ceaa6fcce13eca790a2e6ef,ngageoint_opensphere
13446,e6ede62b28d47d7c98b16975c55632cc12141b45,ngageoint_opensphere
13447,e6ef09752ace4b60f40351eae38b7a0ec3501e92,ngageoint_opensphere
13448,e6efa877b1dc3f71556fe38a32bb44a7488e223d,ngageoint_opensphere
13449,e6f2a8f85b5a03e4427e7cc7fcbfdd88fe699a18,ngageoint_opensphere
13450,e6fa5524f1dbafcfbd5877697193eba39efbc422,ngageoint_opensphere
13451,e6fe65ab70666fe3620ba9febc24f18ea863d59d,ngageoint_opensphere
13452,e70897b20d1870bff47ba86aaa00a765469c748f,ngageoint_opensphere
13453,e70ba09a70225331aae3311e5fc5badce65d8efb,ngageoint_opensphere
13454,e70c9e70aeddc4050c2ca095ad2559fe3133f618,ngageoint_opensphere
13455,e71076f3fc15c7d03a92440df2a73f6757088e2c,ngageoint_opensphere
13456,e71088cdd5270d5e6501219057441d525cfddddd,ngageoint_opensphere
13457,e71ae6d9dcfcd0f385eba655b63a8a7477a05866,ngageoint_opensphere
13458,e71de13c966f17754dc1b5c8e8b7ed7f62185015,ngageoint_opensphere
13459,e71fa53317f0bf5611478f8711fcf0c0e636f6bf,ngageoint_opensphere
13460,e720f3a9f6fa20839293947a90899937048e13f4,ngageoint_opensphere
13461,e72b8a916c87bcbb23bf5528e4fe70a23e6bae24,ngageoint_opensphere
13462,e7365a713f2d950dffbf1815e3a4e36430f7af8f,ngageoint_opensphere
13463,e73f1f5517b719d22a3b3d87d8a5e498faf1fdb6,ngageoint_opensphere
13464,e7408fdffc988ef034f8e54742e8fc5091bc49e2,ngageoint_opensphere
13465,e74282a595c81753d814cfb77867769688b20e67,ngageoint_opensphere
13466,e7512d15f6c1805bce1861a710ce8551993da806,ngageoint_opensphere
13467,e7569b648ec64c689634fced8a810caccb82467f,ngageoint_opensphere
13468,e7621e3dbfc05c1ac19cfd7346a9d0dded8c3cf9,ngageoint_opensphere
13469,e766a29b6d666b76675054aa2716d80c69636b86,ngageoint_opensphere
13470,e76870c96ee89424ad0ad2ecc780953d8b2e2452,ngageoint_opensphere
13471,e76a35ac6e164d9d8e18650f5aaf69d010709156,ngageoint_opensphere
13472,e7737f4ce9e38b6a484b1612ac005fa87055cb32,ngageoint_opensphere
13473,e777a5e98f2d9af541a94cc7b2e0cc3dbb8549c0,ngageoint_opensphere
13474,e77a15ca79990ae94c317b95e57193a5e574c393,ngageoint_opensphere
13475,e78002678f68bd8dafd2a8b8b66db9fbbeaa23f6,ngageoint_opensphere
13476,e795374426755ef0c8dc9274eb2701837d42707c,ngageoint_opensphere
13477,e7a1171d6f90c94ce2e6b68f38fa1d783cff570a,ngageoint_opensphere
13478,e7a9481390197d1306a4106b5b3790a0f7818bfb,ngageoint_opensphere
13479,e7acc306ed2c1c8deaed429cff17466780213b93,ngageoint_opensphere
13480,e7b2e4f84c20f8c57c8a702f17f06c665068bf9a,ngageoint_opensphere
13481,e7b5e0f2f6de3d0b551c60503c2c92e76c9dbc47,ngageoint_opensphere
13482,e7bae4fab31ae0271418f7e550979f136692147c,ngageoint_opensphere
13483,e7bcede58ce01b1f0f8d40f5a40458170ef8e07c,ngageoint_opensphere
13484,e7c50b2d5fdd33af561bfc12c55da8f4720dc6db,ngageoint_opensphere
13485,e7c9c944507f887272d9af26a45de50f51cf6d96,ngageoint_opensphere
13486,e7cc77b3fee6dedb60980322440439c6806b142a,ngageoint_opensphere
13487,e7d03f9e9b0f9bf86ed9889a233ae73ddd9ce1fe,ngageoint_opensphere
13488,e7d6f675f4af95944d65e13ff57b11e78e67c2a7,ngageoint_opensphere
13489,e7d89cf017817c9e6fe540ed405d09f42644ef25,ngageoint_opensphere
13490,e7ed95b9d4ebbaf641eb8a10f0a514c5159e0ff0,ngageoint_opensphere
13491,e7edfe9a4b63d59edc0537665e280c6e18deb7af,ngageoint_opensphere
13492,e7eed554efc779e355be6d7a9ddb94d455f498c3,ngageoint_opensphere
13493,e7ef5e0be9ea97473e3f517fc442984591d33e98,ngageoint_opensphere
13494,e7f01c4b3bab8c9e4831fbf79235e7186a4af921,ngageoint_opensphere
13495,e7f74f3d0304d4daed11c8d52bc9abfbeb0d7f46,ngageoint_opensphere
13496,e7fa6174459c3776e30e7444faa7b8f101c89893,ngageoint_opensphere
13497,e8092c0fb5ce3e6315366bccb624bfc3d2e7f1b8,ngageoint_opensphere
13498,e80b2fd0ecffccc7b3b0a0e165617c3b7273f22f,ngageoint_opensphere
13499,e8167aa238e4ad23c63b57549c0ed5085a360216,ngageoint_opensphere
13500,e8190f06699a0f34c4c2fc8f74ab2e0fbd3049f2,ngageoint_opensphere
13501,e81b9419a9a650f7027ae343c91f986edc1fe064,ngageoint_opensphere
13502,e81d72bbb62d6d8c2ea3d3eec43b794ea3724b23,ngageoint_opensphere
13503,e81d9f1a1a8466e57ec657c049a8cf67db82ef13,ngageoint_opensphere
13504,e82019c73830d4a2552d90785ede915eab56a1d5,ngageoint_opensphere
13505,e822a9b2a8dacce2a7d52e1b5401ebac8a33a0e5,ngageoint_opensphere
13506,e82850d748607dce438fc243aeb28ff866141a9b,ngageoint_opensphere
13507,e83314d5d7186f33094d363fcd2aa4377b4e7041,ngageoint_opensphere
13508,e83c999a813d64868fb542edb933c62072320700,ngageoint_opensphere
13509,e84d95d36d12aadc39433cd551d8d0aa8bffc519,ngageoint_opensphere
13510,e8528851335999671e3ff81475d161132d37d275,ngageoint_opensphere
13511,e8556cc6ca71f1b126007d912be883a5e93d560f,ngageoint_opensphere
13512,e85871365cbdf0e30b8ac862864e0f69fb857b75,ngageoint_opensphere
13513,e87314bb5c9debe9f5a18e5bb55222b87cdb6bb5,ngageoint_opensphere
13514,e8758d1b134d8e9770cf9bc2b698c2fc449f5cf5,ngageoint_opensphere
13515,e877f4faf7a50ea0096b71a7ddfc845bd925f96d,ngageoint_opensphere
13516,e87862779f2152d4d08078a95eef6c98b8ae3601,ngageoint_opensphere
13517,e87c6d54b9b699b1e89b4dbdb19f127312370d3a,ngageoint_opensphere
13518,e8846f6eedd7f1df5f894ad1fc6fea616bb9ad2d,ngageoint_opensphere
13519,e88c9c78eb1f34551567ae1c07a51a83177e2351,ngageoint_opensphere
13520,e8972141c64358aae7bec446e1cf642573c90510,ngageoint_opensphere
13521,e89990a1ba3e3cfbfdc0b3850c37d9ad39a57ae2,ngageoint_opensphere
13522,e89b36d9d3094998835f5bf83bc4f9b0d383cc4a,ngageoint_opensphere
13523,e89ccaaa0f1457dcb8fa6febea541bd8999ae966,ngageoint_opensphere
13524,e89d2fd459ba3ec4b1d643ab36476cf34bf216aa,ngageoint_opensphere
13525,e89d4a4fae51bf12195abea7a151b1cfc5778647,ngageoint_opensphere
13526,e8a6328fecee35a7adaaedf50b93d6b5a0a5f83e,ngageoint_opensphere
13527,e8a6c98a3c60f9c0caf7f55bad84aaaf3b93b141,ngageoint_opensphere
13528,e8a6cc29335c3a4976d12c0f8418e8bb13e5890b,ngageoint_opensphere
13529,e8aa6ea3cf89b7ac815e09833c12c447ab795700,ngageoint_opensphere
13530,e8b064c38746c53c2f1965366740ef0605f8060e,ngageoint_opensphere
13531,e8b8a762b26db4aff71ce90aab4eecb505540f8c,ngageoint_opensphere
13532,e8bc61d9a97765588444d8e9659a8165dec2e26c,ngageoint_opensphere
13533,e8c06539aa10bd30721ce610e9ecf802808323c8,ngageoint_opensphere
13534,e8c1328551a719c8f4d22e399895a708a180a293,ngageoint_opensphere
13535,e8c60e22b35fa0ead029cc0712571dbf6ee3abe7,ngageoint_opensphere
13536,e8c89ec2484943e969542dbcba9b5920131dcafe,ngageoint_opensphere
13537,e8d2fcacbde52480407d37d9cd22d584e830e735,ngageoint_opensphere
13538,e8d34d39bc1e530ebf58a7b952aad2286ea982be,ngageoint_opensphere
13539,e8d6a3e07c135c6c83f63d1755f061ecedb7563e,ngageoint_opensphere
13540,e8d8f896155b0e658cf31490a328b14667e14ca0,ngageoint_opensphere
13541,e8de7bf770b9b68b690dec1c580bdf92e161d3bd,ngageoint_opensphere
13542,e8e19da2e752bc01a131d7f384b23fc431e7a9ee,ngageoint_opensphere
13543,e8e9ba2464bf432977bf912f7cdc82742a2547ca,ngageoint_opensphere
13544,e8e9e09b218dbab20c8883286160305d2d6b3efa,ngageoint_opensphere
13545,e8eceac262e23b15a05e089710dd0583db64bbe5,ngageoint_opensphere
13546,e8eef5801ea60bf70ab63ad90115e8dd403d4d1d,ngageoint_opensphere
13547,e8f36724da193115657cc4f6dc9789f24dd82104,ngageoint_opensphere
13548,e8f784dcfaa56d4e7bdb1b7de99515948dd501e1,ngageoint_opensphere
13549,e90332cae780d27ae5c3055d11f0a042d2f30941,ngageoint_opensphere
13550,e9042ccfa974084de0400eb96cba6fb73f1224ec,ngageoint_opensphere
13551,e905b3780a33c527f98a40cf594ef5e497e51ca5,ngageoint_opensphere
13552,e905dd897cd98ec3379286198919c427d834b1e5,ngageoint_opensphere
13553,e907f0173d6e7eac5892e9bcee09aad109885641,ngageoint_opensphere
13554,e910a02f0bd0ffa3cb714905f85eef271a8b30f2,ngageoint_opensphere
13555,e916360e2e751469ab83773cc53a8ddae1a45709,ngageoint_opensphere
13556,e923cb1533ff6d22ccbd0560ebe7b46943f33cd1,ngageoint_opensphere
13557,e92c37ffa5acb205f214052ddac55aef7b152c73,ngageoint_opensphere
13558,e92ea3c914a6c96e204437e8540042c1090fd8b6,ngageoint_opensphere
13559,e934332ac89ac14f34b85d5c102df656a69dfc89,ngageoint_opensphere
13560,e935a091477d63790d9e2166aaaa20eca5d9ba63,ngageoint_opensphere
13561,e93795f1423b21252bf64b384f9c36ae68f27dea,ngageoint_opensphere
13562,e93a9fe5de10c6341ae7149efe4d8fe3bd9c2719,ngageoint_opensphere
13563,e93bccd3608dee30a85a113b562a9b3506b78faa,ngageoint_opensphere
13564,e93ed3f7a69bed4acd6f4f08bf3dbbda4e56abeb,ngageoint_opensphere
13565,e948300073b31a1a9ae807c0bd1b7cb6f74baa0f,ngageoint_opensphere
13566,e95180bd9528695d1a29778f10b0d0bd95820e59,ngageoint_opensphere
13567,e956810f49687d55174b81329687e4430e1cbeb7,ngageoint_opensphere
13568,e960e00c9aa460830ffe6cb0d32bdb27e1aab9be,ngageoint_opensphere
13569,e9644c24ade91a679162b97591e7c54efa47629f,ngageoint_opensphere
13570,e9839a6b874f7aedd9374cd977f8bcb1a4c2f9b4,ngageoint_opensphere
13571,e9938045af25dc9748b5592953efb6781750e9d0,ngageoint_opensphere
13572,e994374a2813ee3c3bf8a31144df7f74511052e7,ngageoint_opensphere
13573,e9959de9f2a8ed17b6e7e1448201e96c628be0ce,ngageoint_opensphere
13574,e99bb0de80bfb4358c276eabacc44b7cc62817b1,ngageoint_opensphere
13575,e99dae49bb56c8b6a537836d97f0109d3c166632,ngageoint_opensphere
13576,e99f7e0fa7305abdaf492797901d13092a12e561,ngageoint_opensphere
13577,e9b061f1bc69c78e54fba5e3f516b59566f802ab,ngageoint_opensphere
13578,e9b94701305d95eec32422e5c95433a78d196b63,ngageoint_opensphere
13579,e9bd4b24c4db3e216496567bf0e1aeb4ff30e64b,ngageoint_opensphere
13580,e9c4e644209de3dcd48c3f23a6fa9344e6acb0f3,ngageoint_opensphere
13581,e9d1b647a404b3f9334605174db85bdb83db2e49,ngageoint_opensphere
13582,e9d52869ee3e6377c89d5e9f106e15f4a39586de,ngageoint_opensphere
13583,e9e70a67ba7b248bb75c77bd92cadc5e3797955b,ngageoint_opensphere
13584,e9f06e0daaeeffae13fdb3d55901bfb2139f941b,ngageoint_opensphere
13585,e9f24f38c71ca6e1a79b73217484a8178000a594,ngageoint_opensphere
13586,e9f2f3d6017b423beb10507062a6006cf7952a0d,ngageoint_opensphere
13587,e9f51b3b64efa05c6e94c158a8e1c493a67bc4d5,ngageoint_opensphere
13588,e9fb47cd6ac60925b89353c060074dafbc127b99,ngageoint_opensphere
13589,e9fbf6251f6a9672cdb19fc4a2adfa0f756e292d,ngageoint_opensphere
13590,e9fdf0394f209b8ad7f1e94edf30880f4c5a9963,ngageoint_opensphere
13591,e9ff63e7bd989d5ca13e357d337483d6b121ae42,ngageoint_opensphere
13592,ea01759cb83dc8626690a70538b69e5d9d1fa6a2,ngageoint_opensphere
13593,ea0821e0cc2ba19ab27444552866c5e7d91fcc93,ngageoint_opensphere
13594,ea08ff428d9a9ef0a9c67befcd0fb776e05e6842,ngageoint_opensphere
13595,ea1193265415340569c76522fc0808e99ce4e3a9,ngageoint_opensphere
13596,ea17156064f91815cd6a1a0b621594af445b4599,ngageoint_opensphere
13597,ea1af04b5d0dd2920d7e732930f72c83421c5a93,ngageoint_opensphere
13598,ea1fa10d8df9928b9ac4b7ef3d6cfc7f7d1f7935,ngageoint_opensphere
13599,ea217e99c75597bc7fe3d117cebc4899873efdef,ngageoint_opensphere
13600,ea21e058d232fcdea857a7977c2f7c86b640dd30,ngageoint_opensphere
13601,ea2472e79058a3f7b41feaa93528e0d26ea3ad3c,ngageoint_opensphere
13602,ea25c5a743f530fd8ee7daa91cb9d08fcd8f2873,ngageoint_opensphere
13603,ea2a223f8a9ddd8868f82da8d2f59a9e48128ce3,ngageoint_opensphere
13604,ea30363ffaf6db63defa824857af2aebe3bb39bf,ngageoint_opensphere
13605,ea31b2a99e8dd7b0b58d457e7452b0e072b5cb3e,ngageoint_opensphere
13606,ea33cc61ed85abe2511086148f8b60895d456e77,ngageoint_opensphere
13607,ea3a1c3ae4824bad21b0a22914cd0c5ae0d09b90,ngageoint_opensphere
13608,ea3bd416208eb5aab0c1bd294b433d7ac1cfa7a3,ngageoint_opensphere
13609,ea420c23f75e831f61321d35216cce10936ad27d,ngageoint_opensphere
13610,ea4d4e03342a0ce227b4e899ac6c718895665c3a,ngageoint_opensphere
13611,ea5429169de502374583cf0a1dfc111b2759058d,ngageoint_opensphere
13612,ea5c85ad32051ee9dd6bb5bfb34d3624c2db7968,ngageoint_opensphere
13613,ea69063fa808fc432f244496477ed1d1304e0adb,ngageoint_opensphere
13614,ea6c194f045640e78af7fe553a24ccf663d49d08,ngageoint_opensphere
13615,ea790a14c538f8af74659c9b576825a0adff4e7a,ngageoint_opensphere
13616,ea7ff35f7fef32a574ce30157d83fa2fc3bc0de6,ngageoint_opensphere
13617,ea81c696d13a2bc96b2edc1750ee00f500db95f0,ngageoint_opensphere
13618,ea863c982e90b97ede08f1c87d9d4df3e4912c26,ngageoint_opensphere
13619,ea968e221beb61a285f0f265d4e42fdb997c3fd2,ngageoint_opensphere
13620,ea97138cbbd0d5f837cb40d9c5f57a96deb6f22d,ngageoint_opensphere
13621,ea9e449b62cc1e2078bbc0c55d94c38a79df1b8e,ngageoint_opensphere
13622,ea9f98bfd75c2277a7c9c185bf1fca729640fa06,ngageoint_opensphere
13623,eaa50cb8fb45d10b853f7e9ec991b33a3f5ecc07,ngageoint_opensphere
13624,eaaacd6d0b5f2ae3f0a2538db7f635b7e19634f3,ngageoint_opensphere
13625,eaad55a63e22b96e43823ac90c563c78c9d39b8c,ngageoint_opensphere
13626,eaadf7a665785a0f3c6f88201eb320ade7c1d02c,ngageoint_opensphere
13627,eaaf78478c459893d944afcea499e9732e418f42,ngageoint_opensphere
13628,eab69952fa1b4978ae68e8e3f3fd15de5137a92f,ngageoint_opensphere
13629,eab8b9a354cb6fc6ecdd64faa4046b75a1b01e63,ngageoint_opensphere
13630,eab9931b01966c41e5a62ffc21f1bb9929c4bc31,ngageoint_opensphere
13631,eabbc374c78a53fc6561f20de1991ba01e1dee46,ngageoint_opensphere
13632,eac311992fe8a698f09ed149f209eabfec66238b,ngageoint_opensphere
13633,eac406778a8579caf29c54f0e3ebd7d68ec28bc5,ngageoint_opensphere
13634,eac791bb451e989a871da4579da072bce5e174e7,ngageoint_opensphere
13635,eac792225989f45847b9b5737c6f5257d1c4116c,ngageoint_opensphere
13636,eac7c0d69077d95cd422364725b1400697bde89f,ngageoint_opensphere
13637,eac893b38e6b6b2360b860b59aaec7e4b627e427,ngageoint_opensphere
13638,eacd08a829474e42449303f24e9585e122c0ce60,ngageoint_opensphere
13639,ead025097dda63a2de58ad2c9f3e9785e41e681d,ngageoint_opensphere
13640,ead2b0218d782555815b122cc4b2addade58608f,ngageoint_opensphere
13641,ead6ccfdea5d56941dd3a878e682232049889761,ngageoint_opensphere
13642,ead9574fea7f165222fc65a4781f36a9db7f3614,ngageoint_opensphere
13643,eae45fd946c1ec2ddd7f6a3192c6857ee80e922e,ngageoint_opensphere
13644,eae49a26f8ea08ee2b143afe81336d669a35a80e,ngageoint_opensphere
13645,eae5a1c73ece88da93178f871c957568741d2e59,ngageoint_opensphere
13646,eae62459b480732d3c9eab1d31e163d899bec040,ngageoint_opensphere
13647,eaf3575a6805ac83459cd9896b1fba715b948c3e,ngageoint_opensphere
13648,eaf370885db77aad7fe48ad93d1d832c967b8088,ngageoint_opensphere
13649,eaf4251fa783828e7093cf6df9e778d689df310c,ngageoint_opensphere
13650,eafc5eef5258bcdce759c48becc2aebf92d6556e,ngageoint_opensphere
13651,eafe234dc81bda2eca6ddcf29df4a45e9a721db6,ngageoint_opensphere
13652,eaff84a650035b12add63399b800a6a33e0bd7d0,ngageoint_opensphere
13653,eb03feca544703ae88933bbbfe098ea403effbf4,ngageoint_opensphere
13654,eb04fd774bec075a9a4b72c9ed4565f24c770465,ngageoint_opensphere
13655,eb06fb1d9eb066968e2023c18ad64ffa178e0fb1,ngageoint_opensphere
13656,eb0be49c9ebf13352c6eb4325deb6bbda1e4607c,ngageoint_opensphere
13657,eb0c5b4a17550aeb1e093b833b27cb567473cc5e,ngageoint_opensphere
13658,eb0c768e4a0f7c0803b02696f6d5c0e007c98b47,ngageoint_opensphere
13659,eb0e34bad60ea9a652f4b2776ea378f6b30fde51,ngageoint_opensphere
13660,eb12e9278dc164dbcd94e7d4601179bb0bc0adcd,ngageoint_opensphere
13661,eb133d667b109f2ab3efd7d1311cf1a98bc446ae,ngageoint_opensphere
13662,eb1da149d2b8bd3c4ce3e23b7f6e7f84db25708f,ngageoint_opensphere
13663,eb2010508bb34a5660e3851ec7407f4c88017292,ngageoint_opensphere
13664,eb24a7a9883dd9e6b2f9a93dea01414115ea8df7,ngageoint_opensphere
13665,eb27054cfe6b8adb222860cbfb7c8456c9fdb4f0,ngageoint_opensphere
13666,eb2a22ced06c34cc4669a94960a37ac35c95ba67,ngageoint_opensphere
13667,eb2d3a2d209496d96442ac48fa38fca3ad087136,ngageoint_opensphere
13668,eb2d4da6d60752ffb354355d49a194aa6824ef05,ngageoint_opensphere
13669,eb386a9ad125daeb1fd2624b571dab6bda5e7617,ngageoint_opensphere
13670,eb3aafc9bfb809942855f560b222647b60a9e5db,ngageoint_opensphere
13671,eb40bbd5cb936f50fe19d819d778e99430275b41,ngageoint_opensphere
13672,eb41829a875c666ed35ffbed6f2d5dedc3844288,ngageoint_opensphere
13673,eb442b12695bbe1a9e01b214c96387909822bdb4,ngageoint_opensphere
13674,eb4ea469f7a175f03649cc014811bafb60d42f9a,ngageoint_opensphere
13675,eb4f385f9a2714f2cbf1c7e622bf9c81838b7c9d,ngageoint_opensphere
13676,eb54101f9df0502bf3ef055ba1a7554431f79765,ngageoint_opensphere
13677,eb5bc3ccd319c956d6618e252d2ea212d8ca714c,ngageoint_opensphere
13678,eb5c3d00f33bc05a9c6d9f7392d57ff3a3f14c91,ngageoint_opensphere
13679,eb64aad3528943adaa813a47fa710235325371c4,ngageoint_opensphere
13680,eb682df8f4213709e06de286e121d3b477c1d1ed,ngageoint_opensphere
13681,eb690b897dbb800ee4054847ee29eef13430640c,ngageoint_opensphere
13682,eb6c48715a96c35232a1a35d3ae477dd73b17e90,ngageoint_opensphere
13683,eb6cda312caefcf55ba8ba60939bedfb90ebb7d4,ngageoint_opensphere
13684,eb7019613be0e6347452c0448b3ba1d0e3fb7742,ngageoint_opensphere
13685,eb701d6520d09c80f2bb4161141cc1162c348dea,ngageoint_opensphere
13686,eb7bb661d438e0e9b5cf28b1f722a4279c4eaac7,ngageoint_opensphere
13687,eb7e3d8c15594257646582ae197f73d42eadd331,ngageoint_opensphere
13688,eb85d0082a539703a9b030243de6eab0e498b3cf,ngageoint_opensphere
13689,eb9ea5f0b1cf6c3441f9369fdbf35d59262d9b71,ngageoint_opensphere
13690,eb9f580c55569c76de94617925c50bcdc93f1f4c,ngageoint_opensphere
13691,eba9e47fafce849ae04119439129c6b3065c84c9,ngageoint_opensphere
13692,ebb01832103a9558a7fe49188cb34ed64f1b8b9b,ngageoint_opensphere
13693,ebb181928ba8a24c0ce9305683d9ae1e98709e8d,ngageoint_opensphere
13694,ebb1f9764669ae64d45e366e5f3d21c901358762,ngageoint_opensphere
13695,ebb5e72a125a6407bbaca95a27743fd0adf17b21,ngageoint_opensphere
13696,ebb6894ea1c4201c17d89523235ca3d47ec09e06,ngageoint_opensphere
13697,ebb69fbfcb4c1268481be85d33fc94c4f8f8dab4,ngageoint_opensphere
13698,ebc03273e3266d1c5fde90f7de9bfe14f633f600,ngageoint_opensphere
13699,ebc2d0fc4a6c01c0b75b33c5d8f3a51301f36362,ngageoint_opensphere
13700,ebce18d865c5801101a4153924d6d6e3e6858984,ngageoint_opensphere
13701,ebdb6fb24ef7a375c225854ecb11d8b9efefccd6,ngageoint_opensphere
13702,ebe383d03146ea58d1d7e2b4b94a9be8bc978e8b,ngageoint_opensphere
13703,ebe989d38e9d852710364681e4a134069db5e432,ngageoint_opensphere
13704,ebecc9c20ee046792eb1d9ec87d82bc4e008ebf2,ngageoint_opensphere
13705,ebed662ccd6dedc11c4bd2a4e8a8496f306595a6,ngageoint_opensphere
13706,ebf09eb7c6a06dd150ea7693008ef82e69730776,ngageoint_opensphere
13707,ebf1c56cc8a69e897d1bda0226e0c30af581a73f,ngageoint_opensphere
13708,ebfad8abfc763fac22848176f54d25904256a05e,ngageoint_opensphere
13709,ebfea202f0ddbc169e87d9c307a415a87a151c56,ngageoint_opensphere
13710,ec02a51667df5fc702cc8053256e8e6ef2e0f832,ngageoint_opensphere
13711,ec037f8d42f15923e7472013043e6eeabfb00406,ngageoint_opensphere
13712,ec04712a2b0f7a3d32e09b5241d127196f089f07,ngageoint_opensphere
13713,ec054267d831a99bbcf696957fd57338963a36ea,ngageoint_opensphere
13714,ec0584566c8d0c56feb31649f21304e7ad5e54ae,ngageoint_opensphere
13715,ec10788fe7813d946e9c24dfface2f63390fc792,ngageoint_opensphere
13716,ec11ed9224a96e6788d1c62f404a38f25c119216,ngageoint_opensphere
13717,ec1a053c5c2081b09088f4f93722203003cbfe82,ngageoint_opensphere
13718,ec1a98efc6924fe89711c6caaa8c0bfc29c2f7e3,ngageoint_opensphere
13719,ec201939d435ae071b6499facd34bac6b202100b,ngageoint_opensphere
13720,ec210fe760bd09ab8a34e1d989995fae2ea38f43,ngageoint_opensphere
13721,ec23cd92a7c9aaf19513f7aa31da677954568556,ngageoint_opensphere
13722,ec28194a4ce6bb1b55917495aebf746378412da6,ngageoint_opensphere
13723,ec2a274ad7ffe53a72bb6e9300af45f5e860ad2a,ngageoint_opensphere
13724,ec3ea3bb166c0585a03085191ab113b27eca5795,ngageoint_opensphere
13725,ec401d0b6271b33eca69f764013866dc8f1a9364,ngageoint_opensphere
13726,ec402f6448275862e070ff61990b74ba7fbe3fd6,ngageoint_opensphere
13727,ec457314ae0cfe3704e239344d6c611854001623,ngageoint_opensphere
13728,ec460b4cc7203fa951aeabd73b617925daed3111,ngageoint_opensphere
13729,ec48edab198cad797a8eb1f791843b86c8cd6ac0,ngageoint_opensphere
13730,ec4dd3ad97a6c65f75906a7d05c4915591c8568b,ngageoint_opensphere
13731,ec4dd7b048fdf3034eeff1531006600ee6c8a211,ngageoint_opensphere
13732,ec5054ba7051f4adf5dca399efac0b75cbe7edbf,ngageoint_opensphere
13733,ec53adfb6726882352d9f28e479644862b4fabb0,ngageoint_opensphere
13734,ec5a476c74f53f883cb8ac6640a3a8e0417a6662,ngageoint_opensphere
13735,ec5c038ebba01cbeb5f48e5b387c84355c713643,ngageoint_opensphere
13736,ec5d6a466307fdb45eb063afb57bf6060e8cb008,ngageoint_opensphere
13737,ec69202d4924c79468ca55b3fada6b8bbee79dda,ngageoint_opensphere
13738,ec6a6563ed2aad819950b52dbeb15fec6d2ed3f9,ngageoint_opensphere
13739,ec6e8ea4ca0348e298f5dac1d2d7eaba3a4ffdfe,ngageoint_opensphere
13740,ec776f6f8ba623c3ec0df73f1c92980c1f6c4ded,ngageoint_opensphere
13741,ec79771f1a10c0b06fabdb1863719e69cb6434c4,ngageoint_opensphere
13742,ec7ce2f35fc6e79817024ba726e1d46672d2a013,ngageoint_opensphere
13743,ec858170ea1175c9ed2e002f508b485fe52dd937,ngageoint_opensphere
13744,ec881348cf0c49378c2b6a4b60eb630e9f18438d,ngageoint_opensphere
13745,ec92fd52643ff1247e4aa1ca275ccc491c5d858c,ngageoint_opensphere
13746,ec95197d0579bd862567cbf7de6156fa0f6f7417,ngageoint_opensphere
13747,ec96b9c1260bf113ce300ddb65696c99423993c0,ngageoint_opensphere
13748,ec9ae4e38b7d38e207a8d3f3bc130af1bdd9fe9d,ngageoint_opensphere
13749,ec9b210a2e1ec68a853cc976df212893771406d7,ngageoint_opensphere
13750,ec9fbae1a0302a61e9be7229bc3b2916b3af3eee,ngageoint_opensphere
13751,ecb7d8e351092fedfbd5b14d1491bf3fbb220a5d,ngageoint_opensphere
13752,ecbdef1377468360798d421f016507edbc290c95,ngageoint_opensphere
13753,ecc57276cb50b1f6cece291f362da8ca483bd40f,ngageoint_opensphere
13754,ecc5be1c9320356e12f96920affb25b264d5f015,ngageoint_opensphere
13755,ecc9d0478b5e9c72188625587569700d68636b86,ngageoint_opensphere
13756,ecce87b7a3478dd62046268e37ff80e1d176eff3,ngageoint_opensphere
13757,eccf33385a453c3b9f800916fecb6363347fca2b,ngageoint_opensphere
13758,ecd5ac51bed932424255c000f490da319652aa41,ngageoint_opensphere
13759,ecd6de4e75a0ac30ca8239cba7527fae43dd77c6,ngageoint_opensphere
13760,ecd750c60bd0b03f38e27ce49e83d820d04c9df0,ngageoint_opensphere
13761,ecda61b98f7f767f714ab6e3a2426453f9930061,ngageoint_opensphere
13762,ece4653586b4540abe3222a296bb2dc79c05b79b,ngageoint_opensphere
13763,ecf1a8a376674a209abbba0eba068a87cc1033a4,ngageoint_opensphere
13764,ecf1b23adbc6a1157130abeee50d8bf296c1fc95,ngageoint_opensphere
13765,ecf1b561fc3aa0775c4d2361a177373f4ac92dbc,ngageoint_opensphere
13766,ecf73b9e57871ada8703b96571d3fc6826c79451,ngageoint_opensphere
13767,ecfdc67b0119f2c3bed01585c0b0c1898563a280,ngageoint_opensphere
13768,ecfe24542f8a1c705fcf8f82d27d63a3f60fc6a0,ngageoint_opensphere
13769,ecff6824ec57de0cd399dd90afff988d1ee24a6a,ngageoint_opensphere
13770,ed076162a8acdac68e8aeb54c131ad33973eaa23,ngageoint_opensphere
13771,ed079636e12bbbb4efded10e915c9e7b051d15fa,ngageoint_opensphere
13772,ed0ab42628c8adc99a87df9ac9cbbe6618f946f3,ngageoint_opensphere
13773,ed0ea34bedac4263092ca9df12f8fb3a90af79a9,ngageoint_opensphere
13774,ed1a4959b90516652393945c8c5baf3aa5bbf361,ngageoint_opensphere
13775,ed1c44162bd655c5f884267e80806cd462c72284,ngageoint_opensphere
13776,ed25430a0e893cf57eb3b8cc13a63885fb9f0ba1,ngageoint_opensphere
13777,ed2929b7173df45f5d0feb200c20f42fa311c34e,ngageoint_opensphere
13778,ed2a2e3dcf35e7fe2b35bf09fff2d6e2c71da140,ngageoint_opensphere
13779,ed336757f5ab29c6eecafbbd81dda3d5ff67677e,ngageoint_opensphere
13780,ed3d04c964bba3ec06d79b36b8af8ca3a2341d73,ngageoint_opensphere
13781,ed3ed4c122e4d5c0a17b627d1966060d4a559105,ngageoint_opensphere
13782,ed3f2c910af93a21a850e212d821f93e5778f962,ngageoint_opensphere
13783,ed40c841383ec1ce91f5b7f68bfe5d132daa6efd,ngageoint_opensphere
13784,ed41def9b750612eb8c4e0a9c96c79e7ae419a09,ngageoint_opensphere
13785,ed41fed501f1fa1a00b6b16ade1345b167436194,ngageoint_opensphere
13786,ed46e5623eacd9733e6ca75457a4c12fd998641b,ngageoint_opensphere
13787,ed4800c54c071beec09cf50ee9d799ea9b7c4feb,ngageoint_opensphere
13788,ed4cc67ee2ef3b9199b8eb94df3a97cbb1924a08,ngageoint_opensphere
13789,ed61efd1a196127324c77e68c63c0d7c6dda3ba1,ngageoint_opensphere
13790,ed6501cc8a8bade13069de396b35fc0ef8b804d9,ngageoint_opensphere
13791,ed687f0081c7add06eb217377da2e971c99e2488,ngageoint_opensphere
13792,ed6ad2270ec680e10ff01d8b129852168b229b75,ngageoint_opensphere
13793,ed6d2a8704681330243c27a00b04eb3f6c0a464a,ngageoint_opensphere
13794,ed768bd9c10f15b363b3ffc002e8690c7288c594,ngageoint_opensphere
13795,ed85154e37becf189044dcbca11833ec7cb024d6,ngageoint_opensphere
13796,ed96900165d4d8e3cd94c24179ee3d5b38db78d7,ngageoint_opensphere
13797,ed9a05422c889dbed27172dd318a13c3cbe2e3e9,ngageoint_opensphere
13798,ed9dc9a463c7e4e8268a670c3e75da74211fc75b,ngageoint_opensphere
13799,eda1ab0d6b6a4af29478db78191b1f5e397a9951,ngageoint_opensphere
13800,eda33c0fbddd052fd767c4f6c591e1bc6fa9110a,ngageoint_opensphere
13801,edaa53258bfc84859808a3a60047d8604dc79914,ngageoint_opensphere
13802,edac481c9e7e6fc1c843e94ac419c6391edc8c87,ngageoint_opensphere
13803,edacee66eb76c360b1b48f8edf2a4c69019268aa,ngageoint_opensphere
13804,edafe5a3cd95ac6aff9e004ca72c3ec4253927c3,ngageoint_opensphere
13805,edb31c3473288174e269ac76902569ef18edc07f,ngageoint_opensphere
13806,edb773cd1a761761ebc75dfbfedb685da4e14804,ngageoint_opensphere
13807,edbe621cd1db14c8132c637bbd35a2ffe023357f,ngageoint_opensphere
13808,edc2a1424c058e7d36335110735793f1e3582008,ngageoint_opensphere
13809,edd2a45a3192edcb3e74f2a77d230eb466d53e3f,ngageoint_opensphere
13810,eddc33e5f0588b537283e7515f517274b8c4b2eb,ngageoint_opensphere
13811,ede17ef975a08f7b93598e21fab5fe1eac78e62b,ngageoint_opensphere
13812,ede21e5d20da28484158875dbd525759d2beac45,ngageoint_opensphere
13813,edec4b2ceda7734b2b3a4294a8c5c81873ff161e,ngageoint_opensphere
13814,edfcf6335d371131ef8e7250ffb6be45125b5e45,ngageoint_opensphere
13815,ee019e055d2c7043a4ca934de638b6b38fe3c97c,ngageoint_opensphere
13816,ee03b30955e1595628e9e45a26f48727932fbf57,ngageoint_opensphere
13817,ee06d5b75b796711d030c0cab373bcc116068abc,ngageoint_opensphere
13818,ee0b138d373b597c2e69518cedc0fd0709daacd6,ngageoint_opensphere
13819,ee0bd50c6fdb911080288fc3265e6e442631afa5,ngageoint_opensphere
13820,ee126ab636bcb9926bb181bdc0c84a2989b40219,ngageoint_opensphere
13821,ee1dc8068cc594e877f2ddf2e74b388ae23e0b92,ngageoint_opensphere
13822,ee1dc8b6b7147323d6451a2cb665afac663eba1a,ngageoint_opensphere
13823,ee2d8bb1d487a6b6c560babaa8d84f9d9b2f91c2,ngageoint_opensphere
13824,ee2e4b6bb6e82a766ba841fb42d6f6fe424ee38a,ngageoint_opensphere
13825,ee2fd557d4c8634a1504aa24cb4303a9a1b962d8,ngageoint_opensphere
13826,ee37d43c25fa32689149c06e99e787e36f0d7ca0,ngageoint_opensphere
13827,ee385316f77ce3266a7593c91b627ed16d60d846,ngageoint_opensphere
13828,ee472f43fb896e126bb0681fac70db0c9fc527ab,ngageoint_opensphere
13829,ee4b1902c22fcc79ae3b5a9df0b64eead794cca6,ngageoint_opensphere
13830,ee561574a5729f34b2f03ccc02ae6c91a95b8e54,ngageoint_opensphere
13831,ee5df9df22bf8635b0cb0ea6e5beff18ff3ef67c,ngageoint_opensphere
13832,ee5ecac06567ce8500f6d8bfc661c1ba2ccc860c,ngageoint_opensphere
13833,ee632a44ed62fd8854f05501eaf11537e329e219,ngageoint_opensphere
13834,ee638e05ba373b1b46049e1641b3aa8d67565b3a,ngageoint_opensphere
13835,ee6855c5ed6b9c82cd5dcaab504eb1385b37dcf4,ngageoint_opensphere
13836,ee687d0854ac289aa100e43bdb402ab72e07fc43,ngageoint_opensphere
13837,ee707717a48e0ee98df451ed19788adc5169457d,ngageoint_opensphere
13838,ee70e8a3f261c64c0cc781d7adfec336482fe282,ngageoint_opensphere
13839,ee75aacd8ee3b48a64c53dba0852a1f103e192f5,ngageoint_opensphere
13840,ee75dbde335845f480787fb0d1250ef932f01113,ngageoint_opensphere
13841,ee76ced4b797d4be5fd5dea29861f4bcffa122cb,ngageoint_opensphere
13842,ee77364705cf61c6fdc5d6139fec450f18afb181,ngageoint_opensphere
13843,ee78429440eba73791f42287769b15388111e240,ngageoint_opensphere
13844,ee79b5e265d0619850f86e8bb4847272a985c6f8,ngageoint_opensphere
13845,ee7f7b33fe7ebac5d8e410e062c4968f6cc36b6e,ngageoint_opensphere
13846,ee7fcf015d68460e3414e7f1544276711e6713ef,ngageoint_opensphere
13847,ee80af5799aeb7bbcc4771d81472b2abb6d8a57b,ngageoint_opensphere
13848,ee82ba623865b2e55134d62e23c8b65bfb62a89c,ngageoint_opensphere
13849,ee83e1eb092bbfc16b24549b8d08e9d5efb26786,ngageoint_opensphere
13850,ee8459892a2ab6e33a616f10d02c8645489ba36d,ngageoint_opensphere
13851,ee8de1772b66edb8c6df481217c6984a80df4e95,ngageoint_opensphere
13852,ee8de922f8fc35965dc5f6a5caad7be8d4c9da97,ngageoint_opensphere
13853,ee8f05ebcf9cd0bb1bb4bc7a6d88d8fe842aad89,ngageoint_opensphere
13854,ee8f554a6017daf16668e4fa2defe582aae04198,ngageoint_opensphere
13855,ee91e608fed6073dd82af68a335846b8e4e63020,ngageoint_opensphere
13856,ee94c02e8d05cd08aa3fe56675cead1b64902a9a,ngageoint_opensphere
13857,ee954d20415e34ccff36dd54bb8ff6f04d02a7c8,ngageoint_opensphere
13858,ee98499f938feec9fde738de8fac1566c9dd7099,ngageoint_opensphere
13859,ee9ccf96589704f629045e06430eac36fc90dd04,ngageoint_opensphere
13860,ee9d5998027fc0ed05e968bc3957b6c42b0d52e5,ngageoint_opensphere
13861,ee9efa8d7dac2974369ddbbf99e6e15b4f1a648e,ngageoint_opensphere
13862,eea419fe50f2a9ebe3ff5728e38b55dde8f6c5c3,ngageoint_opensphere
13863,eea4b89aa23bcaa3e86a5666bcfd2d99b79570c4,ngageoint_opensphere
13864,eea57b931a744aa291f13e26b5149bb827b32577,ngageoint_opensphere
13865,eead718581be5620ec08cd80a0ec7d1a7b4dd9e6,ngageoint_opensphere
13866,eeb2c916d44d6578db2e768112f7cd2b4e160e4b,ngageoint_opensphere
13867,eeb4e0a800b9aff2fb3303a8ba701b737df0e4e3,ngageoint_opensphere
13868,eeb9a6afdd6660930b3f72ca5fa7c85773613b03,ngageoint_opensphere
13869,eec661b160d473ba12f99084d13237ffec3361c4,ngageoint_opensphere
13870,eec7a5941f1dfe4ca8cf7449311aa9b96b647a13,ngageoint_opensphere
13871,eec8e42c0f9a4c1dc2e3a356d8f6648c9403eb7a,ngageoint_opensphere
13872,eec9d147c9fa1356043976684982b1fbbba88369,ngageoint_opensphere
13873,eeca6eae175c6f517e698aed58a4d210af36f333,ngageoint_opensphere
13874,eed90ca45f9aea51af789c44bf7e07af41f0e549,ngageoint_opensphere
13875,eeda3c775c434514020ceb617cec6a2f6881490a,ngageoint_opensphere
13876,eeda8c5fea46c5801652fcb851e645f94330e3e1,ngageoint_opensphere
13877,eedae32a40cdfb06a40c6cb6005959c4ca374a3f,ngageoint_opensphere
13878,eeed75513d659242b8b3df9899dfe50217c78faa,ngageoint_opensphere
13879,eef4f2432c522028e58fd56fccf020b6501605c6,ngageoint_opensphere
13880,eef5f0470b20ee29b377d651e33a19eed84620d0,ngageoint_opensphere
13881,eef64e542029726f89f5dc0dfb8bada94dee2e55,ngageoint_opensphere
13882,eef9bde7112c14a8dfbf1a534d96241d0b6fb96f,ngageoint_opensphere
13883,ef04e015655c1f0a3e6949b9b06fc79e0f12c976,ngageoint_opensphere
13884,ef0e3a5af7229908a5fa06e5cb1ca1f1a9263fb1,ngageoint_opensphere
13885,ef119d7b8c3e9e5c2eaedf2bbf5e33115ca59192,ngageoint_opensphere
13886,ef149e13081729af6ec475ea5450046281bb4475,ngageoint_opensphere
13887,ef20c29347d325eefb956c9e2d59152a5c093210,ngageoint_opensphere
13888,ef25f1dde621730395a0b1f6fffd7b6416dac437,ngageoint_opensphere
13889,ef265b54d51a12ab9676d87b7b612879c1dde0da,ngageoint_opensphere
13890,ef291acd2e035e2cd5d3c7caf2b8b87744dd99c8,ngageoint_opensphere
13891,ef2adf09d9679fee3e5fedda5f95dad950115c7b,ngageoint_opensphere
13892,ef2c56c520bbf90504c1a37ad9ca88120206f435,ngageoint_opensphere
13893,ef2cacde3ab8ea81acb9d33f08364544c0ed0cc6,ngageoint_opensphere
13894,ef2dab300f81579c083d81ff0b7fd132a83c8742,ngageoint_opensphere
13895,ef326afc40f9749c53ecb656ed51f25457168e03,ngageoint_opensphere
13896,ef34d902f505b2a34138bfa1a04b19623845e13b,ngageoint_opensphere
13897,ef372117212fca9d88c75c4ddf8ba90f62a3997f,ngageoint_opensphere
13898,ef3a3ccd8100ee2df8439aa901fe3ce5e8447e5e,ngageoint_opensphere
13899,ef3f73216affd8dd120609f12d2080e2ce9ef036,ngageoint_opensphere
13900,ef46044438dc996b3e2cb3141ac10c996fb7441f,ngageoint_opensphere
13901,ef481eb1ead8edee0cffccfd53c768ff1821839f,ngageoint_opensphere
13902,ef4e0e2f043d2df507fb91230b9d48cd1aad4486,ngageoint_opensphere
13903,ef5aa357f4f9a1d6327242ea74fe0d6d8686f59f,ngageoint_opensphere
13904,ef67af77f2b6c1211de737819404d15cb9c8a704,ngageoint_opensphere
13905,ef6c0e9c62c47182b86f483a45a9b11700dc42df,ngageoint_opensphere
13906,ef7b2f9536bbe1124abbbb4d6b37cd4435d10dab,ngageoint_opensphere
13907,ef7ec90adffdfeca348a582ec1835fb15809da12,ngageoint_opensphere
13908,ef8023060473cfdb9cb4784dc233703c6edd841b,ngageoint_opensphere
13909,ef8122a30b28601332891f3c32137bc2e700577f,ngageoint_opensphere
13910,ef88b33a7476c8da303605557f1b3f01ad859c04,ngageoint_opensphere
13911,ef8b4e3daf9b403b97b10dda99985c0b5cacbc5e,ngageoint_opensphere
13912,ef8e8fa98fd71d890291e790b31cf7e507fb41a6,ngageoint_opensphere
13913,ef90287d4dc97917570131087fa193cf18895018,ngageoint_opensphere
13914,ef92624151967194801b5e91ec78b1ee6fcb9dac,ngageoint_opensphere
13915,ef98c9385de70097e26a515fa616598e8f0d0890,ngageoint_opensphere
13916,ef9abdad9387aebda62619767a809d456ade9f2b,ngageoint_opensphere
13917,ef9fd8355f136e5a2d0c698c42a0f0c667ee5cca,ngageoint_opensphere
13918,efa0a819773ee6d33f7542c3f899f0a126cabc7d,ngageoint_opensphere
13919,efa68a1aa2cb8551651bcd507363455b47611ad8,ngageoint_opensphere
13920,efa8329a3c7d2e3d59d74547eba6ac1ee7e98f2c,ngageoint_opensphere
13921,efa92c44283b90b4309d762cba0430ed3074ff56,ngageoint_opensphere
13922,efafd9a4e22482240eceef17773f4c0453d17f4d,ngageoint_opensphere
13923,efb29db79e2736fcbe5d21d94f94014c64709b0a,ngageoint_opensphere
13924,efbee82882cffa745b1022bce8a95d01e1f44a4e,ngageoint_opensphere
13925,efc1220156141912f96874c4c23155058cec1f5a,ngageoint_opensphere
13926,efc42e159f1981152882ab0422bf3805b04c9bcc,ngageoint_opensphere
13927,efc7816c1ef887b35f9137deed647a2e500533e1,ngageoint_opensphere
13928,efc87b56bd1eeedf75fe5544e24fa3a33e24fced,ngageoint_opensphere
13929,efcfc2a58f201e9044f6f40e6f654b6dd0747612,ngageoint_opensphere
13930,efda735c9bf40d7ee41e4cf822c2a577f6c62f1c,ngageoint_opensphere
13931,efdca93397ff09edbc498eca8a484f6d81b78db2,ngageoint_opensphere
13932,efdd445654acfe272221952e1a84c9f2fcbe10f6,ngageoint_opensphere
13933,efe2e11fd2fdf8609be86543ba7eda194dc461e5,ngageoint_opensphere
13934,efe3891afb7b3ed341075c8f3e2c2e2f52c16603,ngageoint_opensphere
13935,efecb176165e48197f52102dbc03a0a0cf6d2440,ngageoint_opensphere
13936,efecbb4918c67d66b3087c0530df3da9d48a90c8,ngageoint_opensphere
13937,efedd026ba57a37acf46061844bc3477a614eef1,ngageoint_opensphere
13938,eff935df7494ffe50b6eff2a69bcef83854f127e,ngageoint_opensphere
13939,effc0dd9b2e5f4c52f16ed196d34d674622744b4,ngageoint_opensphere
13940,f005be43e6cca4ce67989f93e39d2074032fd493,ngageoint_opensphere
13941,f0088e2d928463cefecaaf15b5fb5bbde33b4844,ngageoint_opensphere
13942,f00a68f1b3b8326d05edca0f5b6d10195e13b87b,ngageoint_opensphere
13943,f00b8491222e590eaf89654b15c77dda25f50adb,ngageoint_opensphere
13944,f00bb9f702e619c74318ae662b7e69064c916587,ngageoint_opensphere
13945,f00c930b516e8d1f8d4a8f45075433c9cc9e0e02,ngageoint_opensphere
13946,f00fc2ae6e7eaa582fe074595db65cf5f05326f6,ngageoint_opensphere
13947,f01528392ffb3b66c1c6f741f260e6cf3c5cc907,ngageoint_opensphere
13948,f0179f183673c03c26b89079db8989b0e9cff1ad,ngageoint_opensphere
13949,f01fcda0334148b88fce11102ea29b03d208cf86,ngageoint_opensphere
13950,f027c5364fc5898f936eb5cc0f04e6e6bd476acc,ngageoint_opensphere
13951,f0375743ebde59f69dd1de1f1739e4d671200908,ngageoint_opensphere
13952,f042fd8569d8849a175cc06b72b31bc04d120b24,ngageoint_opensphere
13953,f0439ce6f4234ab46452a7d707af78ee71baab65,ngageoint_opensphere
13954,f04bdd42ce6d508daf4859d39b988d10f8e633d7,ngageoint_opensphere
13955,f0524ad4f7c86851da21836d7f2abecdf16236e9,ngageoint_opensphere
13956,f05311fb1a63d6da462bf8783ba8d818cc5f9024,ngageoint_opensphere
13957,f058c1d0e05b1ecdb6ce14a2397419153b5d8f04,ngageoint_opensphere
13958,f061546d78e9ba375225e71b7514f08978933cce,ngageoint_opensphere
13959,f0630ac5b4045a7365315d4be1482173fa5b311d,ngageoint_opensphere
13960,f0653d32b577aaf3609adc355c61e171dd6ce1d5,ngageoint_opensphere
13961,f06565138402208a3e1d210975670d0ba3f3455d,ngageoint_opensphere
13962,f07d85fc776f782e2dc2ca510ddc0941e4e0441a,ngageoint_opensphere
13963,f07dabc9604e50ec17fb3c22b5609d4cd268d3ca,ngageoint_opensphere
13964,f07fd32ded8e3d264f51fee730828753c0ccadf7,ngageoint_opensphere
13965,f0828bb1dbc94744148f9924733d51fee04daca4,ngageoint_opensphere
13966,f087b594fed5bf8ca815f7c58c05d4b439a15cbd,ngageoint_opensphere
13967,f08a345f2c7b880534518779ee4b437079e49129,ngageoint_opensphere
13968,f08affd22b09a66d2146473434a0b92952d2c1af,ngageoint_opensphere
13969,f08fd891a67a9785bcabe9022bd8c6afb29979a8,ngageoint_opensphere
13970,f092b1cf859906b7987054e880f39c6e03ce1269,ngageoint_opensphere
13971,f0956c73d13096f417bdc3cabcff388b983f56d4,ngageoint_opensphere
13972,f09a27249e8f11c4ad98cb9eddfe3f9f9f0a318e,ngageoint_opensphere
13973,f0a68cfc91f70248254e0ff7695a266dec68c56a,ngageoint_opensphere
13974,f0b098ab622aa401e1e1fc7d12dba2a588f0c271,ngageoint_opensphere
13975,f0b8bdd083b9372ca0d66585cdcf602340b2f219,ngageoint_opensphere
13976,f0badcd6b28d7fecb4c8c582cce3b79409643925,ngageoint_opensphere
13977,f0bbcaaaac7087447c41b4c12706bcf5dbd7f848,ngageoint_opensphere
13978,f0bf5f0895c376316bfb497494f1352ed13b33a7,ngageoint_opensphere
13979,f0ccd7a436df537a8558125d0b65c535ed41bd53,ngageoint_opensphere
13980,f0cf7da0284357a5f80107a46d84ecb89c50ac86,ngageoint_opensphere
13981,f0d05bb67177246a7be315ac4281f2c2dbf64e89,ngageoint_opensphere
13982,f0e0c5f7a576c57af742c0bb2b3414a14336ec69,ngageoint_opensphere
13983,f0e7ed11d3a1a8f520273f0113368504ad7dc37a,ngageoint_opensphere
13984,f0e8e9d21d4e24b8588843b5ac0c8fb4e20f35ee,ngageoint_opensphere
13985,f0ee4d78a843516e6324fddc9336c3a5c4469883,ngageoint_opensphere
13986,f0f1b9a4cf5fe266c5dd58195543eb06fd7b48d3,ngageoint_opensphere
13987,f0f21fa91522ad09f873a7ef0a637f722143875d,ngageoint_opensphere
13988,f0f2643bac3de7d9fbec52ed1a782c7b28fbbd9d,ngageoint_opensphere
13989,f0f3ccef372a3c6d5f7236dc9996964b8c10c8fe,ngageoint_opensphere
13990,f0f43067389c7417ef3ddd0d835e524d1ce704a1,ngageoint_opensphere
13991,f0f8dc8f4e5e889658d2af65c9495882183422a6,ngageoint_opensphere
13992,f0fb426abe9e077192fbc133fb2595f8d44ebccb,ngageoint_opensphere
13993,f1013a19bf5021bc221b1e505851bc394524e39d,ngageoint_opensphere
13994,f105eaf84ba3e5a94b2ac3cea8f47ef2bb8037ab,ngageoint_opensphere
13995,f10c0a9fa97630c24e5cc90581752da01021fa54,ngageoint_opensphere
13996,f10d5e478d012bc96ed3b9998f7633f5363883ca,ngageoint_opensphere
13997,f11a6c8d16db0d4cbf8e34a6d46565eb568a4ef6,ngageoint_opensphere
13998,f11f241811999673ef8bdcda3a649f8a747d0c30,ngageoint_opensphere
13999,f12172857d5999f0f1f52291080cdd865fe08c2d,ngageoint_opensphere
14000,f12f368243d69f0e299c14d10a5fde9974768231,ngageoint_opensphere
14001,f136b8555b6af4be0b5a3d0a11fcc7795031b43c,ngageoint_opensphere
14002,f13fe99811132562e8c4aa4fb2a0db8680a141be,ngageoint_opensphere
14003,f141d3490c22debc5e10fdc9820b18d722c73954,ngageoint_opensphere
14004,f146ada6ccb2546b41672552749bb2e537bc41bb,ngageoint_opensphere
14005,f14c396ce0c9f6a2a8d12ee2b9d5250a7530885f,ngageoint_opensphere
14006,f14fb0899602f9979e80d93faa458be8bad0f714,ngageoint_opensphere
14007,f1510d142b165a929516c86061fdd729cfa01c69,ngageoint_opensphere
14008,f1568580fec64be69978bdd05357aa269518a876,ngageoint_opensphere
14009,f1594360d540a79f1ed96082fca643a1c9aca5df,ngageoint_opensphere
14010,f15a3f34f45f13dee8d412eb55766faf5672da84,ngageoint_opensphere
14011,f15a45eafe94c33f41039cfb4532b0a4bf3a2852,ngageoint_opensphere
14012,f15f4bdc40325daf1422105b39dc91aed2b3123e,ngageoint_opensphere
14013,f16351581781ffd518ff5c8a89c7fad782c9c1a0,ngageoint_opensphere
14014,f1673f0fc161fd02d9d2fd82dfed160478ff7dfa,ngageoint_opensphere
14015,f1679f7e63d36802cd62aad84161b667e2c30a96,ngageoint_opensphere
14016,f167e8bcd68172856e68138cca278f7b70c5aefe,ngageoint_opensphere
14017,f16cdff9b3f7e453f954ff8038a986d77260cf4e,ngageoint_opensphere
14018,f16e66d02f516847007b8a4120734e90618cf3cb,ngageoint_opensphere
14019,f16fa0773c148736d7ff36838ffc390be3362477,ngageoint_opensphere
14020,f17120519ba64918940433a13488834d192e468d,ngageoint_opensphere
14021,f172fbebccabe7b9f43320f753a6b44fdc6da795,ngageoint_opensphere
14022,f176b9fe065b7e1af159153d6ee41d828e8ad5b4,ngageoint_opensphere
14023,f182f2ce297766b7960ca09991dcd9c71263b1e2,ngageoint_opensphere
14024,f1841cb8645ca0ac9b6350143407c7c3690c2d27,ngageoint_opensphere
14025,f187acaabf430194e8de4a5f4c45ff49d8d47375,ngageoint_opensphere
14026,f1903207814c0164cc2c382bb066246b8a67a537,ngageoint_opensphere
14027,f19185042b895a6e17477b49e18243023edfa1a3,ngageoint_opensphere
14028,f19648198173064ed5dc9f0825ee8852c205f9d1,ngageoint_opensphere
14029,f19afc944f2b4e22db630b4a0580c346a9605ee4,ngageoint_opensphere
14030,f1a33f6811646432147a5064dcb57b7f14f5f475,ngageoint_opensphere
14031,f1a4773c025c5d8ce52164e3128a19fad55b3253,ngageoint_opensphere
14032,f1a5837ae8a1df106e776e730f3b2f00838f5e6c,ngageoint_opensphere
14033,f1abc371b8f6cfeed40f634b35c0e8c7be828dee,ngageoint_opensphere
14034,f1adb4533c2ba77e1cb0be1ee0fd13e39aaad36b,ngageoint_opensphere
14035,f1bbaf4b2b7496b9bbe40255319a5a3e91b0d78e,ngageoint_opensphere
14036,f1be8c9d82b4a9a10cda1a5ddfcf86b2d0f264b3,ngageoint_opensphere
14037,f1c0fb2aaff70c384f275e2889d43a4880ec41ab,ngageoint_opensphere
14038,f1c20d2f95862c247f8dd4fcfed0ca857f439c0d,ngageoint_opensphere
14039,f1d29fa1dad8b6d38516add3e416edd6f00a67f6,ngageoint_opensphere
14040,f1d43263a15dcec7c13dfe83934529ef0fe32c53,ngageoint_opensphere
14041,f1df39fa4d8a4585e54a356b0ddc59a5daac0763,ngageoint_opensphere
14042,f1e134ec5b277a44f708b9db87c8e3909a0ed785,ngageoint_opensphere
14043,f1e490fd55ca2cd16851224df8684853aebc94bc,ngageoint_opensphere
14044,f1e6943b22a7690fa293178d11fbfd240d1dc0d9,ngageoint_opensphere
14045,f1e90f892a22c7e51eaa0976cf7699a298d804ea,ngageoint_opensphere
14046,f1ed935da5abb8acc7a5b3200aa7c5f4d39977ab,ngageoint_opensphere
14047,f1f388898a2b3e181d1644300290934b50b3546c,ngageoint_opensphere
14048,f207e0dc1ce3db4076e7b816e87b9f95c1bebf53,ngageoint_opensphere
14049,f20fa088f720e24f99dd7436a2eeee46fa03accd,ngageoint_opensphere
14050,f21461f19bc7a416066b10ae8cb3c4c5cbd7634d,ngageoint_opensphere
14051,f214cba3557ef3321e9d402c34a96664317597e3,ngageoint_opensphere
14052,f21a5a254607b55344211d246aef3b827aa7a8db,ngageoint_opensphere
14053,f21b654931887020a82b383276092ab45ed87e57,ngageoint_opensphere
14054,f21b6bd8ff945a432ed2613c8cb3e758839efd91,ngageoint_opensphere
14055,f21dced4407b8289566cae6a82ef485f6caa6d33,ngageoint_opensphere
14056,f2228cc8bcac5f10a49b402af135d2394a5ecd11,ngageoint_opensphere
14057,f226d198b093b6ae5a1ed82661dece4db4de1b01,ngageoint_opensphere
14058,f229c4bebf7dfaadf9ea4bd89352e2b3af0e5421,ngageoint_opensphere
14059,f22f88034d409e7dd1ba33ca7a98f4c0ed160359,ngageoint_opensphere
14060,f2317650522fe9c7a5d608ca91551222232407b1,ngageoint_opensphere
14061,f231ad35dd6f2d8bdbfe1a24a12fc3ae1904d734,ngageoint_opensphere
14062,f231c0e55b465eb92765a550aed35fd56f8ec0e5,ngageoint_opensphere
14063,f23524ab82fb42ae694a25b39b032a71fe475712,ngageoint_opensphere
14064,f2355a8ab05596dfe3063a81bda8b6c5e458d297,ngageoint_opensphere
14065,f2401065004335574713b59ea84e84c2ba9da94f,ngageoint_opensphere
14066,f240d546b04fcbfe3eb7b98dc6d8ff7dca85cbac,ngageoint_opensphere
14067,f24321c0adfea78023f49cdd68dde447d3eb79f8,ngageoint_opensphere
14068,f244a12d6fd8aa790802b4aa463212ff2a50f08e,ngageoint_opensphere
14069,f247eb6b6e181c1c55c7cb735149bbaece732c41,ngageoint_opensphere
14070,f24ad05297f5be7ef5e38957b708d12811c8fc89,ngageoint_opensphere
14071,f24adc6a0922f33b75e507b0288dc29005a53b01,ngageoint_opensphere
14072,f24b1375c579ca082b739e155498f900c35f504e,ngageoint_opensphere
14073,f24f6c4fff708d9e2ca907c7dbe313a031111441,ngageoint_opensphere
14074,f250d32a3277ad10aa00ccd1c83c056c1aa5f80e,ngageoint_opensphere
14075,f251110de0fa7ff43e68ba9ccf2f1fa6844a99d2,ngageoint_opensphere
14076,f251c9d41dc0cd633f09e6dd92ae3787caf9b563,ngageoint_opensphere
14077,f25409b096dcbe644d3333150f0d0b69e36c153c,ngageoint_opensphere
14078,f25480816ac50c3aef2a1da4bdb68709228cdf6d,ngageoint_opensphere
14079,f254c19eff34f8d1b84ef08ee3e466c26c0e202f,ngageoint_opensphere
14080,f256df0fc21fc0bc64dc6c489b705924ae4a7ead,ngageoint_opensphere
14081,f25923360c6a119c834640a8d91b3947671b5b22,ngageoint_opensphere
14082,f259f026dd834f608b6a0aef8b351d7795c2421c,ngageoint_opensphere
14083,f25c62a152bd571fd93860646cdeaac05519f43b,ngageoint_opensphere
14084,f265e3eeeec87dce2b8c792796b320c65be87a2c,ngageoint_opensphere
14085,f276cca31da752d803ecb93a8a0cfb975f933dbe,ngageoint_opensphere
14086,f276d48ed487cf5b548cbbed27bb023313cf0089,ngageoint_opensphere
14087,f27732df27e76cbb0fa48f8153cf183bc5785fd3,ngageoint_opensphere
14088,f27cae68c6c89b0b410d3735d932fab4acd4bc93,ngageoint_opensphere
14089,f283eb548d374ec63dca9eaa7e6cc99723899e86,ngageoint_opensphere
14090,f28bd1423ace7197571ed5c97bd3abf2f3ae4e79,ngageoint_opensphere
14091,f2903ff4ae572ba871de22baace9f1754e65e16d,ngageoint_opensphere
14092,f296832826ead7fb739daaf36f5d0d7cd5bb4980,ngageoint_opensphere
14093,f29b52e28d148471615e14f2c1fea29a358c74ec,ngageoint_opensphere
14094,f29c994588a80290298bb843d0085d53ae9037cd,ngageoint_opensphere
14095,f2a3a3973677b15fd514b0f4ba9c5723056c6f05,ngageoint_opensphere
14096,f2b04d39d8ad024f302b319529f5357af3f5743b,ngageoint_opensphere
14097,f2b3540301b4dc0b91fcc0739588f9ed9998b152,ngageoint_opensphere
14098,f2c4eccfd41c7009a579a85e1af0b76bb7b0fbe5,ngageoint_opensphere
14099,f2c745e57a1cce53074e61065baa3eb54121a3b7,ngageoint_opensphere
14100,f2cf04d025fe547975d378ee96be337b1e963393,ngageoint_opensphere
14101,f2d66e9830a96c52b7790cc3f1f1a0dc64824c69,ngageoint_opensphere
14102,f2d993bbed12c0d5f8ae5e1099ea767d17f8c98b,ngageoint_opensphere
14103,f2db19625852ae1cc89bc56d5c52a9b302aad142,ngageoint_opensphere
14104,f2e0af3f72b56600d58b9304bb385af9bbc71f3b,ngageoint_opensphere
14105,f2e454a67f15bc08fb520c65948a46c3a2e8b1c9,ngageoint_opensphere
14106,f2e4f9d280ebd0b3d1657d41fa2fd33088045fb0,ngageoint_opensphere
14107,f2e56d1d2fce683de2615b79ced2e9af01ec0519,ngageoint_opensphere
14108,f2e748b5a200d08728d166280c8d95871c55cc7a,ngageoint_opensphere
14109,f2e74d1487cf8edc669575f2fe46e7235d24a096,ngageoint_opensphere
14110,f2ef0eeff93be13051706a4eb62ed812c32cf31b,ngageoint_opensphere
14111,f2f1f19d1e553c5ecfc86863b2acc1c486fac014,ngageoint_opensphere
14112,f2f98ce7212e8d1a6f91c579c59103afa92221d6,ngageoint_opensphere
14113,f2fb97ccb8ec36963dfb34078e35057b86f5e9c1,ngageoint_opensphere
14114,f2fc0384fd3eca1117222580c4b7605ab2681515,ngageoint_opensphere
14115,f3014d17341778a1ed613e65d600335b1a41b3d7,ngageoint_opensphere
14116,f311921ac2e7b909099aab4a2502498ee4be2449,ngageoint_opensphere
14117,f311b7970d48afe091b650b65c3a02dceecb08ca,ngageoint_opensphere
14118,f3142bd7a793900813907d0611ad7101b517b5eb,ngageoint_opensphere
14119,f3143cec94a8df04eae034ae7525b3b7d975e982,ngageoint_opensphere
14120,f315f935e53894c50f68b691b6fe66c2d9369259,ngageoint_opensphere
14121,f3171fcb38fa510a99cf1542f3ae3e7c6ed3cc73,ngageoint_opensphere
14122,f319e6f4ea20d894d6b345cf418228953c034401,ngageoint_opensphere
14123,f31e8f22db528dffa79c37b6b1893e37a6147e11,ngageoint_opensphere
14124,f330ea1609a9d044add83e0befa401c01f43b6bb,ngageoint_opensphere
14125,f3314fe928ff2c82ceb263365489f827312f44ad,ngageoint_opensphere
14126,f3322fcad08d72d6a8bf8ce85095bf61c5e4fd88,ngageoint_opensphere
14127,f335069daa7ffe7a7defb51d0002cbc656094d36,ngageoint_opensphere
14128,f335fcb3cd8ae3aa9263c05e1842cd131b0ecff5,ngageoint_opensphere
14129,f35283877a25573879e14804d94f3468304a836e,ngageoint_opensphere
14130,f353882e295d4184270524cb9da60a6c9af3bbcc,ngageoint_opensphere
14131,f35b90036a78b9021b324a38519caeee7adf8e8a,ngageoint_opensphere
14132,f35e26a5b9954d8c99f816d04a5de169be1358f8,ngageoint_opensphere
14133,f360882395906ccff53c940318b194a137459894,ngageoint_opensphere
14134,f366e06d7de3a1a014b8fa43dc530b3965bc5c09,ngageoint_opensphere
14135,f369e4a32221bdbb1030089acf343208e6a38c45,ngageoint_opensphere
14136,f36ab2076364386ece0550903382669398ba0172,ngageoint_opensphere
14137,f36c263899e2dcd70cad3db9d0bbe36e7b80b800,ngageoint_opensphere
14138,f3710cc3bdb478350833415e546ceae56d060c23,ngageoint_opensphere
14139,f37d5e30ab7cba16b023956a7219387caf1a1d0a,ngageoint_opensphere
14140,f38139e9b1194f8ec96afab44f88a47347e3430a,ngageoint_opensphere
14141,f3835d1e882feb994f5da71b4afa977e1bff5d67,ngageoint_opensphere
14142,f38771f79efadbd83d675487c5aa5144a03712cd,ngageoint_opensphere
14143,f38bf25dce209517d1c30e05cd8c22141c04ca48,ngageoint_opensphere
14144,f38d0483d17dce0fe10c3d099aa45eca1b775843,ngageoint_opensphere
14145,f394f15c966224d03c5445091714ef59c645fca5,ngageoint_opensphere
14146,f39888f01641f2be84f78a25e3e67be7e755c689,ngageoint_opensphere
14147,f399af1d59e255a4fb50cdc3bfb897ecf563d0d3,ngageoint_opensphere
14148,f399f32b86e159d22277b06e9abef8abd807fe50,ngageoint_opensphere
14149,f39b03aaf4695368c9cb768ebae45a43fe4355ad,ngageoint_opensphere
14150,f39d13169f6e19d7f615c51a8dcd59a9c2a3f160,ngageoint_opensphere
14151,f39e73af12b439ae170ee6307faa239bfa2454c0,ngageoint_opensphere
14152,f3a16e166ab14b9fc67e5eae17e7c2e3f2b5f53a,ngageoint_opensphere
14153,f3a4740507f22c32934f101ed78fe5f788ee4cb6,ngageoint_opensphere
14154,f3a50d47eba0586c5987af920923706d9ba28a3a,ngageoint_opensphere
14155,f3a840478bf2faf80b323fd1f5cdf2e3b7b22342,ngageoint_opensphere
14156,f3ab62b055aa6046ac3c5d79bbcfa1f1064566d6,ngageoint_opensphere
14157,f3ac7eb104f28b17c21b3ad15d7cfb9c16b3bde1,ngageoint_opensphere
14158,f3b07c6743ff4fe100790068ee32bf24324fe877,ngageoint_opensphere
14159,f3b42a89ec22e5b6984cde5ef3c8ca34dfe48c85,ngageoint_opensphere
14160,f3bac98c9a5354e797e119920c484d7ff33fa614,ngageoint_opensphere
14161,f3bc46350b35e47c79320d9e19d78b28b19a5dfa,ngageoint_opensphere
14162,f3c10ba6840c0a65a896db05c3851a8a5c379823,ngageoint_opensphere
14163,f3c424ffe4e497c7fced1b974abadb4e16be6fb5,ngageoint_opensphere
14164,f3cb3a432805980c5fc5dd6ff96f0583e18efc10,ngageoint_opensphere
14165,f3d10f067c01759b5881ffe151d0f0ece626eaed,ngageoint_opensphere
14166,f3d6389d41d66e5a45b9893840df80d6ccaf039d,ngageoint_opensphere
14167,f3d95c5970a2c20be2498bee727d2ca2e4bac40d,ngageoint_opensphere
14168,f3de4f3d73811faf6d00c3fdcc103967a3ac8238,ngageoint_opensphere
14169,f3defbdc4dbd29018388d7cf53ac19c38b7bc9cc,ngageoint_opensphere
14170,f3e944ce74b274a3be1f59b2179a2b682215cee4,ngageoint_opensphere
14171,f3ed7647f049123257094ff75257580281ed18b5,ngageoint_opensphere
14172,f3f0f8f3609e71b550fb42d0ff1f2773ddc8fb02,ngageoint_opensphere
14173,f3f55acdd544b76cd970751d36abd1c04c443ce0,ngageoint_opensphere
14174,f3fc0b86be7e3b373264c0159fd5f344c3f61962,ngageoint_opensphere
14175,f402fb1bb48c5fddd5d59994ca09b78c28433b5d,ngageoint_opensphere
14176,f406fd5fce9f86d2d3c4e2be134b69cda639d1a3,ngageoint_opensphere
14177,f4172f1ffa9262e93fea0c285fe683f2f46b72a7,ngageoint_opensphere
14178,f41d30b068df9ca66d9ea7c091dcfc970dffeef8,ngageoint_opensphere
14179,f41f8fc9319daf8fa009509bd9b90e63bf453c6c,ngageoint_opensphere
14180,f421952eb7e36e068de949af852a1f4b309e0901,ngageoint_opensphere
14181,f426bb4beee240782ac4f5569ef99c9f8048befa,ngageoint_opensphere
14182,f427f1d8e18bd2ae825b458488ae261000af3e04,ngageoint_opensphere
14183,f42a69b31af1c46a2edb9888055db32c4e65c451,ngageoint_opensphere
14184,f430461a35d7ce9425d88e1c01f877b1ea8a99d9,ngageoint_opensphere
14185,f431d7797a480fc97c0624c65fb7875effe2ab51,ngageoint_opensphere
14186,f436bd46b380816af5248f036ae68606be4f5867,ngageoint_opensphere
14187,f4370f430f5c387c7eebea015c8e899223ad2988,ngageoint_opensphere
14188,f4398d6b8d538ef04a64edf045f582d67e40277a,ngageoint_opensphere
14189,f43a8f10bfe8ad0192867c0058c04ae6fcbc6236,ngageoint_opensphere
14190,f440865586b282f4c8e00f64df687f22289bc085,ngageoint_opensphere
14191,f4469dacc5c838abb0998d462a29f883a33a389b,ngageoint_opensphere
14192,f459db14fd20c34d778b4b978733bdcc11712d74,ngageoint_opensphere
14193,f45c6a7fb9052060035aa0844f85081e1c705f84,ngageoint_opensphere
14194,f45cda4c7079de6823ed714dd15d0b74298f3b41,ngageoint_opensphere
14195,f461a2f8b99aa5c6817f13619344f1ae22373340,ngageoint_opensphere
14196,f461a997f25037d55e290e6d1f7f42500baa2eae,ngageoint_opensphere
14197,f46b310934304e1f2558998ea62b8d2e3cb2721b,ngageoint_opensphere
14198,f46c67a8b0fa2075bebf6839f9736859be744f40,ngageoint_opensphere
14199,f46ead4af57471041c6c1383ba6178d63978003e,ngageoint_opensphere
14200,f47af04d0fe9152e16c05ecdc8e754cf7ffd88d3,ngageoint_opensphere
14201,f47b4e30f3faa96ec10228969914e0637b3dd257,ngageoint_opensphere
14202,f47d4fcccaa3e1a346ef96c9d43feb2734a0ecd9,ngageoint_opensphere
14203,f47f4f2deba1859ecd1f8d3437a8065dff2afe67,ngageoint_opensphere
14204,f48b56b2c728b4cd405f892d67c4e7c2da48d2e8,ngageoint_opensphere
14205,f49dfb6c154f9f98d06f857458f69110711e9785,ngageoint_opensphere
14206,f4a0de4a74bc75955cbda92dabb97107d64abdb7,ngageoint_opensphere
14207,f4a2117108a1e3e695caf314cae1933326373cad,ngageoint_opensphere
14208,f4a28af1c7ac1bba8885e52554422790378a1efa,ngageoint_opensphere
14209,f4a4470b93457b0fc3284ee9ec63b646984153be,ngageoint_opensphere
14210,f4a4f633000d6bcdb89db9a4ce54b61fa14b79ae,ngageoint_opensphere
14211,f4a67ea8d1ae469874de9f023205d32a0d9af753,ngageoint_opensphere
14212,f4b35ac70e74bd29163f392e6270da8e235211f9,ngageoint_opensphere
14213,f4b37b38e735125bba2472abad6bff5a7cd3fd78,ngageoint_opensphere
14214,f4b5955a892610ae5d535dc43671e5d3589ca930,ngageoint_opensphere
14215,f4ba4c7580a1ec902f2abbf04d5d94668f833b62,ngageoint_opensphere
14216,f4bd9c66c0a1baa93fdbad44908485fd7df898ae,ngageoint_opensphere
14217,f4c1671f79a8e8b9807943b6f84c81388a5bd997,ngageoint_opensphere
14218,f4c352255132837a733ddd78045cfb31808f22df,ngageoint_opensphere
14219,f4dd92d3c42c1c5ae82ddc0152dd4a804a8466ef,ngageoint_opensphere
14220,f4e7b985542ba70b4728122e49041c564a918370,ngageoint_opensphere
14221,f4ede31183cc6bbdd60d8b2777d454dcaa9278df,ngageoint_opensphere
14222,f4ee9a3e17a4f17f795e32c8c75fac71f4de91b0,ngageoint_opensphere
14223,f4f1d65641ea17b33110bdb32dab8426b14f290c,ngageoint_opensphere
14224,f4f5abd79c4e031275e8cd1e5d8b59f75cf7975e,ngageoint_opensphere
14225,f4f65ed37d56ee4c51747fb34a6ab1cccadfcc10,ngageoint_opensphere
14226,f4f71898be7569b6b0e94435c9127da26fc34128,ngageoint_opensphere
14227,f4f762e0ef76cbd3e92643a062f14d5d50bd6fa4,ngageoint_opensphere
14228,f50114cf92492bd9ab0cb8a06acafa08746934a4,ngageoint_opensphere
14229,f508e7899a0e5f761613245197c5d8698e3d469d,ngageoint_opensphere
14230,f50a9e2e303478e1866d7297f4b6cde9e9ac1738,ngageoint_opensphere
14231,f5100e77a265cd87e6ba604e656f1e756d14650a,ngageoint_opensphere
14232,f51298eb9bbe219bad25bc810cc7526ffb89a75d,ngageoint_opensphere
14233,f514f4ce4fa619d4686837c829254efd903123a3,ngageoint_opensphere
14234,f5165dfcf446bbbde8ffbda2c6bb6387e7eaabdb,ngageoint_opensphere
14235,f51b00da8093035111d070235fd45eca7d1cf79a,ngageoint_opensphere
14236,f51df8998b1791bbc13c8d19890cd56d6271f776,ngageoint_opensphere
14237,f5222db05c60e5398a3f6fcaf3adf9281ef86310,ngageoint_opensphere
14238,f5225d592a9f37d4d5774620be7c0340c3ff64e4,ngageoint_opensphere
14239,f527a0210bf750e256210303a460301bed4cde93,ngageoint_opensphere
14240,f52b545d13f4f4db6cd10f809f8ffd7e096ad0ff,ngageoint_opensphere
14241,f52bb65a71265971a0447a383649981031499710,ngageoint_opensphere
14242,f5355bf43f905490e4711b3658beadf6d87178cb,ngageoint_opensphere
14243,f536ecf634ae4a2e877f56192a2032786e3c01b6,ngageoint_opensphere
14244,f5460617ba473b3488b9415e72633c3f96fa024f,ngageoint_opensphere
14245,f54619c09c852a162bca5c65399cd2314eccf329,ngageoint_opensphere
14246,f54bfe0e2f63db43ddb2388345b38e715ac06586,ngageoint_opensphere
14247,f54c3bdf968cc1c76afb1b6dfbbb84dd92c86211,ngageoint_opensphere
14248,f5519d8026be7dded5a1c9a962c9430c1a4ab970,ngageoint_opensphere
14249,f55351942a4ef3cb20fb9802654b421359c1a978,ngageoint_opensphere
14250,f5618d5502efc3913764164a9a41421f11b145e6,ngageoint_opensphere
14251,f5657fa8a2b212ece247d006b80f2bd6b6a604ac,ngageoint_opensphere
14252,f5711dc717a596bb07c991480841ef6922ca8704,ngageoint_opensphere
14253,f572f7e817cbc3f9e9f864c9550644718b265b32,ngageoint_opensphere
14254,f57ab613b377a2e88bc954bea05d57081a2abb00,ngageoint_opensphere
14255,f57d1302c38fc07860c3d7ef4ee2990acd28295d,ngageoint_opensphere
14256,f57eb719653e2d30ed7271b34650724acc722e51,ngageoint_opensphere
14257,f57f8ac0f8673979c3803d5d15abfefb764b0caf,ngageoint_opensphere
14258,f57f9bd03b2a751d0ca7104f9e6ff7857d5414cb,ngageoint_opensphere
14259,f58762e1d1c277e49a6260f2cd71721bcfb990a2,ngageoint_opensphere
14260,f58c70dd87e3463a90335ca007aa5c5e83736c7b,ngageoint_opensphere
14261,f592bb59a35aaf96eeef3941851e7ee9ad848482,ngageoint_opensphere
14262,f5987c9b547e5e1dd4e50a92290f1ac3c876928e,ngageoint_opensphere
14263,f59bd2df7a10fb32244820b871840f871860b234,ngageoint_opensphere
14264,f5a6d84f1cf25fe3c4088b0a3a1da30453c44e07,ngageoint_opensphere
14265,f5a6fdff55f73c913b4404f6fec28e99532db91d,ngageoint_opensphere
14266,f5ab861f4e0168f0dba4e37b3322e8dd5174caed,ngageoint_opensphere
14267,f5adda53d9912a8e23972d80d2c373693efcdff4,ngageoint_opensphere
14268,f5b161a4f80973fc9950e88c437611452e3d65a5,ngageoint_opensphere
14269,f5b4b5f99ff4cdcb7abb0ebf8f7766aaaa999b78,ngageoint_opensphere
14270,f5b4bb4e56dbcc20a6853150e4171bd4ede80837,ngageoint_opensphere
14271,f5b773897645262fc341465ad9edc345266a8b8e,ngageoint_opensphere
14272,f5b9d05d3c9daa335a134f358b8c6b68475e4f14,ngageoint_opensphere
14273,f5c1b0002334e3b54d691415805920015a2b7eae,ngageoint_opensphere
14274,f5ca124a35c76c8362c7cc5288a138f49a7e664b,ngageoint_opensphere
14275,f5d03ae3a1f019ee96702b5b82e8b6fe979bf57b,ngageoint_opensphere
14276,f5d19db630c0da5a4d26118bc8c9b8c8eda2ee2e,ngageoint_opensphere
14277,f5d3f3014e3b8fcc6cf44345b968f84102e7f831,ngageoint_opensphere
14278,f5d50887332e50bf2a211d686e4a778ef7ffa6d4,ngageoint_opensphere
14279,f5dcb8c67965794438b8107850ada389547f622b,ngageoint_opensphere
14280,f5dd041e0d7b1933708c01823f0c3192809b9d3a,ngageoint_opensphere
14281,f5ddca2adef834931f1a6d373f2c03771db2bd6f,ngageoint_opensphere
14282,f5e8786eb7e37e47c2a4cf6faed707232147f7dd,ngageoint_opensphere
14283,f5e92f3716208f1d0da07cef987d68a9adee3975,ngageoint_opensphere
14284,f5eaedea16326aebb0b2501286fbb07e2453fcf7,ngageoint_opensphere
14285,f5eef8ceb29db5787a29b5673ce9daa0ce94c3ad,ngageoint_opensphere
14286,f5efa76e0ab1f4fdb66f9bddbdb3fdc559347c82,ngageoint_opensphere
14287,f5eff0109e136052553c0e4961de5669683a4316,ngageoint_opensphere
14288,f5f1be217aba5ad5282945f0b48a5b9be2171cc7,ngageoint_opensphere
14289,f5f32ca0db1e5c8fd855506c05dd5b2d19390b08,ngageoint_opensphere
14290,f5f5a35489d39cb5aa458705234f0ac4125ed60b,ngageoint_opensphere
14291,f5f6f1639d5aa9349e920f51452d666293856590,ngageoint_opensphere
14292,f5fa1a75ec5d17300a00f04dcd81cb0f651bbf0f,ngageoint_opensphere
14293,f6041047bb7802b7a283bafb9ebe6e119a5e6ca9,ngageoint_opensphere
14294,f617503634424bd98cb73c0d2869bedc9d68da3e,ngageoint_opensphere
14295,f61e4cc3988eacf242dbdedb420bb91412451d60,ngageoint_opensphere
14296,f620caa26ef7e051f8693d47655d543f3fb95bf6,ngageoint_opensphere
14297,f62113c5a0c8d0be8328fac1f618598a4d9e2f1e,ngageoint_opensphere
14298,f6245b74b25eb2930809c38d42d55ee6304914b3,ngageoint_opensphere
14299,f62739ff31f7821c231726fc8754431d9a55c9b0,ngageoint_opensphere
14300,f627fe74bd8e34534cd6ba9afe3975d35ba9ace3,ngageoint_opensphere
14301,f628c246547d9e18b6b49a02736531a1b65d71f3,ngageoint_opensphere
14302,f62de00964c703d8578c43e660f18a96edb28b0f,ngageoint_opensphere
14303,f62ebf490d7d31ed0d81a738d472d720bfee1673,ngageoint_opensphere
14304,f6370be65dff4aed70b4ba271496dd9028a19d09,ngageoint_opensphere
14305,f63893f7a7f6a49fde2da2065a80a4635a3e7de3,ngageoint_opensphere
14306,f6401b6c43f2b95f33b5cb394dc82138f63a86ae,ngageoint_opensphere
14307,f643169f336e03e861d1d47194be6fe7dce91883,ngageoint_opensphere
14308,f646c4e29015aa33a351b04031adea0b413a4e23,ngageoint_opensphere
14309,f64c0a35d968115a07e3239911da4323ee7bf2ae,ngageoint_opensphere
14310,f64e8b478bd833df9a03e26a49037fc7ff28b02c,ngageoint_opensphere
14311,f64ea1d1d3b1d76ffb93f7ab9cbcea01e856b498,ngageoint_opensphere
14312,f64f1d892f602d28cfb318abd91c5d67ad2e2729,ngageoint_opensphere
14313,f64f659b1afd8c375e557a305e6295d4074e5bec,ngageoint_opensphere
14314,f64fe647d57104e50c6a0e12a616407ace3a3a8d,ngageoint_opensphere
14315,f651e568114e963738b79e405ab7d4249198ebed,ngageoint_opensphere
14316,f65bf083d91d653ba52962beccc12596a810ac35,ngageoint_opensphere
14317,f6624a4a4aa5cff547a4a358adc753122d7b90e4,ngageoint_opensphere
14318,f66f77145a35cb59c5616d27c1261db50eb6c5fa,ngageoint_opensphere
14319,f670e12825ab003e36f06333c720bbbf19ba8cfb,ngageoint_opensphere
14320,f671dda66a8a1080fd321dc55d3b24c34ec80d8f,ngageoint_opensphere
14321,f6750d2022ba6993b4333c21d7bf6e68a860f559,ngageoint_opensphere
14322,f67512539220319c237d4de5b7c26a6493ba9d86,ngageoint_opensphere
14323,f677e97c698dfef8ef7727cb01b2cfd5671de081,ngageoint_opensphere
14324,f67dcee70c81cb3207dcd2175b4a1fc048ad08d0,ngageoint_opensphere
14325,f6852623148a8e1e8247160a06126521f577b573,ngageoint_opensphere
14326,f68583b2014b334d71bad2fee158905a16345907,ngageoint_opensphere
14327,f68aaa7a4612b2e337ca33925c306b4617106d7f,ngageoint_opensphere
14328,f68e384d9cd0ca26092a42152a5c5fa155b2aeb5,ngageoint_opensphere
14329,f696add9a001cb9329ed63ae94c2ed004bd77de6,ngageoint_opensphere
14330,f69da165537295fa6a2fdced3dbf9c8de45ce628,ngageoint_opensphere
14331,f6a4785df79f2dae63ba2e7dbffd3fa5e4ddff37,ngageoint_opensphere
14332,f6af114545c58087b49bf50b94cc2b5c175ee30b,ngageoint_opensphere
14333,f6b8279d0b082fa258a19e40b93e915c849ec047,ngageoint_opensphere
14334,f6bb07a728cb82a9c5e8c1c49b49e297c96ba2de,ngageoint_opensphere
14335,f6c06ee40d8741145bb7d9ecbbda280470485207,ngageoint_opensphere
14336,f6c1574ba99e77f8a0f569e604642c5d869f2dbb,ngageoint_opensphere
14337,f6c24ebf63ca2611a298a6c218c6c5d9f2ed0423,ngageoint_opensphere
14338,f6c3f341da3b0a06b1e1febcb68bfc8ffbf5cbb2,ngageoint_opensphere
14339,f6ca577b0c92c139cadb47d94f55fa3ed8d5179f,ngageoint_opensphere
14340,f6d5c9d9d65ad50e6dfcb5ad02754c1e5b31b3d2,ngageoint_opensphere
14341,f6ddd91f19623dbcb135a3fdc33eee079bd30758,ngageoint_opensphere
14342,f6e02c677a9422aeab3d48bd0cf8f70bdbf68125,ngageoint_opensphere
14343,f6e6d0cd7492fda3e5a8d4a33e3740de97ec4f4a,ngageoint_opensphere
14344,f6e75bd8f458abc482c8698e30fadf665d8a4042,ngageoint_opensphere
14345,f6ec4c557216c604e57303f0e30602d6fbe3a5e3,ngageoint_opensphere
14346,f6f574683930f03de940a41411f83ba8d0126089,ngageoint_opensphere
14347,f6fd2c0b14e2ba4bf1bca2e99145487a0f2d79ac,ngageoint_opensphere
14348,f70720ccc564e70a548a0393f0c5922602e7d561,ngageoint_opensphere
14349,f708589dbf69573810edab6cec0897eecae5ce7a,ngageoint_opensphere
14350,f70ae728f5f7809dc25ebbc0c21ef782785276c3,ngageoint_opensphere
14351,f71812d84fe61de973d89f5033338e8c170446a5,ngageoint_opensphere
14352,f719ec87fac1c05541b62f7012c41aa864f3f40a,ngageoint_opensphere
14353,f71aee811aea9a94aebbd210dadb4ca0df9c3f24,ngageoint_opensphere
14354,f71dbeec89c5a01125d51247ec000356d19f3b01,ngageoint_opensphere
14355,f7207163668c9508891d0e4a0e31abd2a9eb3a6d,ngageoint_opensphere
14356,f7235ef0f309da8630bafe86495893c9e9e54168,ngageoint_opensphere
14357,f723994e3df8270f1b39f060fbaa2b56760e61e2,ngageoint_opensphere
14358,f72584ffc0a648b1979887b73caa26f07ec8cff3,ngageoint_opensphere
14359,f727e4b212e94a15aef833239bccd50590085e8a,ngageoint_opensphere
14360,f728bbce7de1a974ddfb4c30d072f54dc51b4317,ngageoint_opensphere
14361,f72f669a51071bb34497715f4b9746be298283b2,ngageoint_opensphere
14362,f730b486b5c451998fa9fa72cc9a5488935e6621,ngageoint_opensphere
14363,f730da24722b11f2250e27c779f023e899a1dcaa,ngageoint_opensphere
14364,f73c437d786067910724f6e3da470d2ccee9f122,ngageoint_opensphere
14365,f73f68f93220e325260efc11d05c5e5cd9420bcb,ngageoint_opensphere
14366,f742d208e55cae5412f1d729daeabba28a3a749d,ngageoint_opensphere
14367,f74330f2035fabcf0eb5626b66717bc1b38d3716,ngageoint_opensphere
14368,f7471ea29645ffdfa39327aafdee0563b3dcacf4,ngageoint_opensphere
14369,f747fffd137ea1dab614be6613f31527e71e555b,ngageoint_opensphere
14370,f74e117015d6d9500419b681f7321d18c03fb51b,ngageoint_opensphere
14371,f7500b901daf758d0ba30d0fb62ace315b518c8b,ngageoint_opensphere
14372,f7504b47adfe9f132fb46ceae0cf0b0d70babf33,ngageoint_opensphere
14373,f755ded953a232f58efac7bf798f92f1ecdb1872,ngageoint_opensphere
14374,f7581638a2730e8f6153ac83049c0232e1500720,ngageoint_opensphere
14375,f75acc5532322a02db1df0b2bb49c4e01a0e96ed,ngageoint_opensphere
14376,f75bd43b5e8283a63747328c1502ff0799e34467,ngageoint_opensphere
14377,f76ce69e3828c521c005f7de9a6c35556458e11c,ngageoint_opensphere
14378,f76e3b25b762e834d4c6588a05a72d75b462fda6,ngageoint_opensphere
14379,f773221c6d23f402049609a47ad1e4da20adb6df,ngageoint_opensphere
14380,f781095a2b795ecc309cdcff64af9ccf31f755fa,ngageoint_opensphere
14381,f7890f6f41ad0a9686cca309adc02bfe08b7bea7,ngageoint_opensphere
14382,f7894f4665ff2557016968f3c17966b2f2782a87,ngageoint_opensphere
14383,f78ce421dc00b1b5e1bdb3d3ceef31f3f1974031,ngageoint_opensphere
14384,f794469e188842d8e4bc719b3a4ab967fe68383d,ngageoint_opensphere
14385,f79a4099b2bc1735a0675846efa511fd41883136,ngageoint_opensphere
14386,f79bb5cdb27c26fdb1a1b16dcaac9b2586895e68,ngageoint_opensphere
14387,f7a28085df6b02d2a8a5203c18d104b61841e291,ngageoint_opensphere
14388,f7a314b806ebbbb59953136dec6268e21269aad3,ngageoint_opensphere
14389,f7a418386c06e960458c0cd18884a0235fb69579,ngageoint_opensphere
14390,f7a49105adde07bad9b67a8252c29d93222fd732,ngageoint_opensphere
14391,f7a6af674cbbfc499e83cf1e286ed60af673d44d,ngageoint_opensphere
14392,f7a7b53c100b56ceecec00228a7f38a778676aa4,ngageoint_opensphere
14393,f7ac3d9ddc2ca860e32dbf48c2b849c9c553e12f,ngageoint_opensphere
14394,f7b01d8df9ec30c44235bb3613016bf86cee6352,ngageoint_opensphere
14395,f7b2175a0845747ef5ac5f9b086b0010c494e43b,ngageoint_opensphere
14396,f7b4ca095161bd0cba05feea47626a22ebf405a9,ngageoint_opensphere
14397,f7b5bd11bb5c536ad54a33c6939b66d8b1881e25,ngageoint_opensphere
14398,f7b5cd26f569dcbf1b554fc86ff8657d01977c73,ngageoint_opensphere
14399,f7b6ef4c1bbcbac76f97665043ec5a15d9a3f30a,ngageoint_opensphere
14400,f7be370056189a0ab4b847babb2faa3075004291,ngageoint_opensphere
14401,f7d053762e664aad12ac87d43ae0a1d1a5fdff68,ngageoint_opensphere
14402,f7d4d6acd2fd91af9ab18fdfe9085cb9691af22c,ngageoint_opensphere
14403,f7df3f21bd59bb3a2fe986040b4737cf34a18d12,ngageoint_opensphere
14404,f7dfce37b6c0f458511b90a86c34e0453f9fc7b4,ngageoint_opensphere
14405,f7e48291a087b1778fb9e77fb56436f64b1b9f8b,ngageoint_opensphere
14406,f7e5cb8e611d3cb58d73bb2aff78bce7d337c3be,ngageoint_opensphere
14407,f7e84c2e2242d5d97ae07f879cbb6b42fc1e19a5,ngageoint_opensphere
14408,f7e9c0b36e3e3385a7cc9491296295da76ed5ef5,ngageoint_opensphere
14409,f7fce3bb94d068686d7dbb8076e7bdab233d555a,ngageoint_opensphere
14410,f7fefc452b00b85d7df20b4a78a2aa07aef72ac6,ngageoint_opensphere
14411,f7ff8fae12476ff03d2b35a1a0cc294a89bc09a8,ngageoint_opensphere
14412,f8012cc9270553c2414847826a1e8a4c9cfde14b,ngageoint_opensphere
14413,f8040e4ccea24b2042f6b7ff2ca12c834c7290bb,ngageoint_opensphere
14414,f8117c232a99c353d717965b1752b93b59c12bbf,ngageoint_opensphere
14415,f81e2a6bceaa037b783b8fc6d7a22cb07c762cb4,ngageoint_opensphere
14416,f8212707d988de3f859c6e119a3a50f0e778ca9a,ngageoint_opensphere
14417,f82419ebe2e5ef320a82fabfaedda2c9ffb69ef1,ngageoint_opensphere
14418,f826673cc239985ace8bcb710a3fcfc738280554,ngageoint_opensphere
14419,f82854f885f7feefffa3663693e5a2faf82896aa,ngageoint_opensphere
14420,f8293657e516a73a16a84936fb9ebb4e7bc09feb,ngageoint_opensphere
14421,f82bc6321910bebcce16e1ea34bd2b2e53d07367,ngageoint_opensphere
14422,f83b14363a562c42e617b6f016c6654a1736a228,ngageoint_opensphere
14423,f83ecdebc44423b01f351b7defba52d7ef7d0480,ngageoint_opensphere
14424,f8403478a79efe62211a68b165a0c19a557e4533,ngageoint_opensphere
14425,f84056433bed7dda87047b9b50f45436d9a0fb4e,ngageoint_opensphere
14426,f84a2ae933843d47fce5c806a001e2ea5d4018fe,ngageoint_opensphere
14427,f84a890b4f4aa85901d030cb1945eb9bd5e02a0d,ngageoint_opensphere
14428,f84d91bcf300a2700845ee5af335d5df5050aab3,ngageoint_opensphere
14429,f84dea1f7d4e411b4354de3f8444aceb373388b5,ngageoint_opensphere
14430,f856faec3685c63672a8a923ecc3ec17542afba1,ngageoint_opensphere
14431,f85cf4786171d13cc8c5f90268a20a09138235cc,ngageoint_opensphere
14432,f861bdf63ae11bc5261167ead6b0afe5fea931d0,ngageoint_opensphere
14433,f8658d51d72b972aeda6d18ab1411b84a1bded3a,ngageoint_opensphere
14434,f86aaa6471dd92d96bff14956559dee0c091ffb8,ngageoint_opensphere
14435,f86c2a420b2b5ab6be8a6934333955e7c2b12191,ngageoint_opensphere
14436,f86c50448eed20ca27658b15e2e405976ba0127f,ngageoint_opensphere
14437,f86c9c1769247b7086c904b8d397b7f49f2a5807,ngageoint_opensphere
14438,f873e1fbe3c8e501c05d0d6b88362fb640fd69f8,ngageoint_opensphere
14439,f8748b61a102a2285f6cf3ed2c8c9c8684a7ab72,ngageoint_opensphere
14440,f87d6078c49bff40ace8cfc754b1e519203e7240,ngageoint_opensphere
14441,f87d92f135c8d660d4c80ba53807844449132acd,ngageoint_opensphere
14442,f87d9c34eb3d8b673f49b10a39dd14e7310b3d27,ngageoint_opensphere
14443,f8842a95af249f28a08dd11d42788e650f250b35,ngageoint_opensphere
14444,f885650eab4e05454a132e5d70b4ac9c700d69aa,ngageoint_opensphere
14445,f88c8ec515f478a33aa4aae4567ac5e26debbea6,ngageoint_opensphere
14446,f88c9352bc69f83339b9ac7609466d95bc160abe,ngageoint_opensphere
14447,f8916b22794eb3aaef555ec444fc4afecf3c0d79,ngageoint_opensphere
14448,f893cd75ee7b6c094500afdc9d9c9c9d5b6e6439,ngageoint_opensphere
14449,f895bb8bc69fc9c2d4a86828c50dd09a8a83ef12,ngageoint_opensphere
14450,f897020ccc58931715e21d0d618aa02dde7ed7ef,ngageoint_opensphere
14451,f897f8d350cafbc99cf65cd77b282d1e9fc44835,ngageoint_opensphere
14452,f89ae36b4e938c4a0552d199dc40449ba45a9a9a,ngageoint_opensphere
14453,f89ff40487b6f8299bf61062442f7b4d0603b0a1,ngageoint_opensphere
14454,f8a49673a12a8bff1a4680ac92a072a7d68948de,ngageoint_opensphere
14455,f8aacb9e93ea3e2c746aac00786aa51ce3448823,ngageoint_opensphere
14456,f8add948354da324889df13800f23ec65fc49589,ngageoint_opensphere
14457,f8b27f8c0fded808ecf319a4bd9f0a56d8c1b3bd,ngageoint_opensphere
14458,f8b35024d4e304b6904de62486fff075a92a74d8,ngageoint_opensphere
14459,f8b3e8656a3fc0c27bbb00078a9ec1daf44d2859,ngageoint_opensphere
14460,f8c8ae3bf074c5db42256e6df0db6289a2f7ff3f,ngageoint_opensphere
14461,f8c9c7da496409bbced9edea0af66d2047b25aea,ngageoint_opensphere
14462,f8cb38cde7c35edbd16416e9404ce6cb5976753a,ngageoint_opensphere
14463,f8cd86deea53acbde94d1c36533ccb88761f6b25,ngageoint_opensphere
14464,f8d975d0aa7966c9a1623af8977ca953a6da2d14,ngageoint_opensphere
14465,f8da5cf56c6625a085547d581c0222c246253c78,ngageoint_opensphere
14466,f8db8f03a1d9aa9258ac6cd3f290dbb6c77e6371,ngageoint_opensphere
14467,f8e40b82775bea1e967b08ee02a9ca119abab688,ngageoint_opensphere
14468,f8e8dd16c3ceaac71ab53d6564b438bdebc70149,ngageoint_opensphere
14469,f8ee31c0a3ff485123fb45a436bca3661eec10ac,ngageoint_opensphere
14470,f8f08cfd099c5b2217a35cd46864dc265de0aaa0,ngageoint_opensphere
14471,f8f5011ddf3eb1774283e4b130d6602868f486fd,ngageoint_opensphere
14472,f8f82285d67497e2db8e632005c6a8e8e00fcd9c,ngageoint_opensphere
14473,f8fa6d55d378d37c5368dcf49eb53bc8c58612fa,ngageoint_opensphere
14474,f902b563a1535c243f1caf3090d5e47c9dd620a9,ngageoint_opensphere
14475,f90661abe4982d6a89af9fcccb9bf12e5e96de81,ngageoint_opensphere
14476,f9087189deb5b3c7d6af1e7fcf236c10ef809489,ngageoint_opensphere
14477,f90d9402a132a7cb1708c07f877663e9d74ceda4,ngageoint_opensphere
14478,f90dab6bf1b1040c4a1bc7ba91136e637c649427,ngageoint_opensphere
14479,f9110287c6ab0915287ef0b73d47f8751f7604e2,ngageoint_opensphere
14480,f91a401023ce30f4620684de8e99230de8516ed9,ngageoint_opensphere
14481,f929e557711eb16c20f6ba078db89603d76c5e56,ngageoint_opensphere
14482,f92f46a8b92c95c088f12d0b81681be2ecbf19af,ngageoint_opensphere
14483,f9398c7ec48ca3663afe103180b77c1d8b086da6,ngageoint_opensphere
14484,f939c28193a6a155c7a877e0d26c87865ca001c8,ngageoint_opensphere
14485,f93cdf4f63849d9b37c668984ff72ea92485566f,ngageoint_opensphere
14486,f941963c12040a58082331163e1ff8bf153c0598,ngageoint_opensphere
14487,f9432a858270453933f149c5e602dc4e2734e2ad,ngageoint_opensphere
14488,f9524af6ef4576daf043ce90da7af70a4cebe709,ngageoint_opensphere
14489,f9528d76756a842e408304fad849629e20f1560e,ngageoint_opensphere
14490,f955f11742d1a35c03423658f518317a9b226de3,ngageoint_opensphere
14491,f958e0133588bd5d008bb20c5754f7f5a7732552,ngageoint_opensphere
14492,f962d51a5a5d3000ee4a76d92786f1d8ef086b30,ngageoint_opensphere
14493,f9647066376a9b3ca36ca5c8d303baab2cb1601d,ngageoint_opensphere
14494,f96a1e34cc575ca7fcb37bc9d675aae0fe035192,ngageoint_opensphere
14495,f96ebb9fcb164e8ccc4aa7b5b96798d347bbd517,ngageoint_opensphere
14496,f971cf8551e7e24c53bb7443e9cfcdd4412eefbd,ngageoint_opensphere
14497,f9774d5528966f586344fdaae84cd73f744202d4,ngageoint_opensphere
14498,f978663c1fda71e7339744813e624d7a2d220c2b,ngageoint_opensphere
14499,f9806199a302001dd9bd4990c316720379644904,ngageoint_opensphere
14500,f981fd4e2a6ded2901dc259aff655b28fbc36990,ngageoint_opensphere
14501,f9875f49364e8935d503bc4958fdbc9e425589c2,ngageoint_opensphere
14502,f9951c673e6c1c37fe8ea4be52d6cf62c416351b,ngageoint_opensphere
14503,f996dfaf31ac682b9f0f2392f9adeb6a7fa09e74,ngageoint_opensphere
14504,f997c0e6385fa76488de018185a72366b0545d96,ngageoint_opensphere
14505,f99981f7c7e424a3f6841863af3f5abdf431a802,ngageoint_opensphere
14506,f9a10348f0d58ea7a9d87e86e2fa5e5d6367f381,ngageoint_opensphere
14507,f9a4778c2acd43081524ef3e854d6c4c708c0a21,ngageoint_opensphere
14508,f9a78f112bb6d3ae0b337466d4311f8de2ffde29,ngageoint_opensphere
14509,f9a7cd02431cc9f9167ecc37506efefb6e2cb69e,ngageoint_opensphere
14510,f9a9986ef9164acc14c7a8776e2d3d528b1ee8dc,ngageoint_opensphere
14511,f9b7c0fae7235fc374018fcd091bb77f8b29a4cf,ngageoint_opensphere
14512,f9b9214016bb7361097b27fb5aa661f0ed409a92,ngageoint_opensphere
14513,f9bc666f72d6c848e7444c2938740d3176ca8ec7,ngageoint_opensphere
14514,f9bd62752a631fff1de2d6290fb0ee8f97aaf43e,ngageoint_opensphere
14515,f9bf1ccafae53f0722b18e138a750f3d909c84e1,ngageoint_opensphere
14516,f9c2afbdfce2c76558548d2eb3928245744a8628,ngageoint_opensphere
14517,f9cc154b43838198d457c3fb04d4fded2e6e1ab9,ngageoint_opensphere
14518,f9ce86055b4af4c5c7e8eac40d091b370001e472,ngageoint_opensphere
14519,f9d0f6766b6b5bdb8651385f0a9d91a6a9f9f6c4,ngageoint_opensphere
14520,f9dc8a826b6b37d59a917edb6383fabead29314a,ngageoint_opensphere
14521,f9dca494092c4f3a27336ffe914cd3665175c954,ngageoint_opensphere
14522,f9e3abda45cbbc0d0f2b4332971a7323a6f9da1c,ngageoint_opensphere
14523,f9e41464038a3a4c2cee290fcb71074814ee4ef5,ngageoint_opensphere
14524,f9eb4978efb44aca05f88c0ab838c24a6fed0f8c,ngageoint_opensphere
14525,f9ed0f8fa97fe90e720afae20b01ef60677b7881,ngageoint_opensphere
14526,f9f04f8ca7e9eaefca6e4f423449b6299a7af7f2,ngageoint_opensphere
14527,f9f1a1f249ea40906ae7567725b1839ac1c9bcb6,ngageoint_opensphere
14528,f9f22a412d89666fc8708b8e013efce10c95fab2,ngageoint_opensphere
14529,f9f2b0f4ccf355b600c0a49bb05a62c96603ad04,ngageoint_opensphere
14530,f9f41b7cad7149adc5255ce961328c7952cb1970,ngageoint_opensphere
14531,f9f45b25f90bca9947a784feb6c28acb8f182944,ngageoint_opensphere
14532,f9f8df39ee810f31614579d25c5427405d14376d,ngageoint_opensphere
14533,fa0047d2583d316e2b4a7706432396250968bf60,ngageoint_opensphere
14534,fa0737017322e3cde0b92c21a3d63d239ac391d1,ngageoint_opensphere
14535,fa08f04365f82e11e808c35ccb256edc0a5dd3d9,ngageoint_opensphere
14536,fa0aec609408e439fc02cff57fb24fa2745bef88,ngageoint_opensphere
14537,fa18446cc8e1b5060b41aeb679fb06c8692289ae,ngageoint_opensphere
14538,fa1ad03f34c80906741fe02aa433cd2c477bd375,ngageoint_opensphere
14539,fa22a53665f48fb53237187b0142700cb65f1cb6,ngageoint_opensphere
14540,fa257618939fbef5eab48fb9eefc68b922f9ab01,ngageoint_opensphere
14541,fa26e953cc75585f401df2144c29ef94f03a88d4,ngageoint_opensphere
14542,fa35ad934914252360700140506585ac7c89aa96,ngageoint_opensphere
14543,fa366d24dd9e717a63412bbf595070af04726f00,ngageoint_opensphere
14544,fa373208cf5e6b0161a683a5c40881cd54f28a15,ngageoint_opensphere
14545,fa38f3a13cdaf39827fff7b07093470e88352795,ngageoint_opensphere
14546,fa4426ad3c314646c348b4cd94211d930607a2bf,ngageoint_opensphere
14547,fa48dcb5da2c8d427939a413ac3d2bd537d9fb69,ngageoint_opensphere
14548,fa49c3ce2a181609c0d6020a95e877b3504d78f7,ngageoint_opensphere
14549,fa590e9ceaca0385c4dd0bde0b99cacc8033f54e,ngageoint_opensphere
14550,fa5b6ffba6418cd673498873734f404abae5c357,ngageoint_opensphere
14551,fa5fc8d89d4a45523a4dd9faad1f59cee7406239,ngageoint_opensphere
14552,fa66c1229743f57be35fb0fa0fc849d10634fd23,ngageoint_opensphere
14553,fa674c6590782b61d4e44df0882b1f6bbb6ac3bf,ngageoint_opensphere
14554,fa6a52f8c5ec9d123764d1444a42c580e3d8fd43,ngageoint_opensphere
14555,fa7709d988803ad540f3a7fa5179767bdeff98e5,ngageoint_opensphere
14556,fa7dd2fc85571e44c87be2851faf7bd8a58de113,ngageoint_opensphere
14557,fa80b32520cfd52d1e5698bd9f92e779dd735a9b,ngageoint_opensphere
14558,fa87f895002f35da08ed46cdfd5810f2239a9469,ngageoint_opensphere
14559,fa8f2ad3dfcfbec7e8cbc2e9ca675db4a8cb8fa5,ngageoint_opensphere
14560,fa990b6433863491835b4a587e4eb87c56abc311,ngageoint_opensphere
14561,fa9b827172183e2e13e881911628daf2ab3b6da4,ngageoint_opensphere
14562,fa9c276a68654d9a095c3d5926f97f324b6b19af,ngageoint_opensphere
14563,faa182c2e0f93d37ad9255a3fab9333594480b52,ngageoint_opensphere
14564,faa546a3e8879a7b7d0b058bd8fe5717ef0cfca8,ngageoint_opensphere
14565,faa8f3820dc1ea1a7ff881a1737ea5810744f9b5,ngageoint_opensphere
14566,fab1eee469527ce22c5468d0dfcea280537d7370,ngageoint_opensphere
14567,fab5e6396cc4d9abb4745504672170eede953673,ngageoint_opensphere
14568,fab8ed459f3842457f4568703656ed28209ad270,ngageoint_opensphere
14569,fab934c35278d86cc0b07cbdba0b518d1066081f,ngageoint_opensphere
14570,fabbf4da75b9a53751cbbb09bc4e1f693ba102d4,ngageoint_opensphere
14571,fabc8d78c9de98393ee8a5989142d9f8df131006,ngageoint_opensphere
14572,fabfc58bd5c84d99e55242bfca57907420a4ecb5,ngageoint_opensphere
14573,fac030bde5f71e1cb0febb0632084bd9cbf73bce,ngageoint_opensphere
14574,fac471870339189f5457a420022f8e1b7f195987,ngageoint_opensphere
14575,faccb3b28b7912bac32077800636471fa820e420,ngageoint_opensphere
14576,facff14adbacbf9f2946f6b09b8d71d9ec0060d6,ngageoint_opensphere
14577,fadaa74708ee6e69add6f62816e43d98539ebc53,ngageoint_opensphere
14578,fae5df942aee98e7e610a20a4b87fef8fe17f14d,ngageoint_opensphere
14579,fae7190d3935bb19dd0bc9527d6b38c81bf70f1a,ngageoint_opensphere
14580,faf2e9031101a24fb11f705d7ce21ad4ff78919e,ngageoint_opensphere
14581,fafb1e962be4fd7d2b706f4d7d080857a87803f0,ngageoint_opensphere
14582,fafd159c84e8dc3dc19ad32d83cce1fe4f6a53f0,ngageoint_opensphere
14583,fb042beb6711eb4b5d4bdbc13697c4cd333cc080,ngageoint_opensphere
14584,fb07c2c1440f7d920e76ca3a089b121e16158641,ngageoint_opensphere
14585,fb0dfa83b1cbad2c1a42d4b980428f43b83e0eb1,ngageoint_opensphere
14586,fb122c6bd30c2602374d5a6fc25eae11640c6db9,ngageoint_opensphere
14587,fb2143aa176f592ca5dc8c134096a8fcf6073cb2,ngageoint_opensphere
14588,fb2a5a3fb23823b6caa8777102e83ab91a2679a5,ngageoint_opensphere
14589,fb307cbb0533408154aeb232a03e28a00ba0075e,ngageoint_opensphere
14590,fb3dfaf99825cff5c48a8993a745fd867b4cf95b,ngageoint_opensphere
14591,fb3fab6a7a9de1d201d677f84a02eeb46c6f3ed4,ngageoint_opensphere
14592,fb42a28efa004697ca8b9aec26f17df3d1155082,ngageoint_opensphere
14593,fb44a30e81d749725c0d386d3ae12f45a730588b,ngageoint_opensphere
14594,fb46adcad6e5df6ba38a8c211bf6feb7e597c338,ngageoint_opensphere
14595,fb47e2158bec1691fcdfa7a8ecd80a1b3314fc1f,ngageoint_opensphere
14596,fb4d0973234cab47f2331eb834a4ae7006d347d7,ngageoint_opensphere
14597,fb548c7adb7638fbda4151601aa7461cc56957d5,ngageoint_opensphere
14598,fb577b814698e315d2e53fe14556e675e90e5fcd,ngageoint_opensphere
14599,fb5b439eb929d4df6c5c58754b350968a9fc532d,ngageoint_opensphere
14600,fb5cda4e32ab1ada721d87cf8b9fd3d01cb63efb,ngageoint_opensphere
14601,fb6579aa5b7a18c824bb6121ee1f88c48d91dff0,ngageoint_opensphere
14602,fb65c24b22122d79f5628de6cd46acda24c51ae2,ngageoint_opensphere
14603,fb664f86b7fe9c4df3f83c9dbe9cee679831e9da,ngageoint_opensphere
14604,fb68a9751490972105612fe2cf6d10df25a18ff2,ngageoint_opensphere
14605,fb6992c6b40d789aacf9e5b4d89235faa2ded2d0,ngageoint_opensphere
14606,fb6d2bead045f14b8b30f093388ff0e68d19a9d6,ngageoint_opensphere
14607,fb7634946ec70686744200ce5675c4d7fc8432da,ngageoint_opensphere
14608,fb775b583b25223e12b77a4b369023785ac22adb,ngageoint_opensphere
14609,fb79c35182905c7ee21e9adf333aa787517ff35a,ngageoint_opensphere
14610,fb7cd28999027d107913d4dc1bc8d94a04db5b51,ngageoint_opensphere
14611,fb7d0cedbe9f30f9b8a7e9cb03feef3513de2468,ngageoint_opensphere
14612,fb821c0bc8519b88c096355f518bcb0d6aae295e,ngageoint_opensphere
14613,fb848af6035fb21393ae27130e750f862485c479,ngageoint_opensphere
14614,fb851370af1e6b11e3da62c412390c7acefee4ce,ngageoint_opensphere
14615,fb86290fa72de1a0ee863f13671180c3656d831b,ngageoint_opensphere
14616,fb966174bda42feb788c87e74b59632f44011557,ngageoint_opensphere
14617,fbb1490cd68f8e8c872c7c63fb27da2c3a8943df,ngageoint_opensphere
14618,fbb48f8ca7fe4becceb267517e8b381ae7f49417,ngageoint_opensphere
14619,fbb82d8de86191a0161bee6b94e4682d8bd19751,ngageoint_opensphere
14620,fbb9444781b5da967187845a54d60d79b4ec055c,ngageoint_opensphere
14621,fbbdd4c8f97a10b8585a4684f1a407d0308f3dc7,ngageoint_opensphere
14622,fbc088add530cfad9b0f34e458a98792483fec58,ngageoint_opensphere
14623,fbc1301c92b3945b1ec880bb905f429014573b9e,ngageoint_opensphere
14624,fbc7069b90dc5144b7ab3f309585c23b4b1418e2,ngageoint_opensphere
14625,fbdb629d3161519ef4943c2b39f5e100c2bd81ac,ngageoint_opensphere
14626,fbdf3a007e96205f4e80c553e6734b65a400cc27,ngageoint_opensphere
14627,fbe0a3ef21e4460648021b1caac708ff09fbea8d,ngageoint_opensphere
14628,fbe86816a766e64a33bfd6309b8e12acd8a4dcd8,ngageoint_opensphere
14629,fbee0c5ef70422ea466e504e572876e3fdbf807d,ngageoint_opensphere
14630,fbf440fc9e405845cea6f8a95af37d57e9be9259,ngageoint_opensphere
14631,fbf676c87780bbd0d81382025dd66cafeefd5139,ngageoint_opensphere
14632,fbf68f908d57d92f17febedb4e94983981b38d60,ngageoint_opensphere
14633,fbfbb87585f978150eace6b7907605909c82b9ab,ngageoint_opensphere
14634,fbfdbd515126d1d9d5f43a1926ceaded6ce82f3a,ngageoint_opensphere
14635,fbfe266df7251a6c597a4d0ad3c4672ceaf71cbd,ngageoint_opensphere
14636,fc00b86f52b99736ae9756aa43af77aaadd08c92,ngageoint_opensphere
14637,fc08c633c22fe2c784f03f156263a49e58d3355e,ngageoint_opensphere
14638,fc1bef4d0d04574e525b0cfa0a2bedcd98b9ec17,ngageoint_opensphere
14639,fc2624a91e2629ca508681dc94c7aa8766e75506,ngageoint_opensphere
14640,fc2cad42769d6183ac65a68f5524c897caed8fd7,ngageoint_opensphere
14641,fc2d70f11ee9997b187b729a2f778da10182906c,ngageoint_opensphere
14642,fc310e1c0809aad8d2efadc101679fc8fe6b7085,ngageoint_opensphere
14643,fc311ba091a60e79226249e0bc136336b9285f44,ngageoint_opensphere
14644,fc31d325582fc615a9174c65c31d1c7203d016db,ngageoint_opensphere
14645,fc36f4562084ac47386180e01c37aaf36f18178f,ngageoint_opensphere
14646,fc37b414c2d2462231bbe315f8a7124782e2bebb,ngageoint_opensphere
14647,fc3a528186d3a7d533cf2b4b54162e1a6a4df376,ngageoint_opensphere
14648,fc3af9262f0a1ca98181b5f5452d87f80abc8959,ngageoint_opensphere
14649,fc3f4ad9c4acacd264044f75c60431608fd28ba4,ngageoint_opensphere
14650,fc406b2b173cda6a421afb966dbed218c3b899a5,ngageoint_opensphere
14651,fc413719b2a4aae340aa6bd76ec7d1b64a259aad,ngageoint_opensphere
14652,fc4f0cf64c802b43319e033c292f534583d7a635,ngageoint_opensphere
14653,fc5ff86d3b5a4dfbee6f0498da9aa8fa12b77840,ngageoint_opensphere
14654,fc609fb1612770f2d580903d8564cbce23391e66,ngageoint_opensphere
14655,fc66da8f9c9acd5bc8496c871e524e887147037b,ngageoint_opensphere
14656,fc6a30ae00b167a3c4c2add4eb735cf1297dc4af,ngageoint_opensphere
14657,fc6b6f48a7fca7d7899502bd569c2ef45b026452,ngageoint_opensphere
14658,fc6e13d2f29241a6e0c85d5c5d345b74e29a9f8a,ngageoint_opensphere
14659,fc709d43a18697fe8dbca5e0250ec1cdeadf7357,ngageoint_opensphere
14660,fc71ff254309f9bbc8566f826f2b70db7ed348c3,ngageoint_opensphere
14661,fc76a5378fb8c76d775acf02a9088979ad112a5f,ngageoint_opensphere
14662,fc81e04480da133efceafc47cdd279352ebc3608,ngageoint_opensphere
14663,fc834a62f88d74d15d9dbc3d8ca70e97cb809869,ngageoint_opensphere
14664,fc878cb60c8eee0848816bb2e7bdd316a722689f,ngageoint_opensphere
14665,fc8cb3bac6affc1f50928f53f2220bd883d75abc,ngageoint_opensphere
14666,fc930f8330be0ae87330d3bef65533c41818aaf9,ngageoint_opensphere
14667,fc98f79a79f22e4149c7703a94defa71e1f6c4ad,ngageoint_opensphere
14668,fc99cc28d001dd03e39429d3ec8a4c7fd0904d0b,ngageoint_opensphere
14669,fc9a1d58c990e6d8c9ad8d1bd356bdc1d355cfb5,ngageoint_opensphere
14670,fc9f8e71f6878d259f411f18b012c055ee3af410,ngageoint_opensphere
14671,fca435732f7b629bbd6af1e01e2d3fc22201278f,ngageoint_opensphere
14672,fca62cc494638d94dd36551c7db93e7c236ae3bc,ngageoint_opensphere
14673,fcb670479a353137ffb72d433cc9518cb0744bba,ngageoint_opensphere
14674,fcbe1b1005f313e712487b3158df599ebf248b87,ngageoint_opensphere
14675,fcbf4d6c025c696ea70798471401503a70e431a3,ngageoint_opensphere
14676,fcc5a7bdb1fb682bc738fa3cd9f67c41d9df4884,ngageoint_opensphere
14677,fcc8e082bc49af241578ae48ec06196aa3d2d967,ngageoint_opensphere
14678,fccdf8fe081c5aed20a598230d25a446af5fca70,ngageoint_opensphere
14679,fccf24a82c5dd8854716f2bb5f384bee2ae04f33,ngageoint_opensphere
14680,fcd3d5edb4969b9799a40237bddd2e9662ea8596,ngageoint_opensphere
14681,fce117e5b53168e7ef3548f1dd1ab9d34e9229a3,ngageoint_opensphere
14682,fce2bd09566d2415a6cbd393ff74a96a6bd74ff0,ngageoint_opensphere
14683,fce2c9eb5cce8e1fc7fc6af16cfc19c1317678c4,ngageoint_opensphere
14684,fce6aa4bb2e818ab6cd824748e74139276acb11f,ngageoint_opensphere
14685,fce734362506be46aeed2faa13ad586c7d32adfb,ngageoint_opensphere
14686,fce8300b6926508364460b53231d16509f49da22,ngageoint_opensphere
14687,fce9f9b51e587c2fe9581237446f5918d3dccf54,ngageoint_opensphere
14688,fcec9256fc2c1895f214bee50a2e4ce4bc11cc28,ngageoint_opensphere
14689,fced300df6c4c78f3853ab396599f816f575de92,ngageoint_opensphere
14690,fcf0e34718d492f2f4692015ab4d8f01679c31f0,ngageoint_opensphere
14691,fcf4dce189d543781f5243da947e3d0f92bf8e9d,ngageoint_opensphere
14692,fcf66e8c01e14b1737aecd33213e6cba34629be2,ngageoint_opensphere
14693,fcfa22c12a64f5a588a37638f293410d9f595173,ngageoint_opensphere
14694,fd065fb54097a748fca36990a8664a5dbc6fcf65,ngageoint_opensphere
14695,fd0990842710e4125959809808711609dcf18968,ngageoint_opensphere
14696,fd09b9a8f5f459ecab9d3ecf4133ca1fc77e6b60,ngageoint_opensphere
14697,fd0ab6f04676d8d2d01c6e76ddab1670c9896c24,ngageoint_opensphere
14698,fd115e9d59ddecc47626ad0e2c244d6ad9605e7c,ngageoint_opensphere
14699,fd1327d23752a7af40c75a6d82a770278d8b4554,ngageoint_opensphere
14700,fd13c98573ffbe20a8ad06ecf708dca99947c4c9,ngageoint_opensphere
14701,fd2044689eea01ef8c01385bdc9eb1ae2586b869,ngageoint_opensphere
14702,fd240c33f07627d58fa79b0c5f63158b2832c550,ngageoint_opensphere
14703,fd2a292f609e3d0b9de65584596e403b74e4a083,ngageoint_opensphere
14704,fd2ac32b0309996d4acc2fc34a2e9986bfa4ee3b,ngageoint_opensphere
14705,fd2afb0f3fe4e582f43b10f28178b96d101a74f0,ngageoint_opensphere
14706,fd2b5644b07e3fb24234542998275cf5899289bf,ngageoint_opensphere
14707,fd2bb7c8c690a3391a876df5ffd8c29b21cccdce,ngageoint_opensphere
14708,fd2ca8d880ee7473df1a9b8cd59caa295490bf12,ngageoint_opensphere
14709,fd3fb7b1f2cc799d4f6d7b49c29dfc7419e23904,ngageoint_opensphere
14710,fd420c3cf14fd6d1f7f6261d70b1cb5f6c6e6938,ngageoint_opensphere
14711,fd428f561c24e25221323635f7cc8957c6143995,ngageoint_opensphere
14712,fd43e42ef8d573abf0be0ba8741f9528646e01fb,ngageoint_opensphere
14713,fd46c5c22f4991b34b33872d204c42dc9ddc7ae4,ngageoint_opensphere
14714,fd48612eeed93c5aefc8a5f276afc8eaadd04744,ngageoint_opensphere
14715,fd4b1ccd8cf3a646d8c81dab6748b5f2067d27c1,ngageoint_opensphere
14716,fd5989b83a6b8a5ba4454a74cd0b26288dfadab0,ngageoint_opensphere
14717,fd5d7e0f2339ded6c42eac2b2fc9868a0420ed47,ngageoint_opensphere
14718,fd5df9844cae7aaee5e05ea3f6ee1025b9a9b12e,ngageoint_opensphere
14719,fd69cab1aaea63a68c6d6a20700305fd916363cc,ngageoint_opensphere
14720,fd702374ca49977062b67a7feb0eedeedf465b09,ngageoint_opensphere
14721,fd723cf53a4ed193450c1ee02d6403ad0d1cd8be,ngageoint_opensphere
14722,fd7520d183feba4a1b2b96969362cc895c8de8cc,ngageoint_opensphere
14723,fd7f3a45cd9e46ddfaec21479acf48179ae77407,ngageoint_opensphere
14724,fd8145d6152b31b3d5f2208f4f0d93049d807f02,ngageoint_opensphere
14725,fd8145ddf812f489df49915dc9c989a500302acd,ngageoint_opensphere
14726,fd82aecdad378cfea4d367ee95e916a296ee5f34,ngageoint_opensphere
14727,fd8399552e06553d7553ef441c4234b25312dce4,ngageoint_opensphere
14728,fd86264edf447e6b3a8ea5040e7087a122f46b38,ngageoint_opensphere
14729,fd928e91dcca1ca0481294137c66f61dea4ec171,ngageoint_opensphere
14730,fd942909521b8a31dc4505ae28204947459806af,ngageoint_opensphere
14731,fda1c99ba2a12ebb7aff64e372683df8b63d10a7,ngageoint_opensphere
14732,fda55745a494fd05a116870356d6cdb65f1df955,ngageoint_opensphere
14733,fda6c4c720a0aef08c552e2ab5fd55382e07dc7f,ngageoint_opensphere
14734,fdab4b1f473ed30c07b7364289adf1772c4cca24,ngageoint_opensphere
14735,fdaca4631b9080b32208badb40f3767dbe58cc46,ngageoint_opensphere
14736,fdad8575b7cba714cb84c95c378d582048630ff1,ngageoint_opensphere
14737,fdafb3a7ae743fa5aaf7d157de476cb27291ba2a,ngageoint_opensphere
14738,fdb372bbeb8633c2148f4f3437b7153abca7e864,ngageoint_opensphere
14739,fdb401dd4d06f8188ae0c8ec2a8e756e330b61b8,ngageoint_opensphere
14740,fdb5bbbbb57d0a6be37fdfba80ac0c3beb1f2889,ngageoint_opensphere
14741,fdc36b684653c60ae3b30400a18cb0f32eb4df1f,ngageoint_opensphere
14742,fdc7c5c4a008a6a93a204ba277fc2ae59ce41707,ngageoint_opensphere
14743,fdc9dccab58a35c626fa9a414bc06b5f0cc5d30f,ngageoint_opensphere
14744,fdcea3389a0c8d331413799314a064d3f94f615c,ngageoint_opensphere
14745,fdced6501572d52b97d6f7d46aaf522081a953e9,ngageoint_opensphere
14746,fdd13ba287d9eb259bf4012f5bc56aface86a68d,ngageoint_opensphere
14747,fddb226643192dc8c099e1f88ba391e2e60ca4b9,ngageoint_opensphere
14748,fddb97586eeda1ffb318c2b60344f493deac3bb5,ngageoint_opensphere
14749,fdde10b7b79311eac2a718fbcd84d87ca53e4c3f,ngageoint_opensphere
14750,fddf518a82ab0cc23fdf88a03d3c28be6d7adde5,ngageoint_opensphere
14751,fde56df26f99ba6894179e90aa17b456e81d61bd,ngageoint_opensphere
14752,fde583a7771888d91d7dee70f8916136b1d9da34,ngageoint_opensphere
14753,fde69cf373ee89d2d2ad188ff75fd850b21f522d,ngageoint_opensphere
14754,fdecfd5215cd8e4a6864232734eae3013820981b,ngageoint_opensphere
14755,fdeffff3dc9d6c12d1732e0c06b45490d6b89bd5,ngageoint_opensphere
14756,fdf586f456a52515804c9860ecc8eb84a13d11a3,ngageoint_opensphere
14757,fdf6767b0416bb18c35e457bc60eebc5e782c978,ngageoint_opensphere
14758,fdfa0c2b2588bdfb78948ce7f54ba1cd3ff0e9dd,ngageoint_opensphere
14759,fdfe8b040af846f908189447cb13e3e985042bd3,ngageoint_opensphere
14760,fdfe92bf1b02ce8638fa94d82d2dd4ee10306957,ngageoint_opensphere
14761,fe08a5610e2c21b0615b165d046b8ee4e1532a1d,ngageoint_opensphere
14762,fe09bd714d3523e9493bcb01505a99c144912d0b,ngageoint_opensphere
14763,fe0bf06fc0d6724ae4a2d591d5f901971208edfc,ngageoint_opensphere
14764,fe0f63b566f589589361462ba705acfaa2a7b182,ngageoint_opensphere
14765,fe1210be30c586a390cf71ff60cc28e6ca8a7945,ngageoint_opensphere
14766,fe1a81b8ce4a3ce7ee5398ad226a6657fd762d8e,ngageoint_opensphere
14767,fe1ddff92cfe020bfa25920600aa99b9fc3b8057,ngageoint_opensphere
14768,fe20c75a3accb7aaea7da2970addeab3cce70638,ngageoint_opensphere
14769,fe2e7cfa6a46b7e5ab9d5bc1aad0e94132b58254,ngageoint_opensphere
14770,fe30f737c6c1ddffe1d98523930d89b03e5bb9c5,ngageoint_opensphere
14771,fe490ce5dfba15f3b6ff68c60302fe6f9bc7f865,ngageoint_opensphere
14772,fe4a1475d4618d98805e48d239066e770ad02baa,ngageoint_opensphere
14773,fe55f2836431e8ee85fe316fabee8a8237b06bf0,ngageoint_opensphere
14774,fe57bae288688b5289d856e75279ee7097a6962e,ngageoint_opensphere
14775,fe5a0236c92fb0124cb84a908235020e97e027d0,ngageoint_opensphere
14776,fe64ed7fbad495054f118db1a29c4bdf8377644f,ngageoint_opensphere
14777,fe67593b496e50872e19f3a94a95c0c3796f5f41,ngageoint_opensphere
14778,fe69e1da384c733094e0cb489d73695cf8f4c0c5,ngageoint_opensphere
14779,fe7048c8f5fc1cd570e69becb4d2dd377f10ecb4,ngageoint_opensphere
14780,fe76b87651f883c6a3dff2276f9f305afb00d7da,ngageoint_opensphere
14781,fe79c022c829846294e379b01e3e437a998e2d40,ngageoint_opensphere
14782,fe7c2b0d954872fdb51141a823eec3af5f277a34,ngageoint_opensphere
14783,fe7e31ddfde143cadf7bf04344e723f314fab04b,ngageoint_opensphere
14784,fe855e75c1534f67f7d3c6930f6c5a1d7c26ef5f,ngageoint_opensphere
14785,fe865502f95e5f7d2eeb7d8f4736a66b8542fb3e,ngageoint_opensphere
14786,fe880dad7e2715a42e08f2f8412afc1c3e554283,ngageoint_opensphere
14787,fe88fd2a02cd5f52c5c123a6b43acbfb11d16634,ngageoint_opensphere
14788,fe8c3a31af46c834cc9261451cad1dfdf0db2944,ngageoint_opensphere
14789,fe8f5387a19b64da4035dd00749ea776a4d66494,ngageoint_opensphere
14790,fe972c69b51dbf3158267103f84162f5d3733620,ngageoint_opensphere
14791,fe98460c40fa4cc62f10fee8258ab4c2c6680bec,ngageoint_opensphere
14792,fe9e5df700e2af2825d304571ab8249ea1ce9938,ngageoint_opensphere
14793,fe9f2c31c4e0dc5703f325e3dfcdc9b6699fbacf,ngageoint_opensphere
14794,fea58f0cc7438bd86502d390052bb63136894a52,ngageoint_opensphere
14795,feafa6808586ed54172773da244ec5b2b589a257,ngageoint_opensphere
14796,feb131e8f2114f0c6ad0566fe057e774206b835e,ngageoint_opensphere
14797,feb357ddb918c90dfb2cede6081baa9bec480125,ngageoint_opensphere
14798,feb445b6ee4a3b4de7754813c5bd158a56069d25,ngageoint_opensphere
14799,febef6927e31735ca9d2960d2dac3fcda35dfa88,ngageoint_opensphere
14800,febffc535edb425be2c23e4d16134f1298584093,ngageoint_opensphere
14801,fec2483bd1f88e5a4f31b520cf90d9847bd55c93,ngageoint_opensphere
14802,fec4499e27c3624fafe778142e9bee813cdd3da7,ngageoint_opensphere
14803,feca6829f8c36a503e94ec1233941d27dcf54cdd,ngageoint_opensphere
14804,fece3df10f8a283d08cb771a5a403cca69895203,ngageoint_opensphere
14805,fed10d002a071658aeb10ac74cc74a9d2251aa41,ngageoint_opensphere
14806,fee0de2f83c616f5191211e7ee84339c5dd92384,ngageoint_opensphere
14807,fee10ee703341de2476de8797bdaf7a87c070689,ngageoint_opensphere
14808,feea062d89d60e5651e78f8e685299663f569a78,ngageoint_opensphere
14809,fef084e1cd045eb636c30269988c38e0eb027154,ngageoint_opensphere
14810,fef2b7720e61a92f9a7d712c227d134ab4d16bd4,ngageoint_opensphere
14811,fef5dae3fd55aaeba2f22f0abd08dce37318e1e3,ngageoint_opensphere
14812,fef5f3941e55168e535d40d540ac0c096b424912,ngageoint_opensphere
14813,fefd404c2e848fef322c51623670176440bbd7e5,ngageoint_opensphere
14814,ff0606fa8d2785674294d7783d874c8a39c2d03d,ngageoint_opensphere
14815,ff1acce5d22abfc310788c19229ed1ee2496bcd2,ngageoint_opensphere
14816,ff1bb4eb44d4505d42cb3c3a915af6ff07e522d6,ngageoint_opensphere
14817,ff250f8fea0341ca37164a7f2d249e7d6bf5f1c2,ngageoint_opensphere
14818,ff298dbb49aa4987c4fec5a70db994a937d7f795,ngageoint_opensphere
14819,ff2aff43834094f3d1fe7691b5abf09fa95968fe,ngageoint_opensphere
14820,ff344b76c5cb009ef3be4d112f89ecec765dd164,ngageoint_opensphere
14821,ff3628727b168ff492e01b3797cd7c2d16a10ff1,ngageoint_opensphere
14822,ff39454cb0ccb8769d447986a7225884666f379d,ngageoint_opensphere
14823,ff3bb317879dc82ef3f297ba162b8faf22d66553,ngageoint_opensphere
14824,ff3c2fc73bc9849ebe2d82d00c2f4de1cf804524,ngageoint_opensphere
14825,ff3dca1098ed07814c9163d7f33ef5a7d0693cda,ngageoint_opensphere
14826,ff4040abba3eeb7b39de06b14f901e2e7dd24db6,ngageoint_opensphere
14827,ff4379d418c8013e2fea40da5716037f5265a83e,ngageoint_opensphere
14828,ff5a11e9bdb99db213aa851f6303dea1da9eac7a,ngageoint_opensphere
14829,ff5b79d555ad6395ec9c067105b708e8d657ec08,ngageoint_opensphere
14830,ff5ddaede6c427bb2aa61e6369979650dda40535,ngageoint_opensphere
14831,ff5e7b038d3d4d2911ecb6d6777e4d3f4bd31bb2,ngageoint_opensphere
14832,ff6516e37c8690e27e4eb08611310669774479ba,ngageoint_opensphere
14833,ff682f5747343bb6fc118cd8330f3132aa116da5,ngageoint_opensphere
14834,ff763c4e1746ff30ebf1be153cb37d4f213ce40e,ngageoint_opensphere
14835,ff788cbbc066a6e48a6f4a9b13011ad78ff27225,ngageoint_opensphere
14836,ff821d85349354ae1b4c767d415bafb63b736622,ngageoint_opensphere
14837,ff871d2c0bc47b794e7a7acfc8d973e97ac2ab65,ngageoint_opensphere
14838,ff935375ea15155fe95c9f25d9c57e53cc4b7c20,ngageoint_opensphere
14839,ff9b85d7b3dab3097aae1ba07e3bfb420602288e,ngageoint_opensphere
14840,ffa4b65ca036792028a0515b49cec2377740133f,ngageoint_opensphere
14841,ffa53f4c311a597bca6d6421c01270cdc40894b4,ngageoint_opensphere
14842,ffa76203e54bad3aa13705e1868bb8c2058a0f24,ngageoint_opensphere
14843,ffae1ee1510c4382cd2a6a504996089ef6b739f9,ngageoint_opensphere
14844,ffb4eb9bc2cf6ebb5297472b5c3c07776902bf8b,ngageoint_opensphere
14845,ffb6725f540ac74e6793afdd65c0cd02c47f7241,ngageoint_opensphere
14846,ffb68acf242a3dc794011ffc0a08de21907d37d5,ngageoint_opensphere
14847,ffbd0a13220060c1cb69361f5fa7175cb1cecf5f,ngageoint_opensphere
14848,ffbda88218e85f36ffe05f1f657940b19d7e5f57,ngageoint_opensphere
14849,ffd15e87e745f07dddc003364a91762f461003e5,ngageoint_opensphere
14850,ffe17d92fee41e95c33871b6c39abf27e76c3ee0,ngageoint_opensphere
14851,ffee9cdf3fd9e40c49a8caf53c25b2333c1cc904,ngageoint_opensphere
14852,fff090eca3b08af5f36cf5a4a5b0839fcb06525a,ngageoint_opensphere
14853,fff2bf467d72f485db36e93dc2208d5bac3a02e2,ngageoint_opensphere
14854,fff382069b8e5f3ec22adc406dd875ed2a4e0fd9,ngageoint_opensphere
14855,fff425fe0342dde9f1a670c4930908e13d6a250d,ngageoint_opensphere
